0 verbose cli /usr/local/share/fnm/node-versions/v26.3.1/installation/bin/node /usr/local/share/fnm/node-versions/v26.3.1/installation/bin/npm
1 info using npm@11.16.0
2 info using node@v26.3.1
3 silly config load:file:/usr/local/share/fnm/node-versions/v26.3.1/installation/lib/node_modules/npm/npmrc
4 silly config load:file:/workspace/.tmp0kFeCW/ui/.npmrc
5 silly config load:file:/workspace/.tmp0kFeCW/.npmrc
6 silly config load:file:/usr/local/share/fnm/node-versions/v26.3.1/installation/etc/npmrc
7 verbose title npm install
8 verbose argv "install"
9 verbose logfile logs-max:10 dir:/workspace/.tmp0kFeCW/.npm/_logs/2026-06-20T13_47_30_594Z-
10 verbose logfile /workspace/.tmp0kFeCW/.npm/_logs/2026-06-20T13_47_30_594Z-debug-0.log
11 silly logfile done cleaning log files
12 silly packumentCache heap:4395630592 maxSize:1098907648 maxEntrySize:549453824
13 silly idealTree buildDeps
14 silly reify moves {}
15 http fetch GET 200 https://registry.npmjs.org/npm 1416ms
16 silly audit bulk request {
16 silly audit   '@adobe/css-tools': [ '4.5.0' ],
16 silly audit   '@ai-sdk/gateway': [ '3.0.133' ],
16 silly audit   '@ai-sdk/provider': [ '3.0.10' ],
16 silly audit   '@ai-sdk/provider-utils': [ '4.0.30' ],
16 silly audit   '@antfu/install-pkg': [ '1.1.0' ],
16 silly audit   '@antfu/ni': [ '25.0.0' ],
16 silly audit   '@apidevtools/json-schema-ref-parser': [ '11.9.3' ],
16 silly audit   '@asamuzakjp/css-color': [ '5.1.11' ],
16 silly audit   '@asamuzakjp/dom-selector': [ '7.1.1' ],
16 silly audit   'css-tree': [ '3.2.1', '3.1.0' ],
16 silly audit   'mdn-data': [ '2.27.1', '2.12.2' ],
16 silly audit   '@asamuzakjp/generational-cache': [ '1.0.1' ],
16 silly audit   '@asamuzakjp/nwsapi': [ '2.3.9' ],
16 silly audit   '@babel/code-frame': [ '7.29.7' ],
16 silly audit   '@babel/compat-data': [ '7.29.7' ],
16 silly audit   '@babel/core': [ '7.29.7' ],
16 silly audit   '@babel/generator': [ '7.29.7' ],
16 silly audit   '@babel/helper-annotate-as-pure': [ '7.29.7' ],
16 silly audit   '@babel/helper-compilation-targets': [ '7.29.7' ],
16 silly audit   '@babel/helper-create-class-features-plugin': [ '7.29.7' ],
16 silly audit   '@babel/helper-globals': [ '7.29.7' ],
16 silly audit   '@babel/helper-member-expression-to-functions': [ '7.29.7' ],
16 silly audit   '@babel/helper-module-imports': [ '7.29.7' ],
16 silly audit   '@babel/helper-module-transforms': [ '7.29.7' ],
16 silly audit   '@babel/helper-optimise-call-expression': [ '7.29.7' ],
16 silly audit   '@babel/helper-plugin-utils': [ '7.29.7' ],
16 silly audit   '@babel/helper-replace-supers': [ '7.29.7' ],
16 silly audit   '@babel/helper-skip-transparent-expression-wrappers': [ '7.29.7' ],
16 silly audit   '@babel/helper-string-parser': [ '7.29.7' ],
16 silly audit   '@babel/helper-validator-identifier': [ '7.29.7' ],
16 silly audit   '@babel/helper-validator-option': [ '7.29.7' ],
16 silly audit   '@babel/helpers': [ '7.29.7' ],
16 silly audit   '@babel/parser': [ '7.29.7' ],
16 silly audit   '@babel/plugin-syntax-jsx': [ '7.29.7' ],
16 silly audit   '@babel/plugin-syntax-typescript': [ '7.29.7' ],
16 silly audit   '@babel/plugin-transform-modules-commonjs': [ '7.29.7' ],
16 silly audit   '@babel/plugin-transform-react-jsx-self': [ '7.29.7' ],
16 silly audit   '@babel/plugin-transform-react-jsx-source': [ '7.29.7' ],
16 silly audit   '@babel/plugin-transform-typescript': [ '7.29.7' ],
16 silly audit   '@babel/preset-typescript': [ '7.29.7' ],
16 silly audit   '@babel/runtime': [ '7.29.7' ],
16 silly audit   '@babel/template': [ '7.29.7' ],
16 silly audit   '@babel/traverse': [ '7.29.7' ],
16 silly audit   '@babel/types': [ '7.29.7' ],
16 silly audit   '@base-ui/react': [ '1.6.0' ],
16 silly audit   '@base-ui/utils': [ '0.3.1' ],
16 silly audit   '@braintree/sanitize-url': [ '7.1.2' ],
16 silly audit   '@bramus/specificity': [ '2.4.2' ],
16 silly audit   '@chevrotain/types': [ '11.1.2' ],
16 silly audit   '@csstools/color-helpers': [ '6.0.2' ],
16 silly audit   '@csstools/css-calc': [ '3.2.1' ],
16 silly audit   '@csstools/css-color-parser': [ '4.1.7' ],
16 silly audit   '@csstools/css-parser-algorithms': [ '4.0.0' ],
16 silly audit   '@csstools/css-tokenizer': [ '4.0.0' ],
16 silly audit   '@dotenvx/dotenvx': [ '1.73.1' ],
16 silly audit   commander: [ '11.1.0', '8.3.0', '7.2.0', '14.0.3' ],
16 silly audit   'define-lazy-prop': [ '2.0.0', '3.0.0' ],
16 silly audit   execa: [ '5.1.1', '9.6.1' ],
16 silly audit   'get-stream': [ '6.0.1', '9.0.1' ],
16 silly audit   'human-signals': [ '2.1.0', '8.0.1' ],
16 silly audit   'is-docker': [ '2.2.1', '3.0.0' ],
16 silly audit   'is-stream': [ '2.0.1', '4.0.1' ],
16 silly audit   'is-wsl': [ '2.2.0', '3.1.1' ],
16 silly audit   isexe: [ '3.1.5', '2.0.0' ],
16 silly audit   'npm-run-path': [ '4.0.1', '6.0.0' ],
16 silly audit   open: [ '8.4.2', '11.0.0' ],
16 silly audit   'signal-exit': [ '3.0.7', '4.1.0' ],
16 silly audit   'strip-final-newline': [ '2.0.0', '4.0.0' ],
16 silly audit   which: [ '4.0.0', '2.0.2' ],
16 silly audit   '@ecies/ciphers': [ '0.2.6' ],
16 silly audit   '@emnapi/runtime': [ '1.11.1' ],
16 silly audit   '@esbuild/aix-ppc64': [ '0.25.12', '0.28.1', '0.27.7' ],
16 silly audit   '@esbuild/android-arm': [ '0.25.12', '0.28.1', '0.27.7' ],
16 silly audit   '@esbuild/android-arm64': [ '0.25.12', '0.28.1', '0.27.7' ],
16 silly audit   '@esbuild/android-x64': [ '0.25.12', '0.28.1', '0.27.7' ],
16 silly audit   '@esbuild/darwin-arm64': [ '0.25.12', '0.28.1', '0.27.7' ],
16 silly audit   '@esbuild/darwin-x64': [ '0.25.12', '0.28.1', '0.27.7' ],
16 silly audit   '@esbuild/freebsd-arm64': [ '0.25.12', '0.28.1', '0.27.7' ],
16 silly audit   '@esbuild/freebsd-x64': [ '0.25.12', '0.28.1', '0.27.7' ],
16 silly audit   '@esbuild/linux-arm': [ '0.25.12', '0.28.1', '0.27.7' ],
16 silly audit   '@esbuild/linux-arm64': [ '0.25.12', '0.28.1', '0.27.7' ],
16 silly audit   '@esbuild/linux-ia32': [ '0.25.12', '0.28.1', '0.27.7' ],
16 silly audit   '@esbuild/linux-loong64': [ '0.25.12', '0.28.1', '0.27.7' ],
16 silly audit   '@esbuild/linux-mips64el': [ '0.25.12', '0.28.1', '0.27.7' ],
16 silly audit   '@esbuild/linux-ppc64': [ '0.25.12', '0.28.1', '0.27.7' ],
16 silly audit   '@esbuild/linux-riscv64': [ '0.25.12', '0.28.1', '0.27.7' ],
16 silly audit   '@esbuild/linux-s390x': [ '0.25.12', '0.28.1', '0.27.7' ],
16 silly audit   '@esbuild/linux-x64': [ '0.25.12', '0.28.1', '0.27.7' ],
16 silly audit   '@esbuild/netbsd-arm64': [ '0.25.12', '0.28.1', '0.27.7' ],
16 silly audit   '@esbuild/netbsd-x64': [ '0.25.12', '0.28.1', '0.27.7' ],
16 silly audit   '@esbuild/openbsd-arm64': [ '0.25.12', '0.28.1', '0.27.7' ],
16 silly audit   '@esbuild/openbsd-x64': [ '0.25.12', '0.28.1', '0.27.7' ],
16 silly audit   '@esbuild/openharmony-arm64': [ '0.25.12', '0.28.1', '0.27.7' ],
16 silly audit   '@esbuild/sunos-x64': [ '0.25.12', '0.28.1', '0.27.7' ],
16 silly audit   '@esbuild/win32-arm64': [ '0.25.12', '0.28.1', '0.27.7' ],
16 silly audit   '@esbuild/win32-ia32': [ '0.25.12', '0.28.1', '0.27.7' ],
16 silly audit   '@esbuild/win32-x64': [ '0.25.12', '0.28.1', '0.27.7' ],
16 silly audit   '@eslint-community/eslint-utils': [ '4.9.1' ],
16 silly audit   'eslint-visitor-keys': [ '3.4.3', '5.0.1', '4.2.1' ],
16 silly audit   '@eslint-community/regexpp': [ '4.12.2' ],
16 silly audit   '@eslint/config-array': [ '0.21.2' ],
16 silly audit   '@eslint/config-helpers': [ '0.4.2' ],
16 silly audit   '@eslint/core': [ '0.17.0' ],
16 silly audit   '@eslint/eslintrc': [ '3.3.5' ],
16 silly audit   ajv: [ '6.15.0', '8.20.0' ],
16 silly audit   globals: [ '14.0.0', '17.6.0' ],
16 silly audit   'json-schema-traverse': [ '0.4.1', '1.0.0' ],
16 silly audit   '@eslint/js': [ '9.39.4' ],
16 silly audit   '@eslint/object-schema': [ '2.1.7' ],
16 silly audit   '@eslint/plugin-kit': [ '0.4.1' ],
16 silly audit   '@exodus/bytes': [ '1.15.1' ],
16 silly audit   '@floating-ui/core': [ '1.7.5' ],
16 silly audit   '@floating-ui/dom': [ '1.7.6' ],
16 silly audit   '@floating-ui/react-dom': [ '2.1.8' ],
16 silly audit   '@floating-ui/utils': [ '0.2.11' ],
16 silly audit   '@fontsource-variable/geist': [ '5.2.9' ],
16 silly audit   '@fontsource-variable/geist-mono': [ '5.2.8' ],
16 silly audit   '@hono/node-server': [ '1.19.14' ],
16 silly audit   '@hugeicons/core-free-icons': [ '3.3.0' ],
16 silly audit   '@hugeicons/react': [ '1.1.7' ],
16 silly audit   '@humanfs/core': [ '0.19.2' ],
16 silly audit   '@humanfs/node': [ '0.16.8' ],
16 silly audit   '@humanfs/types': [ '0.15.0' ],
16 silly audit   '@humanwhocodes/module-importer': [ '1.0.1' ],
16 silly audit   '@humanwhocodes/retry': [ '0.4.3' ],
16 silly audit   '@iconify/types': [ '2.0.0' ],
16 silly audit   '@iconify/utils': [ '3.1.3' ],
16 silly audit   '@img/colour': [ '1.1.0' ],
16 silly audit   '@img/sharp-darwin-arm64': [ '0.34.5' ],
16 silly audit   '@img/sharp-darwin-x64': [ '0.34.5' ],
16 silly audit   '@img/sharp-libvips-darwin-arm64': [ '1.2.4' ],
16 silly audit   '@img/sharp-libvips-darwin-x64': [ '1.2.4' ],
16 silly audit   '@img/sharp-libvips-linux-arm': [ '1.2.4' ],
16 silly audit   '@img/sharp-libvips-linux-arm64': [ '1.2.4' ],
16 silly audit   '@img/sharp-libvips-linux-ppc64': [ '1.2.4' ],
16 silly audit   '@img/sharp-libvips-linux-riscv64': [ '1.2.4' ],
16 silly audit   '@img/sharp-libvips-linux-s390x': [ '1.2.4' ],
16 silly audit   '@img/sharp-libvips-linux-x64': [ '1.2.4' ],
16 silly audit   '@img/sharp-libvips-linuxmusl-arm64': [ '1.2.4' ],
16 silly audit   '@img/sharp-libvips-linuxmusl-x64': [ '1.2.4' ],
16 silly audit   '@img/sharp-linux-arm': [ '0.34.5' ],
16 silly audit   '@img/sharp-linux-arm64': [ '0.34.5' ],
16 silly audit   '@img/sharp-linux-ppc64': [ '0.34.5' ],
16 silly audit   '@img/sharp-linux-riscv64': [ '0.34.5' ],
16 silly audit   '@img/sharp-linux-s390x': [ '0.34.5' ],
16 silly audit   '@img/sharp-linux-x64': [ '0.34.5' ],
16 silly audit   '@img/sharp-linuxmusl-arm64': [ '0.34.5' ],
16 silly audit   '@img/sharp-linuxmusl-x64': [ '0.34.5' ],
16 silly audit   '@img/sharp-wasm32': [ '0.34.5' ],
16 silly audit   '@img/sharp-win32-arm64': [ '0.34.5' ],
16 silly audit   '@img/sharp-win32-ia32': [ '0.34.5' ],
16 silly audit   '@img/sharp-win32-x64': [ '0.34.5' ],
16 silly audit   '@inquirer/ansi': [ '2.0.7' ],
16 silly audit   '@inquirer/confirm': [ '6.1.1' ],
16 silly audit   '@inquirer/core': [ '11.2.1' ],
16 silly audit   '@inquirer/figures': [ '2.0.7' ],
16 silly audit   '@inquirer/type': [ '4.0.7' ],
16 silly audit   '@isaacs/cliui': [ '8.0.2' ],
16 silly audit   '@joshwooding/vite-plugin-react-docgen-typescript': [ '0.6.1' ],
16 silly audit   '@jridgewell/gen-mapping': [ '0.3.13' ],
16 silly audit   '@jridgewell/remapping': [ '2.3.5' ],
16 silly audit   '@jridgewell/resolve-uri': [ '3.1.2' ],
16 silly audit   '@jridgewell/sourcemap-codec': [ '1.5.5' ],
16 silly audit   '@jridgewell/trace-mapping': [ '0.3.31' ],
16 silly audit   '@jsdevtools/ono': [ '7.1.3' ],
16 silly audit   '@mdx-js/react': [ '3.1.1' ],
16 silly audit   '@mermaid-js/parser': [ '1.1.1' ],
16 silly audit   '@modelcontextprotocol/sdk': [ '1.29.0' ],
16 silly audit   '@mswjs/interceptors': [ '0.41.9' ],
16 silly audit   '@open-draft/deferred-promise': [ '2.2.0', '3.0.0' ],
16 silly audit   '@next/env': [ '16.2.9' ],
16 silly audit   '@next/swc-darwin-arm64': [ '16.2.9' ],
16 silly audit   '@next/swc-darwin-x64': [ '16.2.9' ],
16 silly audit   '@next/swc-linux-arm64-gnu': [ '16.2.9' ],
16 silly audit   '@next/swc-linux-arm64-musl': [ '16.2.9' ],
16 silly audit   '@next/swc-linux-x64-gnu': [ '16.2.9' ],
16 silly audit   '@next/swc-linux-x64-musl': [ '16.2.9' ],
16 silly audit   '@next/swc-win32-arm64-msvc': [ '16.2.9' ],
16 silly audit   '@next/swc-win32-x64-msvc': [ '16.2.9' ],
16 silly audit   '@nivo/annotations': [ '0.99.0' ],
16 silly audit   '@nivo/axes': [ '0.99.0' ],
16 silly audit   '@nivo/bar': [ '0.99.0' ],
16 silly audit   '@nivo/canvas': [ '0.99.0' ],
16 silly audit   '@nivo/colors': [ '0.99.0' ],
16 silly audit   '@nivo/core': [ '0.99.0' ],
16 silly audit   '@nivo/legends': [ '0.99.0' ],
16 silly audit   '@nivo/line': [ '0.99.0' ],
16 silly audit   '@nivo/radar': [ '0.99.0' ],
16 silly audit   '@nivo/scales': [ '0.99.0' ],
16 silly audit   '@types/d3-time-format': [ '3.0.4', '2.3.4' ],
16 silly audit   '@nivo/text': [ '0.99.0' ],
16 silly audit   '@nivo/theming': [ '0.99.0' ],
16 silly audit   '@nivo/tooltip': [ '0.99.0' ],
16 silly audit   '@nivo/voronoi': [ '0.99.0' ],
16 silly audit   '@noble/ciphers': [ '1.3.0' ],
16 silly audit   '@noble/curves': [ '1.9.7' ],
16 silly audit   '@noble/hashes': [ '1.8.0' ],
16 silly audit   '@nodelib/fs.scandir': [ '2.1.5' ],
16 silly audit   '@nodelib/fs.stat': [ '2.0.5' ],
16 silly audit   '@nodelib/fs.walk': [ '1.2.8' ],
16 silly audit   '@open-draft/logger': [ '0.3.0' ],
16 silly audit   '@open-draft/until': [ '2.1.0' ],
16 silly audit   '@opentelemetry/api': [ '1.9.1' ],
16 silly audit   '@pkgjs/parseargs': [ '0.11.0' ],
16 silly audit   '@radix-ui/number': [ '1.1.2' ],
16 silly audit   '@radix-ui/primitive': [ '1.1.4' ],
16 silly audit   '@radix-ui/react-accessible-icon': [ '1.1.10' ],
16 silly audit   '@radix-ui/react-accordion': [ '1.2.14' ],
16 silly audit   '@radix-ui/react-alert-dialog': [ '1.1.17' ],
16 silly audit   '@radix-ui/react-arrow': [ '1.1.10' ],
16 silly audit   '@radix-ui/react-aspect-ratio': [ '1.1.10' ],
16 silly audit   '@radix-ui/react-avatar': [ '1.2.0' ],
16 silly audit   '@radix-ui/react-checkbox': [ '1.3.5' ],
16 silly audit   '@radix-ui/react-collapsible': [ '1.1.14' ],
16 silly audit   '@radix-ui/react-collection': [ '1.1.10' ],
16 silly audit   '@radix-ui/react-compose-refs': [ '1.1.3' ],
16 silly audit   '@radix-ui/react-context': [ '1.1.4' ],
16 silly audit   '@radix-ui/react-context-menu': [ '2.3.1' ],
16 silly audit   '@radix-ui/react-dialog': [ '1.1.17' ],
16 silly audit   '@radix-ui/react-direction': [ '1.1.2' ],
16 silly audit   '@radix-ui/react-dismissable-layer': [ '1.1.13' ],
16 silly audit   '@radix-ui/react-dropdown-menu': [ '2.1.18' ],
16 silly audit   '@radix-ui/react-focus-guards': [ '1.1.4' ],
16 silly audit   '@radix-ui/react-focus-scope': [ '1.1.10' ],
16 silly audit   '@radix-ui/react-form': [ '0.1.10' ],
16 silly audit   '@radix-ui/react-hover-card': [ '1.1.17' ],
16 silly audit   '@radix-ui/react-id': [ '1.1.2' ],
16 silly audit   '@radix-ui/react-label': [ '2.1.10' ],
16 silly audit   '@radix-ui/react-menu': [ '2.1.18' ],
16 silly audit   '@radix-ui/react-menubar': [ '1.1.18' ],
16 silly audit   '@radix-ui/react-navigation-menu': [ '1.2.16' ],
16 silly audit   '@radix-ui/react-one-time-password-field': [ '0.1.10' ],
16 silly audit   '@radix-ui/react-password-toggle-field': [ '0.1.5' ],
16 silly audit   '@radix-ui/react-popover': [ '1.1.17' ],
16 silly audit   '@radix-ui/react-popper': [ '1.3.1' ],
16 silly audit   '@radix-ui/react-portal': [ '1.1.12' ],
16 silly audit   '@radix-ui/react-presence': [ '1.1.6' ],
16 silly audit   '@radix-ui/react-primitive': [ '2.1.6' ],
16 silly audit   '@radix-ui/react-progress': [ '1.1.10' ],
16 silly audit   '@radix-ui/react-radio-group': [ '1.4.1' ],
16 silly audit   '@radix-ui/react-roving-focus': [ '1.1.13' ],
16 silly audit   '@radix-ui/react-scroll-area': [ '1.2.12' ],
16 silly audit   '@radix-ui/react-select': [ '2.3.1' ],
16 silly audit   '@radix-ui/react-separator': [ '1.1.10' ],
16 silly audit   '@radix-ui/react-slider': [ '1.4.1' ],
16 silly audit   '@radix-ui/react-slot': [ '1.3.0' ],
16 silly audit   '@radix-ui/react-switch': [ '1.3.1' ],
16 silly audit   '@radix-ui/react-tabs': [ '1.1.15' ],
16 silly audit   '@radix-ui/react-toast': [ '1.2.17' ],
16 silly audit   '@radix-ui/react-toggle': [ '1.1.12' ],
16 silly audit   '@radix-ui/react-toggle-group': [ '1.1.13' ],
16 silly audit   '@radix-ui/react-toolbar': [ '1.1.13' ],
16 silly audit   '@radix-ui/react-tooltip': [ '1.2.10' ],
16 silly audit   '@radix-ui/react-use-callback-ref': [ '1.1.2' ],
16 silly audit   '@radix-ui/react-use-controllable-state': [ '1.2.3' ],
16 silly audit   '@radix-ui/react-use-effect-event': [ '0.0.3' ],
16 silly audit   '@radix-ui/react-use-escape-keydown': [ '1.1.2' ],
16 silly audit   '@radix-ui/react-use-is-hydrated': [ '0.1.1' ],
16 silly audit   '@radix-ui/react-use-layout-effect': [ '1.1.2' ],
16 silly audit   '@radix-ui/react-use-previous': [ '1.1.2' ],
16 silly audit   '@radix-ui/react-use-rect': [ '1.1.2' ],
16 silly audit   '@radix-ui/react-use-size': [ '1.1.2' ],
16 silly audit   '@radix-ui/react-visually-hidden': [ '1.2.6' ],
16 silly audit   '@radix-ui/rect': [ '1.1.2' ],
16 silly audit   '@react-spring/animated': [ '10.1.1' ],
16 silly audit   '@react-spring/core': [ '10.1.1' ],
16 silly audit   '@react-spring/rafz': [ '10.1.1' ],
16 silly audit   '@react-spring/shared': [ '10.1.1' ],
16 silly audit   '@react-spring/types': [ '10.1.1' ],
16 silly audit   '@react-spring/web': [ '10.1.1' ],
16 silly audit   '@rive-app/react-webgl2': [ '4.29.1' ],
16 silly audit   '@rive-app/webgl2': [ '2.38.1' ],
16 silly audit   '@rolldown/pluginutils': [ '1.0.0-rc.3' ],
16 silly audit   '@rollup/pluginutils': [ '5.4.0' ],
16 silly audit   '@rollup/rollup-android-arm-eabi': [ '4.62.0' ],
16 silly audit   '@rollup/rollup-android-arm64': [ '4.62.0' ],
16 silly audit   '@rollup/rollup-darwin-arm64': [ '4.62.0' ],
16 silly audit   '@rollup/rollup-darwin-x64': [ '4.62.0' ],
16 silly audit   '@rollup/rollup-freebsd-arm64': [ '4.62.0' ],
16 silly audit   '@rollup/rollup-freebsd-x64': [ '4.62.0' ],
16 silly audit   '@rollup/rollup-linux-arm-gnueabihf': [ '4.62.0' ],
16 silly audit   '@rollup/rollup-linux-arm-musleabihf': [ '4.62.0' ],
16 silly audit   '@rollup/rollup-linux-arm64-gnu': [ '4.62.0' ],
16 silly audit   '@rollup/rollup-linux-arm64-musl': [ '4.62.0' ],
16 silly audit   '@rollup/rollup-linux-loong64-gnu': [ '4.62.0' ],
16 silly audit   '@rollup/rollup-linux-loong64-musl': [ '4.62.0' ],
16 silly audit   '@rollup/rollup-linux-ppc64-gnu': [ '4.62.0' ],
16 silly audit   '@rollup/rollup-linux-ppc64-musl': [ '4.62.0' ],
16 silly audit   '@rollup/rollup-linux-riscv64-gnu': [ '4.62.0' ],
16 silly audit   '@rollup/rollup-linux-riscv64-musl': [ '4.62.0' ],
16 silly audit   '@rollup/rollup-linux-s390x-gnu': [ '4.62.0' ],
16 silly audit   '@rollup/rollup-linux-x64-gnu': [ '4.62.0' ],
16 silly audit   '@rollup/rollup-linux-x64-musl': [ '4.62.0' ],
16 silly audit   '@rollup/rollup-openbsd-x64': [ '4.62.0' ],
16 silly audit   '@rollup/rollup-openharmony-arm64': [ '4.62.0' ],
16 silly audit   '@rollup/rollup-win32-arm64-msvc': [ '4.62.0' ],
16 silly audit   '@rollup/rollup-win32-ia32-msvc': [ '4.62.0' ],
16 silly audit   '@rollup/rollup-win32-x64-gnu': [ '4.62.0' ],
16 silly audit   '@rollup/rollup-win32-x64-msvc': [ '4.62.0' ],
16 silly audit   '@sec-ant/readable-stream': [ '0.4.1' ],
16 silly audit   '@shikijs/core': [ '4.2.0', '3.23.0' ],
16 silly audit   '@shikijs/engine-javascript': [ '4.2.0', '3.23.0' ],
16 silly audit   '@shikijs/engine-oniguruma': [ '4.2.0', '3.23.0' ],
16 silly audit   '@shikijs/langs': [ '4.2.0', '3.23.0' ],
16 silly audit   '@shikijs/primitive': [ '4.2.0' ],
16 silly audit   '@shikijs/themes': [ '4.2.0', '3.23.0' ],
16 silly audit   '@shikijs/types': [ '4.2.0', '3.23.0' ],
16 silly audit   '@shikijs/vscode-textmate': [ '10.0.2' ],
16 silly audit   '@sigma/edge-curve': [ '3.1.0' ],
16 silly audit   '@sindresorhus/merge-streams': [ '4.0.0' ],
16 silly audit   '@standard-schema/spec': [ '1.1.0' ],
16 silly audit   '@storybook/addon-a11y': [ '9.1.19' ],
16 silly audit   '@storybook/addon-docs': [ '9.1.19' ],
16 silly audit   '@storybook/addon-links': [ '9.1.19' ],
16 silly audit   '@storybook/builder-vite': [ '9.1.19' ],
16 silly audit   '@storybook/csf-plugin': [ '9.1.19' ],
16 silly audit   '@storybook/global': [ '5.0.0' ],
16 silly audit   '@storybook/icons': [ '1.6.0' ],
16 silly audit   '@storybook/react': [ '9.1.19' ],
16 silly audit   '@storybook/react-dom-shim': [ '9.1.19' ],
16 silly audit   '@storybook/react-vite': [ '9.1.19' ],
16 silly audit   '@streamdown/cjk': [ '1.0.3' ],
16 silly audit   '@streamdown/code': [ '1.1.1' ],
16 silly audit   shiki: [ '3.23.0', '4.2.0' ],
16 silly audit   '@streamdown/math': [ '1.0.2' ],
16 silly audit   '@streamdown/mermaid': [ '1.0.2' ],
16 silly audit   '@swc/helpers': [ '0.5.15' ],
16 silly audit   '@tailwindcss/node': [ '4.3.1' ],
16 silly audit   '@tailwindcss/oxide': [ '4.3.1' ],
16 silly audit   '@tailwindcss/oxide-android-arm64': [ '4.3.1' ],
16 silly audit   '@tailwindcss/oxide-darwin-arm64': [ '4.3.1' ],
16 silly audit   '@tailwindcss/oxide-darwin-x64': [ '4.3.1' ],
16 silly audit   '@tailwindcss/oxide-freebsd-x64': [ '4.3.1' ],
16 silly audit   '@tailwindcss/oxide-linux-arm-gnueabihf': [ '4.3.1' ],
16 silly audit   '@tailwindcss/oxide-linux-arm64-gnu': [ '4.3.1' ],
16 silly audit   '@tailwindcss/oxide-linux-arm64-musl': [ '4.3.1' ],
16 silly audit   '@tailwindcss/oxide-linux-x64-gnu': [ '4.3.1' ],
16 silly audit   '@tailwindcss/oxide-linux-x64-musl': [ '4.3.1' ],
16 silly audit   '@tailwindcss/oxide-wasm32-wasi': [ '4.3.1' ],
16 silly audit   '@tailwindcss/oxide-win32-arm64-msvc': [ '4.3.1' ],
16 silly audit   '@tailwindcss/oxide-win32-x64-msvc': [ '4.3.1' ],
16 silly audit   '@tailwindcss/typography': [ '0.5.20' ],
16 silly audit   '@tailwindcss/vite': [ '4.3.1' ],
16 silly audit   '@tanstack/query-core': [ '5.101.0' ],
16 silly audit   '@tanstack/react-query': [ '5.101.0' ],
16 silly audit   '@testing-library/dom': [ '10.4.1' ],
16 silly audit   '@testing-library/jest-dom': [ '6.9.1' ],
16 silly audit   'dom-accessibility-api': [ '0.6.3', '0.5.16' ],
16 silly audit   '@testing-library/react': [ '16.3.2' ],
16 silly audit   '@testing-library/user-event': [ '14.6.1' ],
16 silly audit   '@tokenlens/core': [ '1.3.0' ],
16 silly audit   '@tokenlens/fetch': [ '1.3.0' ],
16 silly audit   '@tokenlens/helpers': [ '1.3.1' ],
16 silly audit   '@tokenlens/models': [ '1.3.0' ],
16 silly audit   '@ts-morph/common': [ '0.27.0' ],
16 silly audit   'balanced-match': [ '4.0.4', '1.0.2' ],
16 silly audit   'brace-expansion': [ '5.0.6', '1.1.15', '2.1.1' ],
16 silly audit   minimatch: [ '10.2.5', '9.0.9', '3.1.5' ],
16 silly audit   '@types/aria-query': [ '5.0.4' ],
16 silly audit   '@types/babel__core': [ '7.20.5' ],
16 silly audit   '@types/babel__generator': [ '7.27.0' ],
16 silly audit   '@types/babel__template': [ '7.4.4' ],
16 silly audit   '@types/babel__traverse': [ '7.28.0' ],
16 silly audit   '@types/chai': [ '5.2.3' ],
16 silly audit   '@types/d3': [ '7.4.3' ],
16 silly audit   '@types/d3-array': [ '3.2.2' ],
16 silly audit   '@types/d3-axis': [ '3.0.6' ],
16 silly audit   '@types/d3-brush': [ '3.0.6' ],
16 silly audit   '@types/d3-chord': [ '3.0.6' ],
16 silly audit   '@types/d3-color': [ '3.1.3' ],
16 silly audit   '@types/d3-contour': [ '3.0.6' ],
16 silly audit   '@types/d3-delaunay': [ '6.0.4' ],
16 silly audit   '@types/d3-dispatch': [ '3.0.7' ],
16 silly audit   '@types/d3-drag': [ '3.0.7' ],
16 silly audit   '@types/d3-dsv': [ '3.0.7' ],
16 silly audit   '@types/d3-ease': [ '3.0.2' ],
16 silly audit   '@types/d3-fetch': [ '3.0.7' ],
16 silly audit   '@types/d3-force': [ '3.0.10' ],
16 silly audit   '@types/d3-format': [ '1.4.5' ],
16 silly audit   '@types/d3-geo': [ '3.1.0' ],
16 silly audit   '@types/d3-hierarchy': [ '3.1.7' ],
16 silly audit   '@types/d3-interpolate': [ '3.0.4' ],
16 silly audit   '@types/d3-path': [ '3.1.1' ],
16 silly audit   '@types/d3-polygon': [ '3.0.2' ],
16 silly audit   '@types/d3-quadtree': [ '3.0.6' ],
16 silly audit   '@types/d3-random': [ '3.0.3' ],
16 silly audit   '@types/d3-scale': [ '4.0.9' ],
16 silly audit   '@types/d3-scale-chromatic': [ '3.1.0' ],
16 silly audit   '@types/d3-selection': [ '3.0.11' ],
16 silly audit   '@types/d3-shape': [ '3.1.8' ],
16 silly audit   '@types/d3-time': [ '1.1.4' ],
16 silly audit   '@types/d3-timer': [ '3.0.2' ],
16 silly audit   '@types/d3-transition': [ '3.0.9' ],
16 silly audit   '@types/d3-zoom': [ '3.0.8' ],
16 silly audit   '@types/debug': [ '4.1.13' ],
16 silly audit   '@types/deep-eql': [ '4.0.2' ],
16 silly audit   '@types/doctrine': [ '0.0.9' ],
16 silly audit   '@types/dompurify': [ '3.2.0' ],
16 silly audit   '@types/estree': [ '1.0.9' ],
16 silly audit   '@types/estree-jsx': [ '1.0.5' ],
16 silly audit   '@types/geojson': [ '7946.0.16' ],
16 silly audit   '@types/hast': [ '3.0.4', '2.3.10' ],
16 silly audit   '@types/history': [ '4.7.11' ],
16 silly audit   '@types/json-schema': [ '7.0.15' ],
16 silly audit   '@types/katex': [ '0.16.8' ],
16 silly audit   '@types/lodash': [ '4.17.24' ],
16 silly audit   '@types/mdast': [ '4.0.4' ],
16 silly audit   '@types/mdx': [ '2.0.14' ],
16 silly audit   '@types/ms': [ '2.1.0' ],
16 silly audit   '@types/node': [ '25.9.3' ],
16 silly audit   '@types/prop-types': [ '15.7.15' ],
16 silly audit   '@types/react': [ '19.2.17', '18.3.31' ],
16 silly audit   '@types/react-dom': [ '19.2.3', '18.3.7' ],
16 silly audit   '@types/react-router': [ '5.1.20' ],
16 silly audit   '@types/react-router-dom': [ '5.3.3' ],
16 silly audit   '@types/react-syntax-highlighter': [ '15.5.13' ],
16 silly audit   '@types/resolve': [ '1.20.6' ],
16 silly audit   '@types/set-cookie-parser': [ '2.4.10' ],
16 silly audit   '@types/statuses': [ '2.0.6' ],
16 silly audit   '@types/trusted-types': [ '2.0.7' ],
16 silly audit   '@types/unist': [ '3.0.3', '2.0.11' ],
16 silly audit   '@types/validate-npm-package-name': [ '4.0.2' ],
16 silly audit   '@typescript-eslint/eslint-plugin': [ '8.61.1' ],
16 silly audit   ignore: [ '7.0.5', '5.3.2' ],
16 silly audit   '@typescript-eslint/parser': [ '8.61.1' ],
16 silly audit   '@typescript-eslint/project-service': [ '8.61.1' ],
16 silly audit   '@typescript-eslint/scope-manager': [ '8.61.1' ],
16 silly audit   '@typescript-eslint/tsconfig-utils': [ '8.61.1' ],
16 silly audit   '@typescript-eslint/type-utils': [ '8.61.1' ],
16 silly audit   '@typescript-eslint/types': [ '8.61.1' ],
16 silly audit   '@typescript-eslint/typescript-estree': [ '8.61.1' ],
16 silly audit   semver: [ '7.8.4', '6.3.1' ],
16 silly audit   '@typescript-eslint/utils': [ '8.61.1' ],
16 silly audit   '@typescript-eslint/visitor-keys': [ '8.61.1' ],
16 silly audit   '@ungap/structured-clone': [ '1.3.1' ],
16 silly audit   '@upsetjs/venn.js': [ '2.0.0' ],
16 silly audit   '@vercel/oidc': [ '3.2.0' ],
16 silly audit   '@vitejs/plugin-react': [ '5.2.0' ],
16 silly audit   '@vitest/expect': [ '3.2.4', '4.1.9' ],
16 silly audit   '@vitest/mocker': [ '3.2.4', '4.1.9' ],
16 silly audit   'estree-walker': [ '3.0.3', '2.0.2' ],
16 silly audit   '@vitest/pretty-format': [ '3.2.4', '4.1.9' ],
16 silly audit   '@vitest/runner': [ '4.1.9' ],
16 silly audit   '@vitest/utils': [ '4.1.9', '3.2.4' ],
16 silly audit   tinyrainbow: [ '3.1.0', '2.0.0' ],
16 silly audit   '@vitest/snapshot': [ '4.1.9' ],
16 silly audit   '@vitest/spy': [ '3.2.4', '4.1.9' ],
16 silly audit   '@xyflow/react': [ '12.11.0' ],
16 silly audit   zustand: [ '4.5.7', '5.0.14' ],
16 silly audit   '@xyflow/system': [ '0.0.77' ],
16 silly audit   accepts: [ '2.0.0' ],
16 silly audit   acorn: [ '8.17.0' ],
16 silly audit   'acorn-jsx': [ '5.3.2' ],
16 silly audit   'agent-base': [ '7.1.4' ],
16 silly audit   ai: [ '6.0.208' ],
16 silly audit   'ajv-formats': [ '3.0.1', '2.1.1' ],
16 silly audit   anser: [ '2.3.5' ],
16 silly audit   'ansi-colors': [ '4.1.3' ],
16 silly audit   'ansi-regex': [ '5.0.1', '6.2.2' ],
16 silly audit   'ansi-styles': [ '4.3.0', '5.2.0', '6.2.3' ],
16 silly audit   'ansi-to-react': [ '6.2.6' ],
16 silly audit   ansis: [ '4.3.1' ],
16 silly audit   argparse: [ '2.0.1' ],
16 silly audit   'aria-hidden': [ '1.2.6' ],
16 silly audit   'aria-query': [ '5.3.0' ],
16 silly audit   'assertion-error': [ '2.0.1' ],
16 silly audit   'ast-types': [ '0.16.1' ],
16 silly audit   atomically: [ '1.7.0' ],
16 silly audit   'axe-core': [ '4.12.1' ],
16 silly audit   bail: [ '2.0.2' ],
16 silly audit   'baseline-browser-mapping': [ '2.10.38' ],
16 silly audit   'better-opn': [ '3.0.2' ],
16 silly audit   'bidi-js': [ '1.0.3' ],
16 silly audit   'body-parser': [ '2.3.0' ],
16 silly audit   'content-type': [ '2.0.0', '1.0.5' ],
16 silly audit   braces: [ '3.0.3' ],
16 silly audit   browserslist: [ '4.28.2' ],
16 silly audit   'bundle-name': [ '4.1.0' ],
16 silly audit   bytes: [ '3.1.2' ],
16 silly audit   'call-bind-apply-helpers': [ '1.0.2' ],
16 silly audit   'call-bound': [ '1.0.4' ],
16 silly audit   callsites: [ '3.1.0' ],
16 silly audit   'caniuse-lite': [ '1.0.30001799' ],
16 silly audit   ccount: [ '2.0.1' ],
16 silly audit   'ce-la-react': [ '0.3.2' ],
16 silly audit   chai: [ '5.3.3', '6.2.2' ],
16 silly audit   chalk: [ '4.1.2', '5.6.2' ],
16 silly audit   'character-entities': [ '2.0.2', '1.2.4' ],
16 silly audit   'character-entities-html4': [ '2.1.0' ],
16 silly audit   'character-entities-legacy': [ '3.0.0', '1.1.4' ],
16 silly audit   'character-reference-invalid': [ '2.0.1', '1.1.4' ],
16 silly audit   'check-error': [ '2.1.3' ],
16 silly audit   'class-variance-authority': [ '0.7.1' ],
16 silly audit   classcat: [ '5.0.5' ],
16 silly audit   'cli-cursor': [ '5.0.0' ],
16 silly audit   'cli-spinners': [ '2.9.2' ],
16 silly audit   'cli-width': [ '4.1.0' ],
16 silly audit   'client-only': [ '0.0.1' ],
16 silly audit   cliui: [ '8.0.1' ],
16 silly audit   'emoji-regex': [ '8.0.0', '9.2.2', '10.6.0' ],
16 silly audit   'string-width': [ '4.2.3', '7.2.0', '5.1.2' ],
16 silly audit   'strip-ansi': [ '6.0.1', '7.2.0' ],
16 silly audit   'wrap-ansi': [ '7.0.0', '8.1.0' ],
16 silly audit   clsx: [ '2.1.1' ],
16 silly audit   cmdk: [ '1.1.1' ],
16 silly audit   'code-block-writer': [ '13.0.3' ],
16 silly audit   'color-convert': [ '2.0.1' ],
16 silly audit   'color-name': [ '1.1.4' ],
16 silly audit   'comma-separated-tokens': [ '2.0.3', '1.0.8' ],
16 silly audit   'concat-map': [ '0.0.1' ],
16 silly audit   conf: [ '10.2.0' ],
16 silly audit   'json-schema-typed': [ '7.0.3', '8.0.2' ],
16 silly audit   'content-disposition': [ '1.1.0' ],
16 silly audit   'convert-source-map': [ '2.0.0' ],
16 silly audit   cookie: [ '0.7.2', '1.1.1' ],
16 silly audit   'cookie-signature': [ '1.2.2' ],
16 silly audit   cors: [ '2.8.6' ],
16 silly audit   'cose-base': [ '1.0.3', '2.2.0' ],
16 silly audit   cosmiconfig: [ '9.0.2' ],
16 silly audit   'cross-spawn': [ '7.0.6' ],
16 silly audit   'css.escape': [ '1.5.1' ],
16 silly audit   cssesc: [ '3.0.0' ],
16 silly audit   csstype: [ '3.2.3' ],
16 silly audit   cytoscape: [ '3.34.0' ],
16 silly audit   'cytoscape-cose-bilkent': [ '4.1.0' ],
16 silly audit   'cytoscape-fcose': [ '2.2.0' ],
16 silly audit   'layout-base': [ '2.0.1', '1.0.2' ],
16 silly audit   d3: [ '7.9.0' ],
16 silly audit   'd3-array': [ '3.2.4', '2.12.1' ],
16 silly audit   'd3-axis': [ '3.0.0' ],
16 silly audit   'd3-brush': [ '3.0.0' ],
16 silly audit   'd3-chord': [ '3.0.1' ],
16 silly audit   'd3-color': [ '3.1.0' ],
16 silly audit   'd3-contour': [ '4.0.2' ],
16 silly audit   'd3-delaunay': [ '6.0.4' ],
16 silly audit   'd3-dispatch': [ '3.0.1' ],
16 silly audit   'd3-drag': [ '3.0.0' ],
16 silly audit   'd3-dsv': [ '3.0.1' ],
16 silly audit   'iconv-lite': [ '0.6.3', '0.7.2' ],
16 silly audit   'd3-ease': [ '3.0.1' ],
16 silly audit   'd3-fetch': [ '3.0.1' ],
16 silly audit   'd3-force': [ '3.0.0' ],
16 silly audit   'd3-format': [ '1.4.5', '3.1.2' ],
16 silly audit   'd3-geo': [ '3.1.1' ],
16 silly audit   'd3-hierarchy': [ '3.1.2' ],
16 silly audit   'd3-interpolate': [ '3.0.1' ],
16 silly audit   'd3-path': [ '3.1.0', '1.0.9' ],
16 silly audit   'd3-polygon': [ '3.0.1' ],
16 silly audit   'd3-quadtree': [ '3.0.1' ],
16 silly audit   'd3-random': [ '3.0.1' ],
16 silly audit   'd3-sankey': [ '0.12.3' ],
16 silly audit   'd3-shape': [ '1.3.7', '3.2.0' ],
16 silly audit   internmap: [ '1.0.1', '2.0.3' ],
16 silly audit   'd3-scale': [ '4.0.2' ],
16 silly audit   'd3-scale-chromatic': [ '3.1.0' ],
16 silly audit   'd3-time': [ '3.1.0', '1.1.0' ],
16 silly audit   'd3-selection': [ '3.0.0' ],
16 silly audit   'd3-time-format': [ '3.0.0', '4.1.0' ],
16 silly audit   'd3-timer': [ '3.0.1' ],
16 silly audit   'd3-transition': [ '3.0.1' ],
16 silly audit   'd3-zoom': [ '3.0.0' ],
16 silly audit   'dagre-d3-es': [ '7.0.14' ],
16 silly audit   'data-uri-to-buffer': [ '4.0.1' ],
16 silly audit   'data-urls': [ '7.0.0' ],
16 silly audit   dayjs: [ '1.11.21' ],
16 silly audit   'debounce-fn': [ '4.0.0' ],
16 silly audit   debug: [ '4.4.3' ],
16 silly audit   'decimal.js': [ '10.6.0' ],
16 silly audit   'decode-named-character-reference': [ '1.3.0' ],
16 silly audit   dedent: [ '1.7.2' ],
16 silly audit   'deep-eql': [ '5.0.2' ],
16 silly audit   'deep-is': [ '0.1.4' ],
16 silly audit   deepmerge: [ '4.3.1' ],
16 silly audit   'default-browser': [ '5.5.0' ],
16 silly audit   'default-browser-id': [ '5.0.1' ],
16 silly audit   delaunator: [ '5.1.0' ],
16 silly audit   depd: [ '2.0.0' ],
16 silly audit   dequal: [ '2.0.3' ],
16 silly audit   'detect-libc': [ '2.1.2' ],
16 silly audit   'detect-node-es': [ '1.1.0' ],
16 silly audit   devlop: [ '1.1.0' ],
16 silly audit   diff: [ '8.0.4' ],
16 silly audit   doctrine: [ '3.0.0' ],
16 silly audit   dompurify: [ '3.4.11' ],
16 silly audit   'dot-prop': [ '6.0.1' ],
16 silly audit   dotenv: [ '17.4.2' ],
16 silly audit   'dunder-proto': [ '1.0.1' ],
16 silly audit   eastasianwidth: [ '0.2.0' ],
16 silly audit   eciesjs: [ '0.4.18' ],
16 silly audit   'ee-first': [ '1.1.1' ],
16 silly audit   'electron-to-chromium': [ '1.5.375' ],
16 silly audit   elkjs: [ '0.11.1' ],
16 silly audit   'embla-carousel': [ '8.6.0' ],
16 silly audit   'embla-carousel-react': [ '8.6.0' ],
16 silly audit   'embla-carousel-reactive-utils': [ '8.6.0' ],
16 silly audit   encodeurl: [ '2.0.0' ],
16 silly audit   'enhanced-resolve': [ '5.21.6' ],
16 silly audit   enquirer: [ '2.4.1' ],
16 silly audit   entities: [ '8.0.0', '6.0.1' ],
16 silly audit   'env-paths': [ '2.2.1' ],
16 silly audit   'error-ex': [ '1.3.4' ],
16 silly audit   'es-define-property': [ '1.0.1' ],
16 silly audit   'es-errors': [ '1.3.0' ],
16 silly audit   'es-module-lexer': [ '2.1.0' ],
16 silly audit   'es-object-atoms': [ '1.1.2' ],
16 silly audit   'es-toolkit': [ '1.47.1' ],
16 silly audit   esbuild: [ '0.25.12', '0.28.1', '0.27.7' ],
16 silly audit   'esbuild-register': [ '3.6.0' ],
16 silly audit   escalade: [ '3.2.0' ],
16 silly audit   'escape-carriage': [ '1.3.1' ],
16 silly audit   'escape-html': [ '1.0.3' ],
16 silly audit   'escape-string-regexp': [ '4.0.0', '5.0.0' ],
16 silly audit   eslint: [ '9.39.4' ],
16 silly audit   'eslint-plugin-react-hooks': [ '7.1.1' ],
16 silly audit   'eslint-plugin-react-refresh': [ '0.4.26' ],
16 silly audit   'eslint-plugin-storybook': [ '9.1.19' ],
16 silly audit   'eslint-scope': [ '8.4.0' ],
16 silly audit   'find-up': [ '5.0.0', '7.0.0', '3.0.0' ],
16 silly audit   'locate-path': [ '6.0.0', '7.2.0', '3.0.0' ],
16 silly audit   'p-limit': [ '3.1.0', '4.0.0', '2.3.0' ],
16 silly audit   'p-locate': [ '5.0.0', '6.0.0', '3.0.0' ],
16 silly audit   'path-exists': [ '4.0.0', '5.0.0', '3.0.0' ],
16 silly audit   'yocto-queue': [ '0.1.0', '1.2.2' ],
16 silly audit   espree: [ '10.4.0' ],
16 silly audit   esprima: [ '4.0.1' ],
16 silly audit   esquery: [ '1.7.0' ],
16 silly audit   esrecurse: [ '4.3.0' ],
16 silly audit   estraverse: [ '5.3.0' ],
16 silly audit   'estree-util-is-identifier-name': [ '3.0.0' ],
16 silly audit   esutils: [ '2.0.3' ],
16 silly audit   etag: [ '1.8.1' ],
16 silly audit   events: [ '3.3.0' ],
16 silly audit   eventsource: [ '3.0.7' ],
16 silly audit   'eventsource-parser': [ '3.1.0' ],
16 silly audit   'expect-type': [ '1.3.0' ],
16 silly audit   express: [ '5.2.1' ],
16 silly audit   'express-rate-limit': [ '8.5.2' ],
16 silly audit   extend: [ '3.0.2' ],
16 silly audit   'fast-deep-equal': [ '3.1.3' ],
16 silly audit   'fast-glob': [ '3.3.3' ],
16 silly audit   'glob-parent': [ '5.1.2', '6.0.2' ],
16 silly audit   'fast-json-stable-stringify': [ '2.1.0' ],
16 silly audit   'fast-levenshtein': [ '2.0.6' ],
16 silly audit   'fast-string-truncated-width': [ '3.0.3' ],
16 silly audit   'fast-string-width': [ '3.0.2' ],
16 silly audit   'fast-uri': [ '3.1.2' ],
16 silly audit   'fast-wrap-ansi': [ '0.2.2' ],
16 silly audit   fastq: [ '1.20.1' ],
16 silly audit   fault: [ '1.0.4' ],
16 silly audit   fdir: [ '6.5.0' ],
16 silly audit   'fetch-blob': [ '3.2.0' ],
16 silly audit   figures: [ '6.1.0' ],
16 silly audit   'file-entry-cache': [ '8.0.0' ],
16 silly audit   'fill-range': [ '7.1.1' ],
16 silly audit   finalhandler: [ '2.1.1' ],
16 silly audit   'flat-cache': [ '4.0.1' ],
16 silly audit   flatted: [ '3.4.2' ],
16 silly audit   'foreground-child': [ '3.3.1' ],
16 silly audit   format: [ '0.2.2' ],
16 silly audit   'formdata-polyfill': [ '4.0.10' ],
16 silly audit   forwarded: [ '0.2.0' ],
16 silly audit   'framer-motion': [ '12.40.0' ],
16 silly audit   fresh: [ '2.0.0' ],
16 silly audit   'fs-extra': [ '11.3.5' ],
16 silly audit   fsevents: [ '2.3.3' ],
16 silly audit   'function-bind': [ '1.1.2' ],
16 silly audit   fuzzysort: [ '3.1.0' ],
16 silly audit   fzf: [ '0.5.2' ],
16 silly audit   geist: [ '1.7.2' ],
16 silly audit   gensync: [ '1.0.0-beta.2' ],
16 silly audit   'get-caller-file': [ '2.0.5' ],
16 silly audit   'get-east-asian-width': [ '1.6.0' ],
16 silly audit   'get-intrinsic': [ '1.3.0' ],
16 silly audit   'get-nonce': [ '1.0.1' ],
16 silly audit   'get-own-enumerable-keys': [ '1.0.0' ],
16 silly audit   'get-proto': [ '1.0.1' ],
16 silly audit   glob: [ '10.5.0' ],
16 silly audit   gopd: [ '1.2.0' ],
16 silly audit   'graceful-fs': [ '4.2.11' ],
16 silly audit   graphology: [ '0.26.0' ],
16 silly audit   'graphology-communities-louvain': [ '2.0.2' ],
16 silly audit   'graphology-indices': [ '0.17.0' ],
16 silly audit   'graphology-layout-forceatlas2': [ '0.10.1' ],
16 silly audit   'graphology-layout-noverlap': [ '0.4.2' ],
16 silly audit   'graphology-types': [ '0.24.8' ],
16 silly audit   'graphology-utils': [ '2.5.2' ],
16 silly audit   graphql: [ '16.14.2' ],
16 silly audit   'hachure-fill': [ '0.5.2' ],
16 silly audit   'has-flag': [ '4.0.0' ],
16 silly audit   'has-symbols': [ '1.1.0' ],
16 silly audit   hasown: [ '2.0.4' ],
16 silly audit   'hast-util-from-dom': [ '5.0.1' ],
16 silly audit   'hast-util-parse-selector': [ '4.0.0', '2.2.5' ],
16 silly audit   hastscript: [ '9.0.1', '6.0.0' ],
16 silly audit   'hast-util-from-html': [ '2.0.3' ],
16 silly audit   'hast-util-from-html-isomorphic': [ '2.0.0' ],
16 silly audit   parse5: [ '7.3.0', '8.0.1' ],
16 silly audit   'hast-util-from-parse5': [ '8.0.3' ],
16 silly audit   'hast-util-is-element': [ '3.0.0' ],
16 silly audit   'hast-util-raw': [ '9.1.0' ],
16 silly audit   'hast-util-sanitize': [ '5.0.2' ],
16 silly audit   'hast-util-to-html': [ '9.0.5' ],
16 silly audit   'hast-util-to-jsx-runtime': [ '2.3.6' ],
16 silly audit   'hast-util-to-parse5': [ '8.0.1' ],
16 silly audit   'hast-util-to-text': [ '4.0.2' ],
16 silly audit   'hast-util-whitespace': [ '3.0.0' ],
16 silly audit   'property-information': [ '5.6.0', '7.2.0' ],
16 silly audit   'space-separated-tokens': [ '1.1.5', '2.0.2' ],
16 silly audit   'headers-polyfill': [ '5.0.1' ],
16 silly audit   'set-cookie-parser': [ '3.1.0', '2.7.2' ],
16 silly audit   'hermes-estree': [ '0.25.1' ],
16 silly audit   'hermes-parser': [ '0.25.1' ],
16 silly audit   'highlight.js': [ '10.7.3', '11.11.1' ],
16 silly audit   'highlightjs-vue': [ '1.0.0' ],
16 silly audit   hono: [ '4.12.26' ],
16 silly audit   'html-encoding-sniffer': [ '6.0.0' ],
16 silly audit   'html-url-attributes': [ '3.0.1' ],
16 silly audit   'html-void-elements': [ '3.0.0' ],
16 silly audit   'http-errors': [ '2.0.1' ],
16 silly audit   'https-proxy-agent': [ '7.0.6' ],
16 silly audit   'import-fresh': [ '3.3.1' ],
16 silly audit   'import-meta-resolve': [ '4.2.0' ],
16 silly audit   imurmurhash: [ '0.1.4' ],
16 silly audit   'indent-string': [ '4.0.0' ],
16 silly audit   inherits: [ '2.0.4' ],
16 silly audit   'inline-style-parser': [ '0.2.7' ],
16 silly audit   'ip-address': [ '10.2.0' ],
16 silly audit   'ipaddr.js': [ '1.9.1' ],
16 silly audit   'is-alphabetical': [ '2.0.1', '1.0.4' ],
16 silly audit   'is-alphanumerical': [ '2.0.1', '1.0.4' ],
16 silly audit   'is-arrayish': [ '0.2.1' ],
16 silly audit   'is-core-module': [ '2.16.2' ],
16 silly audit   'is-decimal': [ '2.0.1', '1.0.4' ],
16 silly audit   'is-extglob': [ '2.1.1' ],
16 silly audit   'is-fullwidth-code-point': [ '3.0.0' ],
16 silly audit   'is-glob': [ '4.0.3' ],
16 silly audit   'is-hexadecimal': [ '2.0.1', '1.0.4' ],
16 silly audit   'is-in-ssh': [ '1.0.0' ],
16 silly audit   'is-inside-container': [ '1.0.0' ],
16 silly audit   'is-interactive': [ '2.0.0' ],
16 silly audit   'is-node-process': [ '1.2.0' ],
16 silly audit   'is-number': [ '7.0.0' ],
16 silly audit   'is-obj': [ '2.0.0', '3.0.0' ],
16 silly audit   'is-plain-obj': [ '4.1.0' ],
16 silly audit   'is-potential-custom-element-name': [ '1.0.1' ],
16 silly audit   'is-promise': [ '4.0.0' ],
16 silly audit   'is-regexp': [ '3.1.0' ],
16 silly audit   'is-unicode-supported': [ '2.1.0', '1.3.0' ],
16 silly audit   jackspeak: [ '3.4.3' ],
16 silly audit   jiti: [ '2.7.0' ],
16 silly audit   jose: [ '6.2.3' ],
16 silly audit   'js-tokens': [ '4.0.0' ],
16 silly audit   'js-yaml': [ '4.2.0' ],
16 silly audit   jsdom: [ '29.1.1' ],
16 silly audit   '@csstools/css-syntax-patches-for-csstree': [ '1.1.5' ],
16 silly audit   'lru-cache': [ '11.5.1', '5.1.1', '10.4.3' ],
16 silly audit   jsesc: [ '3.1.0' ],
16 silly audit   'json-buffer': [ '3.0.1' ],
16 silly audit   'json-parse-even-better-errors': [ '2.3.1' ],
16 silly audit   'json-schema': [ '0.4.0' ],
16 silly audit   'json-schema-to-typescript': [ '15.0.4' ],
16 silly audit   'json-stable-stringify-without-jsonify': [ '1.0.1' ],
16 silly audit   json5: [ '2.2.3' ],
16 silly audit   jsonfile: [ '6.2.1' ],
16 silly audit   katex: [ '0.16.47' ],
16 silly audit   keyv: [ '4.5.4' ],
16 silly audit   khroma: [ '2.1.0' ],
16 silly audit   kleur: [ '4.1.5', '3.0.3' ],
16 silly audit   levn: [ '0.4.1' ],
16 silly audit   lightningcss: [ '1.32.0' ],
16 silly audit   'lightningcss-android-arm64': [ '1.32.0' ],
16 silly audit   'lightningcss-darwin-arm64': [ '1.32.0' ],
16 silly audit   'lightningcss-darwin-x64': [ '1.32.0' ],
16 silly audit   'lightningcss-freebsd-x64': [ '1.32.0' ],
16 silly audit   'lightningcss-linux-arm-gnueabihf': [ '1.32.0' ],
16 silly audit   'lightningcss-linux-arm64-gnu': [ '1.32.0' ],
16 silly audit   'lightningcss-linux-arm64-musl': [ '1.32.0' ],
16 silly audit   'lightningcss-linux-x64-gnu': [ '1.32.0' ],
16 silly audit   'lightningcss-linux-x64-musl': [ '1.32.0' ],
16 silly audit   'lightningcss-win32-arm64-msvc': [ '1.32.0' ],
16 silly audit   'lightningcss-win32-x64-msvc': [ '1.32.0' ],
16 silly audit   'lines-and-columns': [ '1.2.4' ],
16 silly audit   'linkify-it': [ '3.0.3' ],
16 silly audit   lodash: [ '4.18.1' ],
16 silly audit   'lodash-es': [ '4.18.1' ],
16 silly audit   'lodash.merge': [ '4.6.2' ],
16 silly audit   'log-symbols': [ '6.0.0' ],
16 silly audit   'longest-streak': [ '3.1.0' ],
16 silly audit   loupe: [ '3.2.1' ],
16 silly audit   lowlight: [ '1.20.0', '3.3.0' ],
16 silly audit   'lucide-react': [ '1.21.0' ],
16 silly audit   'lz-string': [ '1.5.0' ],
16 silly audit   'magic-string': [ '0.30.21' ],
16 silly audit   'markdown-table': [ '3.0.4' ],
16 silly audit   marked: [ '16.4.2', '17.0.6' ],
16 silly audit   'math-intrinsics': [ '1.1.0' ],
16 silly audit   'mdast-util-find-and-replace': [ '3.0.2' ],
16 silly audit   'mdast-util-from-markdown': [ '2.0.3' ],
16 silly audit   'mdast-util-gfm': [ '3.1.0' ],
16 silly audit   'mdast-util-gfm-autolink-literal': [ '2.0.1' ],
16 silly audit   'mdast-util-gfm-footnote': [ '2.1.0' ],
16 silly audit   'mdast-util-gfm-strikethrough': [ '2.0.0' ],
16 silly audit   'mdast-util-gfm-table': [ '2.0.0' ],
16 silly audit   'mdast-util-gfm-task-list-item': [ '2.0.0' ],
16 silly audit   'mdast-util-math': [ '3.0.0' ],
16 silly audit   'mdast-util-mdx-expression': [ '2.0.1' ],
16 silly audit   'mdast-util-mdx-jsx': [ '3.2.0' ],
16 silly audit   'mdast-util-mdxjs-esm': [ '2.0.1' ],
16 silly audit   'mdast-util-phrasing': [ '4.1.0' ],
16 silly audit   'mdast-util-to-hast': [ '13.2.1' ],
16 silly audit   'mdast-util-to-markdown': [ '2.1.2' ],
16 silly audit   'mdast-util-to-markdown-cjk-friendly': [ '1.0.0' ],
16 silly audit   'mdast-util-to-markdown-cjk-friendly-gfm-strikethrough': [ '1.0.0' ],
16 silly audit   'mdast-util-to-string': [ '4.0.0' ],
16 silly audit   'media-chrome': [ '4.19.2' ],
16 silly audit   'media-typer': [ '1.1.0' ],
16 silly audit   'merge-descriptors': [ '2.0.0' ],
16 silly audit   'merge-stream': [ '2.0.0' ],
16 silly audit   merge2: [ '1.4.1' ],
16 silly audit   mermaid: [ '11.15.0' ],
16 silly audit   micromark: [ '4.0.2' ],
16 silly audit   'micromark-core-commonmark': [ '2.0.3' ],
16 silly audit   'micromark-extension-cjk-friendly': [ '2.0.1' ],
16 silly audit   'micromark-extension-cjk-friendly-gfm-strikethrough': [ '2.0.1' ],
16 silly audit   'micromark-extension-cjk-friendly-util': [ '3.0.1' ],
16 silly audit   'micromark-extension-gfm': [ '3.0.0' ],
16 silly audit   'micromark-extension-gfm-autolink-literal': [ '2.1.0' ],
16 silly audit   'micromark-extension-gfm-footnote': [ '2.1.0' ],
16 silly audit   'micromark-extension-gfm-strikethrough': [ '2.1.0' ],
16 silly audit   'micromark-extension-gfm-table': [ '2.1.1' ],
16 silly audit   'micromark-extension-gfm-tagfilter': [ '2.0.0' ],
16 silly audit   'micromark-extension-gfm-task-list-item': [ '2.1.0' ],
16 silly audit   'micromark-extension-math': [ '3.1.0' ],
16 silly audit   'micromark-factory-destination': [ '2.0.1' ],
16 silly audit   'micromark-factory-label': [ '2.0.1' ],
16 silly audit   'micromark-factory-space': [ '2.0.1' ],
16 silly audit   'micromark-factory-title': [ '2.0.1' ],
16 silly audit   'micromark-factory-whitespace': [ '2.0.1' ],
16 silly audit   'micromark-util-character': [ '2.1.1' ],
16 silly audit   'micromark-util-chunked': [ '2.0.1' ],
16 silly audit   'micromark-util-classify-character': [ '2.0.1' ],
16 silly audit   'micromark-util-combine-extensions': [ '2.0.1' ],
16 silly audit   'micromark-util-decode-numeric-character-reference': [ '2.0.2' ],
16 silly audit   'micromark-util-decode-string': [ '2.0.1' ],
16 silly audit   'micromark-util-encode': [ '2.0.1' ],
16 silly audit   'micromark-util-html-tag-name': [ '2.0.1' ],
16 silly audit   'micromark-util-normalize-identifier': [ '2.0.1' ],
16 silly audit   'micromark-util-resolve-all': [ '2.0.1' ],
16 silly audit   'micromark-util-sanitize-uri': [ '2.0.1' ],
16 silly audit   'micromark-util-subtokenize': [ '2.1.0' ],
16 silly audit   'micromark-util-symbol': [ '2.0.1' ],
16 silly audit   'micromark-util-types': [ '2.0.2' ],
16 silly audit   micromatch: [ '4.0.8' ],
16 silly audit   picomatch: [ '2.3.2', '4.0.4' ],
16 silly audit   'mime-db': [ '1.54.0' ],
16 silly audit   'mime-types': [ '3.0.2' ],
16 silly audit   'mimic-fn': [ '3.1.0', '2.1.0' ],
16 silly audit   'mimic-function': [ '5.0.1' ],
16 silly audit   'min-indent': [ '1.0.1' ],
16 silly audit   minimist: [ '1.2.8' ],
16 silly audit   minipass: [ '7.1.3' ],
16 silly audit   mnemonist: [ '0.39.8' ],
16 silly audit   motion: [ '12.40.0' ],
16 silly audit   'motion-dom': [ '12.40.0' ],
16 silly audit   'motion-utils': [ '12.39.0' ],
16 silly audit   ms: [ '2.1.3' ],
16 silly audit   msw: [ '2.14.6' ],
16 silly audit   'path-to-regexp': [ '6.3.0', '8.4.2' ],
16 silly audit   'mute-stream': [ '3.0.0' ],
16 silly audit   nanoid: [ '5.1.14', '3.3.13' ],
16 silly audit   'natural-compare': [ '1.4.0' ],
16 silly audit   negotiator: [ '1.0.0' ],
16 silly audit   next: [ '16.2.9' ],
16 silly audit   'node-domexception': [ '1.0.0' ],
16 silly audit   'node-fetch': [ '3.3.2' ],
16 silly audit   'node-releases': [ '2.0.48' ],
16 silly audit   'path-key': [ '4.0.0', '3.1.1' ],
16 silly audit   'unicorn-magic': [ '0.3.0', '0.1.0' ],
16 silly audit   'object-assign': [ '4.1.1' ],
16 silly audit   'object-inspect': [ '1.13.4' ],
16 silly audit   'object-treeify': [ '1.1.33' ],
16 silly audit   obliterator: [ '2.0.5' ],
16 silly audit   obug: [ '2.1.3' ],
16 silly audit   'on-finished': [ '2.4.1' ],
16 silly audit   once: [ '1.4.0' ],
16 silly audit   onetime: [ '5.1.2', '7.0.0' ],
16 silly audit   'oniguruma-parser': [ '0.12.2' ],
16 silly audit   'oniguruma-to-es': [ '4.3.6' ],
16 silly audit   optionator: [ '0.9.4' ],
16 silly audit   ora: [ '8.2.0' ],
16 silly audit   outvariant: [ '1.4.3' ],
16 silly audit   'p-try': [ '2.2.0' ],
16 silly audit   'package-json-from-dist': [ '1.0.1' ],
16 silly audit   'package-manager-detector': [ '1.6.0' ],
16 silly audit   pandemonium: [ '2.4.1' ],
16 silly audit   'parent-module': [ '1.0.1' ],
16 silly audit   'parse-entities': [ '4.0.2', '2.0.0' ],
16 silly audit   'parse-json': [ '5.2.0' ],
16 silly audit   'parse-ms': [ '4.0.0' ],
16 silly audit   parseurl: [ '1.3.3' ],
16 silly audit   'path-browserify': [ '1.0.1' ],
16 silly audit   'path-data-parser': [ '0.1.0' ],
16 silly audit   'path-parse': [ '1.0.7' ],
16 silly audit   'path-scurry': [ '1.11.1' ],
16 silly audit   pathe: [ '2.0.3' ],
16 silly audit   pathval: [ '2.0.1' ],
16 silly audit   picocolors: [ '1.1.1' ],
16 silly audit   'pkce-challenge': [ '5.0.1' ],
16 silly audit   'pkg-up': [ '3.1.0' ],
16 silly audit   'points-on-curve': [ '0.2.0' ],
16 silly audit   'points-on-path': [ '0.2.1' ],
16 silly audit   postcss: [ '8.4.31', '8.5.15' ],
16 silly audit   'postcss-selector-parser': [ '6.0.10', '7.1.4' ],
16 silly audit   'powershell-utils': [ '0.1.0' ],
16 silly audit   'prelude-ls': [ '1.2.1' ],
16 silly audit   prettier: [ '3.8.4' ],
16 silly audit   'pretty-format': [ '27.5.1' ],
16 silly audit   'pretty-ms': [ '9.3.0' ],
16 silly audit   prismjs: [ '1.30.0', '1.27.0' ],
16 silly audit   prompts: [ '2.4.2' ],
16 silly audit   'proxy-addr': [ '2.0.7' ],
16 silly audit   punycode: [ '2.3.1' ],
16 silly audit   qs: [ '6.15.2' ],
16 silly audit   'queue-microtask': [ '1.2.3' ],
16 silly audit   'radix-ui': [ '1.6.0' ],
16 silly audit   'range-parser': [ '1.2.1' ],
16 silly audit   'raw-body': [ '3.0.2' ],
16 silly audit   react: [ '19.2.7' ],
16 silly audit   'react-docgen': [ '8.0.3' ],
16 silly audit   'react-docgen-typescript': [ '2.4.0' ],
16 silly audit   'react-dom': [ '19.2.7' ],
16 silly audit   'react-is': [ '17.0.2' ],
16 silly audit   'react-jsx-parser': [ '2.4.1' ],
16 silly audit   'react-markdown': [ '9.1.0' ],
16 silly audit   'react-refresh': [ '0.18.0' ],
16 silly audit   'react-remove-scroll': [ '2.7.2' ],
16 silly audit   'react-remove-scroll-bar': [ '2.3.8' ],
16 silly audit   'react-router': [ '7.18.0' ],
16 silly audit   'react-router-dom': [ '7.18.0' ],
16 silly audit   'react-style-singleton': [ '2.2.3' ],
16 silly audit   'react-syntax-highlighter': [ '15.6.6' ],
16 silly audit   'react-virtualized-auto-sizer': [ '1.0.26' ],
16 silly audit   recast: [ '0.23.11' ],
16 silly audit   redent: [ '3.0.0' ],
16 silly audit   'strip-indent': [ '3.0.0', '4.1.1' ],
16 silly audit   refractor: [ '3.6.0' ],
16 silly audit   regex: [ '6.1.0' ],
16 silly audit   'regex-recursion': [ '6.0.2' ],
16 silly audit   'regex-utilities': [ '2.3.0' ],
16 silly audit   'rehype-harden': [ '1.1.8' ],
16 silly audit   'rehype-highlight': [ '7.0.2' ],
16 silly audit   'rehype-katex': [ '7.0.1' ],
16 silly audit   'rehype-raw': [ '7.0.0' ],
16 silly audit   'rehype-sanitize': [ '6.0.0' ],
16 silly audit   'remark-cjk-friendly': [ '2.3.1' ],
16 silly audit   'remark-cjk-friendly-gfm-strikethrough': [ '2.3.1' ],
16 silly audit   'remark-gfm': [ '4.0.1' ],
16 silly audit   'remark-math': [ '6.0.0' ],
16 silly audit   'remark-parse': [ '11.0.0' ],
16 silly audit   'remark-rehype': [ '11.1.2' ],
16 silly audit   'remark-stringify': [ '11.0.0' ],
16 silly audit   remend: [ '1.3.0' ],
16 silly audit   'require-directory': [ '2.1.1' ],
16 silly audit   'require-from-string': [ '2.0.2' ],
16 silly audit   reselect: [ '5.2.0' ],
16 silly audit   resolve: [ '1.22.12' ],
16 silly audit   'resolve-from': [ '4.0.0' ],
16 silly audit   'restore-cursor': [ '5.1.0' ],
16 silly audit   rettime: [ '0.11.11' ],
16 silly audit   reusify: [ '1.1.0' ],
16 silly audit   'robust-predicates': [ '3.0.3' ],
16 silly audit   rollup: [ '4.62.0' ],
16 silly audit   roughjs: [ '4.6.6' ],
16 silly audit   router: [ '2.2.0' ],
16 silly audit   'run-applescript': [ '7.1.0' ],
16 silly audit   'run-parallel': [ '1.2.0' ],
16 silly audit   rw: [ '1.3.3' ],
16 silly audit   'safer-buffer': [ '2.1.2' ],
16 silly audit   saxes: [ '6.0.0' ],
16 silly audit   scheduler: [ '0.27.0' ],
16 silly audit   send: [ '1.2.1' ],
16 silly audit   'serve-static': [ '2.2.1' ],
16 silly audit   setprototypeof: [ '1.2.0' ],
16 silly audit   shadcn: [ '3.8.5' ],
16 silly audit   zod: [ '3.25.76', '4.4.3' ],
16 silly audit   sharp: [ '0.34.5' ],
16 silly audit   'shebang-command': [ '2.0.0' ],
16 silly audit   'shebang-regex': [ '3.0.0' ],
16 silly audit   'side-channel': [ '1.1.1' ],
16 silly audit   'side-channel-list': [ '1.0.1' ],
16 silly audit   'side-channel-map': [ '1.0.1' ],
16 silly audit   'side-channel-weakmap': [ '1.0.2' ],
16 silly audit   siginfo: [ '2.0.0' ],
16 silly audit   sigma: [ '3.0.3' ],
16 silly audit   sisteransi: [ '1.0.5' ],
16 silly audit   sonner: [ '2.0.7' ],
16 silly audit   'source-map': [ '0.6.1' ],
16 silly audit   'source-map-js': [ '1.2.1' ],
16 silly audit   stackback: [ '0.0.2' ],
16 silly audit   statuses: [ '2.0.2' ],
16 silly audit   'std-env': [ '4.1.0' ],
16 silly audit   'stdin-discarder': [ '0.2.2' ],
16 silly audit   storybook: [ '9.1.19' ],
16 silly audit   streamdown: [ '2.5.0' ],
16 silly audit   'strict-event-emitter': [ '0.5.1' ],
16 silly audit   'stringify-entities': [ '4.0.4' ],
16 silly audit   'stringify-object': [ '5.0.0' ],
16 silly audit   'strip-bom': [ '3.0.0' ],
16 silly audit   'strip-json-comments': [ '3.1.1' ],
16 silly audit   'style-to-js': [ '1.1.21' ],
16 silly audit   'style-to-object': [ '1.0.14' ],
16 silly audit   'styled-jsx': [ '5.1.6' ],
16 silly audit   stylis: [ '4.4.0' ],
16 silly audit   'supports-color': [ '7.2.0' ],
16 silly audit   'supports-preserve-symlinks-flag': [ '1.0.0' ],
16 silly audit   'symbol-tree': [ '3.2.4' ],
16 silly audit   systeminformation: [ '5.31.7' ],
16 silly audit   'tagged-tag': [ '1.0.0' ],
16 silly audit   'tailwind-merge': [ '3.6.0' ],
16 silly audit   tailwindcss: [ '4.3.1' ],
16 silly audit   tapable: [ '2.3.3' ],
16 silly audit   'tiny-invariant': [ '1.3.3' ],
16 silly audit   tinybench: [ '2.9.0' ],
16 silly audit   tinyexec: [ '1.2.4' ],
16 silly audit   tinyglobby: [ '0.2.17' ],
16 silly audit   tinyspy: [ '4.0.4' ],
16 silly audit   tldts: [ '7.4.3' ],
16 silly audit   'tldts-core': [ '7.4.3' ],
16 silly audit   'to-regex-range': [ '5.0.1' ],
16 silly audit   toidentifier: [ '1.0.1' ],
16 silly audit   tokenlens: [ '1.3.1' ],
16 silly audit   'tough-cookie': [ '6.0.1' ],
16 silly audit   tr46: [ '6.0.0' ],
16 silly audit   'trim-lines': [ '3.0.1' ],
16 silly audit   trough: [ '2.2.0' ],
16 silly audit   'ts-api-utils': [ '2.5.0' ],
16 silly audit   'ts-dedent': [ '2.3.0' ],
16 silly audit   'ts-morph': [ '26.0.0' ],
16 silly audit   'tsconfig-paths': [ '4.2.0' ],
16 silly audit   tslib: [ '2.8.1' ],
16 silly audit   tsx: [ '4.22.4' ],
16 silly audit   'tw-animate-css': [ '1.4.0' ],
16 silly audit   'type-check': [ '0.4.0' ],
16 silly audit   'type-fest': [ '5.7.0' ],
16 silly audit   'type-is': [ '2.1.0' ],
16 silly audit   typescript: [ '5.9.3' ],
16 silly audit   'typescript-eslint': [ '8.61.1' ],
16 silly audit   'uc.micro': [ '1.0.6' ],
16 silly audit   undici: [ '7.28.0' ],
16 silly audit   'undici-types': [ '7.24.6' ],
16 silly audit   unified: [ '11.0.5' ],
16 silly audit   'unist-util-find-after': [ '5.0.0' ],
16 silly audit   'unist-util-is': [ '6.0.1' ],
16 silly audit   'unist-util-position': [ '5.0.0' ],
16 silly audit   'unist-util-remove-position': [ '5.0.0' ],
16 silly audit   'unist-util-stringify-position': [ '4.0.0' ],
16 silly audit   'unist-util-visit': [ '5.1.0' ],
16 silly audit   'unist-util-visit-parents': [ '6.0.2' ],
16 silly audit   universalify: [ '2.0.1' ],
16 silly audit   unpipe: [ '1.0.0' ],
16 silly audit   unplugin: [ '1.16.1' ],
16 silly audit   'until-async': [ '3.0.2' ],
16 silly audit   'update-browserslist-db': [ '1.2.3' ],
16 silly audit   'uri-js': [ '4.4.1' ],
16 silly audit   'use-callback-ref': [ '1.3.3' ],
16 silly audit   'use-debounce': [ '10.1.1' ],
16 silly audit   'use-sidecar': [ '1.1.3' ],
16 silly audit   'use-stick-to-bottom': [ '1.1.6' ],
16 silly audit   'use-sync-external-store': [ '1.6.0' ],
16 silly audit   'util-deprecate': [ '1.0.2' ],
16 silly audit   uuid: [ '14.0.0' ],
16 silly audit   'validate-npm-package-name': [ '7.0.2' ],
16 silly audit   vary: [ '1.1.2' ],
16 silly audit   vfile: [ '6.0.3' ],
16 silly audit   'vfile-location': [ '5.0.3' ],
16 silly audit   'vfile-message': [ '4.0.3' ],
16 silly audit   vite: [ '7.3.5' ],
16 silly audit   vitest: [ '4.1.9' ],
16 silly audit   'w3c-xmlserializer': [ '5.0.0' ],
16 silly audit   'web-namespaces': [ '2.0.1' ],
16 silly audit   'web-streams-polyfill': [ '3.3.3' ],
16 silly audit   'webidl-conversions': [ '8.0.1' ],
16 silly audit   'webpack-virtual-modules': [ '0.6.2' ],
16 silly audit   'whatwg-mimetype': [ '5.0.0' ],
16 silly audit   'whatwg-url': [ '16.0.1' ],
16 silly audit   'why-is-node-running': [ '2.3.0' ],
16 silly audit   'word-wrap': [ '1.2.5' ],
16 silly audit   wrappy: [ '1.0.2' ],
16 silly audit   ws: [ '8.21.0' ],
16 silly audit   'wsl-utils': [ '0.3.1' ],
16 silly audit   'xml-name-validator': [ '5.0.0' ],
16 silly audit   xmlchars: [ '2.2.0' ],
16 silly audit   xtend: [ '4.0.2' ],
16 silly audit   y18n: [ '5.0.8' ],
16 silly audit   yallist: [ '3.1.1' ],
16 silly audit   yargs: [ '17.7.2' ],
16 silly audit   'yargs-parser': [ '21.1.1' ],
16 silly audit   'yocto-spinner': [ '1.2.0' ],
16 silly audit   yoctocolors: [ '2.1.2' ],
16 silly audit   'zod-to-json-schema': [ '3.25.2' ],
16 silly audit   'zod-validation-error': [ '4.0.2' ],
16 silly audit   zwitch: [ '2.0.4' ]
16 silly audit }
17 http cache zwitch@https://registry.npmjs.org/zwitch/-/zwitch-2.0.4.tgz 1ms (cache hit)
18 http cache zustand@https://registry.npmjs.org/zustand/-/zustand-5.0.14.tgz 0ms (cache hit)
19 http cache zod-validation-error@https://registry.npmjs.org/zod-validation-error/-/zod-validation-error-4.0.2.tgz 0ms (cache hit)
20 http cache zod-to-json-schema@https://registry.npmjs.org/zod-to-json-schema/-/zod-to-json-schema-3.25.2.tgz 0ms (cache hit)
21 http cache zod@https://registry.npmjs.org/zod/-/zod-4.4.3.tgz 0ms (cache hit)
22 http cache yoctocolors@https://registry.npmjs.org/yoctocolors/-/yoctocolors-2.1.2.tgz 0ms (cache hit)
23 http cache yocto-spinner@https://registry.npmjs.org/yocto-spinner/-/yocto-spinner-1.2.0.tgz 0ms (cache hit)
24 http cache yocto-queue@https://registry.npmjs.org/yocto-queue/-/yocto-queue-1.2.2.tgz 0ms (cache hit)
25 http cache yargs-parser@https://registry.npmjs.org/yargs-parser/-/yargs-parser-21.1.1.tgz 0ms (cache hit)
26 http cache yargs@https://registry.npmjs.org/yargs/-/yargs-17.7.2.tgz 0ms (cache hit)
27 http cache yallist@https://registry.npmjs.org/yallist/-/yallist-3.1.1.tgz 0ms (cache hit)
28 http cache y18n@https://registry.npmjs.org/y18n/-/y18n-5.0.8.tgz 0ms (cache hit)
29 http cache xtend@https://registry.npmjs.org/xtend/-/xtend-4.0.2.tgz 0ms (cache hit)
30 http cache xmlchars@https://registry.npmjs.org/xmlchars/-/xmlchars-2.2.0.tgz 0ms (cache hit)
31 http cache xml-name-validator@https://registry.npmjs.org/xml-name-validator/-/xml-name-validator-5.0.0.tgz 0ms (cache hit)
32 http cache wsl-utils@https://registry.npmjs.org/wsl-utils/-/wsl-utils-0.3.1.tgz 0ms (cache hit)
33 http cache ws@https://registry.npmjs.org/ws/-/ws-8.21.0.tgz 0ms (cache hit)
34 http cache wrappy@https://registry.npmjs.org/wrappy/-/wrappy-1.0.2.tgz 0ms (cache hit)
35 http cache wrap-ansi-cjs@https://registry.npmjs.org/wrap-ansi/-/wrap-ansi-7.0.0.tgz 0ms (cache hit)
36 http cache wrap-ansi@https://registry.npmjs.org/wrap-ansi/-/wrap-ansi-8.1.0.tgz 0ms (cache hit)
37 http cache why-is-node-running@https://registry.npmjs.org/why-is-node-running/-/why-is-node-running-2.3.0.tgz 0ms (cache hit)
38 http cache word-wrap@https://registry.npmjs.org/word-wrap/-/word-wrap-1.2.5.tgz 0ms (cache hit)
39 http cache which@https://registry.npmjs.org/which/-/which-2.0.2.tgz 0ms (cache hit)
40 http cache whatwg-url@https://registry.npmjs.org/whatwg-url/-/whatwg-url-16.0.1.tgz 0ms (cache hit)
41 http cache whatwg-mimetype@https://registry.npmjs.org/whatwg-mimetype/-/whatwg-mimetype-5.0.0.tgz 0ms (cache hit)
42 http cache webidl-conversions@https://registry.npmjs.org/webidl-conversions/-/webidl-conversions-8.0.1.tgz 0ms (cache hit)
43 http cache webpack-virtual-modules@https://registry.npmjs.org/webpack-virtual-modules/-/webpack-virtual-modules-0.6.2.tgz 0ms (cache hit)
44 http cache web-streams-polyfill@https://registry.npmjs.org/web-streams-polyfill/-/web-streams-polyfill-3.3.3.tgz 0ms (cache hit)
45 http cache w3c-xmlserializer@https://registry.npmjs.org/w3c-xmlserializer/-/w3c-xmlserializer-5.0.0.tgz 0ms (cache hit)
46 http cache vitest@https://registry.npmjs.org/vitest/-/vitest-4.1.9.tgz 0ms (cache hit)
47 http cache vite@https://registry.npmjs.org/vite/-/vite-7.3.5.tgz 0ms (cache hit)
48 http cache web-namespaces@https://registry.npmjs.org/web-namespaces/-/web-namespaces-2.0.1.tgz 0ms (cache hit)
49 http cache vfile-location@https://registry.npmjs.org/vfile-location/-/vfile-location-5.0.3.tgz 0ms (cache hit)
50 http cache vfile-message@https://registry.npmjs.org/vfile-message/-/vfile-message-4.0.3.tgz 0ms (cache hit)
51 http cache vfile@https://registry.npmjs.org/vfile/-/vfile-6.0.3.tgz 0ms (cache hit)
52 http cache validate-npm-package-name@https://registry.npmjs.org/validate-npm-package-name/-/validate-npm-package-name-7.0.2.tgz 0ms (cache hit)
53 http cache uuid@https://registry.npmjs.org/uuid/-/uuid-14.0.0.tgz 0ms (cache hit)
54 http cache vary@https://registry.npmjs.org/vary/-/vary-1.1.2.tgz 0ms (cache hit)
55 http cache util-deprecate@https://registry.npmjs.org/util-deprecate/-/util-deprecate-1.0.2.tgz 0ms (cache hit)
56 http cache use-stick-to-bottom@https://registry.npmjs.org/use-stick-to-bottom/-/use-stick-to-bottom-1.1.6.tgz 0ms (cache hit)
57 http cache use-sidecar@https://registry.npmjs.org/use-sidecar/-/use-sidecar-1.1.3.tgz 0ms (cache hit)
58 http cache use-sync-external-store@https://registry.npmjs.org/use-sync-external-store/-/use-sync-external-store-1.6.0.tgz 0ms (cache hit)
59 http cache use-debounce@https://registry.npmjs.org/use-debounce/-/use-debounce-10.1.1.tgz 0ms (cache hit)
60 http cache uri-js@https://registry.npmjs.org/uri-js/-/uri-js-4.4.1.tgz 0ms (cache hit)
61 http cache use-callback-ref@https://registry.npmjs.org/use-callback-ref/-/use-callback-ref-1.3.3.tgz 0ms (cache hit)
62 http cache update-browserslist-db@https://registry.npmjs.org/update-browserslist-db/-/update-browserslist-db-1.2.3.tgz 0ms (cache hit)
63 http cache unplugin@https://registry.npmjs.org/unplugin/-/unplugin-1.16.1.tgz 0ms (cache hit)
64 http cache until-async@https://registry.npmjs.org/until-async/-/until-async-3.0.2.tgz 0ms (cache hit)
65 http cache unpipe@https://registry.npmjs.org/unpipe/-/unpipe-1.0.0.tgz 0ms (cache hit)
66 http cache unist-util-visit-parents@https://registry.npmjs.org/unist-util-visit-parents/-/unist-util-visit-parents-6.0.2.tgz 0ms (cache hit)
67 http cache universalify@https://registry.npmjs.org/universalify/-/universalify-2.0.1.tgz 1ms (cache hit)
68 http cache unist-util-visit@https://registry.npmjs.org/unist-util-visit/-/unist-util-visit-5.1.0.tgz 0ms (cache hit)
69 http cache unist-util-remove-position@https://registry.npmjs.org/unist-util-remove-position/-/unist-util-remove-position-5.0.0.tgz 0ms (cache hit)
70 http cache unist-util-stringify-position@https://registry.npmjs.org/unist-util-stringify-position/-/unist-util-stringify-position-4.0.0.tgz 0ms (cache hit)
71 http cache unist-util-position@https://registry.npmjs.org/unist-util-position/-/unist-util-position-5.0.0.tgz 0ms (cache hit)
72 http cache unist-util-find-after@https://registry.npmjs.org/unist-util-find-after/-/unist-util-find-after-5.0.0.tgz 0ms (cache hit)
73 http cache unist-util-is@https://registry.npmjs.org/unist-util-is/-/unist-util-is-6.0.1.tgz 0ms (cache hit)
74 http cache unified@https://registry.npmjs.org/unified/-/unified-11.0.5.tgz 0ms (cache hit)
75 http cache unicorn-magic@https://registry.npmjs.org/unicorn-magic/-/unicorn-magic-0.1.0.tgz 0ms (cache hit)
76 http cache undici-types@https://registry.npmjs.org/undici-types/-/undici-types-7.24.6.tgz 0ms (cache hit)
77 http cache undici@https://registry.npmjs.org/undici/-/undici-7.28.0.tgz 0ms (cache hit)
78 http cache uc.micro@https://registry.npmjs.org/uc.micro/-/uc.micro-1.0.6.tgz 0ms (cache hit)
79 http cache typescript-eslint@https://registry.npmjs.org/typescript-eslint/-/typescript-eslint-8.61.1.tgz 0ms (cache hit)
80 http cache typescript@https://registry.npmjs.org/typescript/-/typescript-5.9.3.tgz 0ms (cache hit)
81 http cache type-is@https://registry.npmjs.org/type-is/-/type-is-2.1.0.tgz 0ms (cache hit)
82 http cache type-fest@https://registry.npmjs.org/type-fest/-/type-fest-5.7.0.tgz 0ms (cache hit)
83 http cache type-check@https://registry.npmjs.org/type-check/-/type-check-0.4.0.tgz 0ms (cache hit)
84 http cache tw-animate-css@https://registry.npmjs.org/tw-animate-css/-/tw-animate-css-1.4.0.tgz 0ms (cache hit)
85 http cache tsx@https://registry.npmjs.org/tsx/-/tsx-4.22.4.tgz 0ms (cache hit)
86 http cache ts-morph@https://registry.npmjs.org/ts-morph/-/ts-morph-26.0.0.tgz 0ms (cache hit)
87 http cache tslib@https://registry.npmjs.org/tslib/-/tslib-2.8.1.tgz 0ms (cache hit)
88 http cache ts-dedent@https://registry.npmjs.org/ts-dedent/-/ts-dedent-2.3.0.tgz 0ms (cache hit)
89 http cache tsconfig-paths@https://registry.npmjs.org/tsconfig-paths/-/tsconfig-paths-4.2.0.tgz 0ms (cache hit)
90 http cache ts-api-utils@https://registry.npmjs.org/ts-api-utils/-/ts-api-utils-2.5.0.tgz 0ms (cache hit)
91 http cache trough@https://registry.npmjs.org/trough/-/trough-2.2.0.tgz 0ms (cache hit)
92 http cache tr46@https://registry.npmjs.org/tr46/-/tr46-6.0.0.tgz 0ms (cache hit)
93 http cache trim-lines@https://registry.npmjs.org/trim-lines/-/trim-lines-3.0.1.tgz 0ms (cache hit)
94 http cache tough-cookie@https://registry.npmjs.org/tough-cookie/-/tough-cookie-6.0.1.tgz 0ms (cache hit)
95 http cache tokenlens@https://registry.npmjs.org/tokenlens/-/tokenlens-1.3.1.tgz 0ms (cache hit)
96 http cache to-regex-range@https://registry.npmjs.org/to-regex-range/-/to-regex-range-5.0.1.tgz 0ms (cache hit)
97 http cache tldts-core@https://registry.npmjs.org/tldts-core/-/tldts-core-7.4.3.tgz 0ms (cache hit)
98 http cache toidentifier@https://registry.npmjs.org/toidentifier/-/toidentifier-1.0.1.tgz 0ms (cache hit)
99 http cache tldts@https://registry.npmjs.org/tldts/-/tldts-7.4.3.tgz 0ms (cache hit)
100 http cache tinyrainbow@https://registry.npmjs.org/tinyrainbow/-/tinyrainbow-2.0.0.tgz 0ms (cache hit)
101 http cache tinyspy@https://registry.npmjs.org/tinyspy/-/tinyspy-4.0.4.tgz 0ms (cache hit)
102 http cache tinyglobby@https://registry.npmjs.org/tinyglobby/-/tinyglobby-0.2.17.tgz 0ms (cache hit)
103 http cache tinyexec@https://registry.npmjs.org/tinyexec/-/tinyexec-1.2.4.tgz 0ms (cache hit)
104 http cache tinybench@https://registry.npmjs.org/tinybench/-/tinybench-2.9.0.tgz 0ms (cache hit)
105 http cache tiny-invariant@https://registry.npmjs.org/tiny-invariant/-/tiny-invariant-1.3.3.tgz 0ms (cache hit)
106 http cache tailwindcss@https://registry.npmjs.org/tailwindcss/-/tailwindcss-4.3.1.tgz 0ms (cache hit)
107 http cache tapable@https://registry.npmjs.org/tapable/-/tapable-2.3.3.tgz 0ms (cache hit)
108 http cache tailwind-merge@https://registry.npmjs.org/tailwind-merge/-/tailwind-merge-3.6.0.tgz 1ms (cache hit)
109 http cache tagged-tag@https://registry.npmjs.org/tagged-tag/-/tagged-tag-1.0.0.tgz 0ms (cache hit)
110 http cache systeminformation@https://registry.npmjs.org/systeminformation/-/systeminformation-5.31.7.tgz 0ms (cache hit)
111 http cache symbol-tree@https://registry.npmjs.org/symbol-tree/-/symbol-tree-3.2.4.tgz 0ms (cache hit)
112 http cache supports-preserve-symlinks-flag@https://registry.npmjs.org/supports-preserve-symlinks-flag/-/supports-preserve-symlinks-flag-1.0.0.tgz 1ms (cache hit)
113 http cache supports-color@https://registry.npmjs.org/supports-color/-/supports-color-7.2.0.tgz 0ms (cache hit)
114 http cache stylis@https://registry.npmjs.org/stylis/-/stylis-4.4.0.tgz 0ms (cache hit)
115 http cache styled-jsx@https://registry.npmjs.org/styled-jsx/-/styled-jsx-5.1.6.tgz 0ms (cache hit)
116 http cache style-to-object@https://registry.npmjs.org/style-to-object/-/style-to-object-1.0.14.tgz 0ms (cache hit)
117 http cache style-to-js@https://registry.npmjs.org/style-to-js/-/style-to-js-1.1.21.tgz 0ms (cache hit)
118 http cache strip-json-comments@https://registry.npmjs.org/strip-json-comments/-/strip-json-comments-3.1.1.tgz 0ms (cache hit)
119 http cache strip-indent@https://registry.npmjs.org/strip-indent/-/strip-indent-4.1.1.tgz 0ms (cache hit)
120 http cache strip-final-newline@https://registry.npmjs.org/strip-final-newline/-/strip-final-newline-4.0.0.tgz 0ms (cache hit)
121 http cache strip-bom@https://registry.npmjs.org/strip-bom/-/strip-bom-3.0.0.tgz 0ms (cache hit)
122 http cache strip-ansi-cjs@https://registry.npmjs.org/strip-ansi/-/strip-ansi-6.0.1.tgz 0ms (cache hit)
123 http cache stringify-object@https://registry.npmjs.org/stringify-object/-/stringify-object-5.0.0.tgz 0ms (cache hit)
124 http cache stringify-entities@https://registry.npmjs.org/stringify-entities/-/stringify-entities-4.0.4.tgz 0ms (cache hit)
125 http cache string-width-cjs@https://registry.npmjs.org/string-width/-/string-width-4.2.3.tgz 0ms (cache hit)
126 http cache string-width@https://registry.npmjs.org/string-width/-/string-width-5.1.2.tgz 0ms (cache hit)
127 http cache strip-ansi@https://registry.npmjs.org/strip-ansi/-/strip-ansi-7.2.0.tgz 0ms (cache hit)
128 http cache streamdown@https://registry.npmjs.org/streamdown/-/streamdown-2.5.0.tgz 0ms (cache hit)
129 http cache storybook@https://registry.npmjs.org/storybook/-/storybook-9.1.19.tgz 0ms (cache hit)
130 http cache stdin-discarder@https://registry.npmjs.org/stdin-discarder/-/stdin-discarder-0.2.2.tgz 0ms (cache hit)
131 http cache std-env@https://registry.npmjs.org/std-env/-/std-env-4.1.0.tgz 0ms (cache hit)
132 http cache statuses@https://registry.npmjs.org/statuses/-/statuses-2.0.2.tgz 0ms (cache hit)
133 http cache stackback@https://registry.npmjs.org/stackback/-/stackback-0.0.2.tgz 0ms (cache hit)
134 http cache space-separated-tokens@https://registry.npmjs.org/space-separated-tokens/-/space-separated-tokens-2.0.2.tgz 0ms (cache hit)
135 http cache source-map-js@https://registry.npmjs.org/source-map-js/-/source-map-js-1.2.1.tgz 0ms (cache hit)
136 http cache strict-event-emitter@https://registry.npmjs.org/strict-event-emitter/-/strict-event-emitter-0.5.1.tgz 0ms (cache hit)
137 http cache sonner@https://registry.npmjs.org/sonner/-/sonner-2.0.7.tgz 0ms (cache hit)
138 http cache sisteransi@https://registry.npmjs.org/sisteransi/-/sisteransi-1.0.5.tgz 0ms (cache hit)
139 http cache signal-exit@https://registry.npmjs.org/signal-exit/-/signal-exit-4.1.0.tgz 0ms (cache hit)
140 http cache sigma@https://registry.npmjs.org/sigma/-/sigma-3.0.3.tgz 0ms (cache hit)
141 http cache source-map@https://registry.npmjs.org/source-map/-/source-map-0.6.1.tgz 0ms (cache hit)
142 http cache side-channel-weakmap@https://registry.npmjs.org/side-channel-weakmap/-/side-channel-weakmap-1.0.2.tgz 0ms (cache hit)
143 http cache side-channel-map@https://registry.npmjs.org/side-channel-map/-/side-channel-map-1.0.1.tgz 0ms (cache hit)
144 http cache side-channel-list@https://registry.npmjs.org/side-channel-list/-/side-channel-list-1.0.1.tgz 0ms (cache hit)
145 http cache side-channel@https://registry.npmjs.org/side-channel/-/side-channel-1.1.1.tgz 0ms (cache hit)
146 http cache siginfo@https://registry.npmjs.org/siginfo/-/siginfo-2.0.0.tgz 0ms (cache hit)
147 http cache shiki@https://registry.npmjs.org/shiki/-/shiki-4.2.0.tgz 0ms (cache hit)
148 http cache shebang-regex@https://registry.npmjs.org/shebang-regex/-/shebang-regex-3.0.0.tgz 0ms (cache hit)
149 http cache shebang-command@https://registry.npmjs.org/shebang-command/-/shebang-command-2.0.0.tgz 0ms (cache hit)
150 http cache sharp@https://registry.npmjs.org/sharp/-/sharp-0.34.5.tgz 0ms (cache hit)
151 http cache setprototypeof@https://registry.npmjs.org/setprototypeof/-/setprototypeof-1.2.0.tgz 0ms (cache hit)
152 http cache set-cookie-parser@https://registry.npmjs.org/set-cookie-parser/-/set-cookie-parser-2.7.2.tgz 0ms (cache hit)
153 http cache serve-static@https://registry.npmjs.org/serve-static/-/serve-static-2.2.1.tgz 0ms (cache hit)
154 http cache send@https://registry.npmjs.org/send/-/send-1.2.1.tgz 0ms (cache hit)
155 http cache semver@https://registry.npmjs.org/semver/-/semver-6.3.1.tgz 0ms (cache hit)
156 http cache scheduler@https://registry.npmjs.org/scheduler/-/scheduler-0.27.0.tgz 0ms (cache hit)
157 http cache saxes@https://registry.npmjs.org/saxes/-/saxes-6.0.0.tgz 0ms (cache hit)
158 http cache safer-buffer@https://registry.npmjs.org/safer-buffer/-/safer-buffer-2.1.2.tgz 0ms (cache hit)
159 http cache shadcn@https://registry.npmjs.org/shadcn/-/shadcn-3.8.5.tgz 0ms (cache hit)
160 http cache run-parallel@https://registry.npmjs.org/run-parallel/-/run-parallel-1.2.0.tgz 0ms (cache hit)
161 http cache run-applescript@https://registry.npmjs.org/run-applescript/-/run-applescript-7.1.0.tgz 0ms (cache hit)
162 http cache router@https://registry.npmjs.org/router/-/router-2.2.0.tgz 0ms (cache hit)
163 http cache roughjs@https://registry.npmjs.org/roughjs/-/roughjs-4.6.6.tgz 0ms (cache hit)
164 http cache rollup@https://registry.npmjs.org/rollup/-/rollup-4.62.0.tgz 0ms (cache hit)
165 http cache robust-predicates@https://registry.npmjs.org/robust-predicates/-/robust-predicates-3.0.3.tgz 0ms (cache hit)
166 http cache reusify@https://registry.npmjs.org/reusify/-/reusify-1.1.0.tgz 0ms (cache hit)
167 http cache rettime@https://registry.npmjs.org/rettime/-/rettime-0.11.11.tgz 0ms (cache hit)
168 http cache restore-cursor@https://registry.npmjs.org/restore-cursor/-/restore-cursor-5.1.0.tgz 0ms (cache hit)
169 http cache resolve-from@https://registry.npmjs.org/resolve-from/-/resolve-from-4.0.0.tgz 0ms (cache hit)
170 http cache resolve@https://registry.npmjs.org/resolve/-/resolve-1.22.12.tgz 0ms (cache hit)
171 http cache reselect@https://registry.npmjs.org/reselect/-/reselect-5.2.0.tgz 1ms (cache hit)
172 http cache require-from-string@https://registry.npmjs.org/require-from-string/-/require-from-string-2.0.2.tgz 0ms (cache hit)
173 http cache require-directory@https://registry.npmjs.org/require-directory/-/require-directory-2.1.1.tgz 0ms (cache hit)
174 http cache remend@https://registry.npmjs.org/remend/-/remend-1.3.0.tgz 0ms (cache hit)
175 http cache remark-stringify@https://registry.npmjs.org/remark-stringify/-/remark-stringify-11.0.0.tgz 0ms (cache hit)
176 http cache remark-rehype@https://registry.npmjs.org/remark-rehype/-/remark-rehype-11.1.2.tgz 0ms (cache hit)
177 http cache remark-parse@https://registry.npmjs.org/remark-parse/-/remark-parse-11.0.0.tgz 0ms (cache hit)
178 http cache remark-math@https://registry.npmjs.org/remark-math/-/remark-math-6.0.0.tgz 0ms (cache hit)
179 http cache remark-gfm@https://registry.npmjs.org/remark-gfm/-/remark-gfm-4.0.1.tgz 0ms (cache hit)
180 http cache remark-cjk-friendly-gfm-strikethrough@https://registry.npmjs.org/remark-cjk-friendly-gfm-strikethrough/-/remark-cjk-friendly-gfm-strikethrough-2.3.1.tgz 0ms (cache hit)
181 http cache remark-cjk-friendly@https://registry.npmjs.org/remark-cjk-friendly/-/remark-cjk-friendly-2.3.1.tgz 0ms (cache hit)
182 http cache rehype-sanitize@https://registry.npmjs.org/rehype-sanitize/-/rehype-sanitize-6.0.0.tgz 0ms (cache hit)
183 http cache rehype-raw@https://registry.npmjs.org/rehype-raw/-/rehype-raw-7.0.0.tgz 0ms (cache hit)
184 http cache rehype-katex@https://registry.npmjs.org/rehype-katex/-/rehype-katex-7.0.1.tgz 0ms (cache hit)
185 http cache rehype-highlight@https://registry.npmjs.org/rehype-highlight/-/rehype-highlight-7.0.2.tgz 0ms (cache hit)
186 http cache regex-utilities@https://registry.npmjs.org/regex-utilities/-/regex-utilities-2.3.0.tgz 1ms (cache hit)
187 http cache rehype-harden@https://registry.npmjs.org/rehype-harden/-/rehype-harden-1.1.8.tgz 0ms (cache hit)
188 http cache regex-recursion@https://registry.npmjs.org/regex-recursion/-/regex-recursion-6.0.2.tgz 0ms (cache hit)
189 http cache regex@https://registry.npmjs.org/regex/-/regex-6.1.0.tgz 0ms (cache hit)
190 http cache refractor@https://registry.npmjs.org/refractor/-/refractor-3.6.0.tgz 0ms (cache hit)
191 http cache redent@https://registry.npmjs.org/redent/-/redent-3.0.0.tgz 0ms (cache hit)
192 http cache recast@https://registry.npmjs.org/recast/-/recast-0.23.11.tgz 0ms (cache hit)
193 http cache react-virtualized-auto-sizer@https://registry.npmjs.org/react-virtualized-auto-sizer/-/react-virtualized-auto-sizer-1.0.26.tgz 0ms (cache hit)
194 http cache react-syntax-highlighter@https://registry.npmjs.org/react-syntax-highlighter/-/react-syntax-highlighter-15.6.6.tgz 0ms (cache hit)
195 http cache react-style-singleton@https://registry.npmjs.org/react-style-singleton/-/react-style-singleton-2.2.3.tgz 0ms (cache hit)
196 http cache react-router-dom@https://registry.npmjs.org/react-router-dom/-/react-router-dom-7.18.0.tgz 0ms (cache hit)
197 http cache react-router@https://registry.npmjs.org/react-router/-/react-router-7.18.0.tgz 0ms (cache hit)
198 http cache react-remove-scroll-bar@https://registry.npmjs.org/react-remove-scroll-bar/-/react-remove-scroll-bar-2.3.8.tgz 0ms (cache hit)
199 http cache react-remove-scroll@https://registry.npmjs.org/react-remove-scroll/-/react-remove-scroll-2.7.2.tgz 0ms (cache hit)
200 http cache react-refresh@https://registry.npmjs.org/react-refresh/-/react-refresh-0.18.0.tgz 0ms (cache hit)
201 http cache react-markdown@https://registry.npmjs.org/react-markdown/-/react-markdown-9.1.0.tgz 0ms (cache hit)
202 http cache react-jsx-parser@https://registry.npmjs.org/react-jsx-parser/-/react-jsx-parser-2.4.1.tgz 0ms (cache hit)
203 http cache react-is@https://registry.npmjs.org/react-is/-/react-is-17.0.2.tgz 0ms (cache hit)
204 http cache react-dom@https://registry.npmjs.org/react-dom/-/react-dom-19.2.7.tgz 0ms (cache hit)
205 http cache react-docgen-typescript@https://registry.npmjs.org/react-docgen-typescript/-/react-docgen-typescript-2.4.0.tgz 0ms (cache hit)
206 http cache react-docgen@https://registry.npmjs.org/react-docgen/-/react-docgen-8.0.3.tgz 0ms (cache hit)
207 http cache react@https://registry.npmjs.org/react/-/react-19.2.7.tgz 0ms (cache hit)
208 http cache raw-body@https://registry.npmjs.org/raw-body/-/raw-body-3.0.2.tgz 0ms (cache hit)
209 http cache range-parser@https://registry.npmjs.org/range-parser/-/range-parser-1.2.1.tgz 0ms (cache hit)
210 http cache radix-ui@https://registry.npmjs.org/radix-ui/-/radix-ui-1.6.0.tgz 0ms (cache hit)
211 http cache queue-microtask@https://registry.npmjs.org/queue-microtask/-/queue-microtask-1.2.3.tgz 0ms (cache hit)
212 http cache qs@https://registry.npmjs.org/qs/-/qs-6.15.2.tgz 0ms (cache hit)
213 http cache punycode@https://registry.npmjs.org/punycode/-/punycode-2.3.1.tgz 0ms (cache hit)
214 http cache proxy-addr@https://registry.npmjs.org/proxy-addr/-/proxy-addr-2.0.7.tgz 0ms (cache hit)
215 http cache property-information@https://registry.npmjs.org/property-information/-/property-information-7.2.0.tgz 0ms (cache hit)
216 http cache prompts@https://registry.npmjs.org/prompts/-/prompts-2.4.2.tgz 0ms (cache hit)
217 http cache prismjs@https://registry.npmjs.org/prismjs/-/prismjs-1.30.0.tgz 0ms (cache hit)
218 http cache pretty-ms@https://registry.npmjs.org/pretty-ms/-/pretty-ms-9.3.0.tgz 0ms (cache hit)
219 http cache pretty-format@https://registry.npmjs.org/pretty-format/-/pretty-format-27.5.1.tgz 1ms (cache hit)
220 http cache prettier@https://registry.npmjs.org/prettier/-/prettier-3.8.4.tgz 0ms (cache hit)
221 http cache prelude-ls@https://registry.npmjs.org/prelude-ls/-/prelude-ls-1.2.1.tgz 0ms (cache hit)
222 http cache powershell-utils@https://registry.npmjs.org/powershell-utils/-/powershell-utils-0.1.0.tgz 0ms (cache hit)
223 http cache postcss-selector-parser@https://registry.npmjs.org/postcss-selector-parser/-/postcss-selector-parser-6.0.10.tgz 0ms (cache hit)
224 http cache postcss@https://registry.npmjs.org/postcss/-/postcss-8.4.31.tgz 0ms (cache hit)
225 http cache points-on-path@https://registry.npmjs.org/points-on-path/-/points-on-path-0.2.1.tgz 0ms (cache hit)
226 http cache points-on-curve@https://registry.npmjs.org/points-on-curve/-/points-on-curve-0.2.0.tgz 0ms (cache hit)
227 http cache pkg-up@https://registry.npmjs.org/pkg-up/-/pkg-up-3.1.0.tgz 0ms (cache hit)
228 http cache pkce-challenge@https://registry.npmjs.org/pkce-challenge/-/pkce-challenge-5.0.1.tgz 0ms (cache hit)
229 http cache picomatch@https://registry.npmjs.org/picomatch/-/picomatch-4.0.4.tgz 0ms (cache hit)
230 http cache picocolors@https://registry.npmjs.org/picocolors/-/picocolors-1.1.1.tgz 0ms (cache hit)
231 http cache pathval@https://registry.npmjs.org/pathval/-/pathval-2.0.1.tgz 0ms (cache hit)
232 http cache pathe@https://registry.npmjs.org/pathe/-/pathe-2.0.3.tgz 0ms (cache hit)
233 http cache path-to-regexp@https://registry.npmjs.org/path-to-regexp/-/path-to-regexp-8.4.2.tgz 0ms (cache hit)
234 http cache path-scurry@https://registry.npmjs.org/path-scurry/-/path-scurry-1.11.1.tgz 0ms (cache hit)
235 http cache path-parse@https://registry.npmjs.org/path-parse/-/path-parse-1.0.7.tgz 0ms (cache hit)
236 http cache path-key@https://registry.npmjs.org/path-key/-/path-key-3.1.1.tgz 0ms (cache hit)
237 http cache path-exists@https://registry.npmjs.org/path-exists/-/path-exists-5.0.0.tgz 0ms (cache hit)
238 http cache path-data-parser@https://registry.npmjs.org/path-data-parser/-/path-data-parser-0.1.0.tgz 0ms (cache hit)
239 http cache path-browserify@https://registry.npmjs.org/path-browserify/-/path-browserify-1.0.1.tgz 0ms (cache hit)
240 http cache parseurl@https://registry.npmjs.org/parseurl/-/parseurl-1.3.3.tgz 0ms (cache hit)
241 http cache parse5@https://registry.npmjs.org/parse5/-/parse5-8.0.1.tgz 0ms (cache hit)
242 http cache parse-ms@https://registry.npmjs.org/parse-ms/-/parse-ms-4.0.0.tgz 0ms (cache hit)
243 http cache parse-json@https://registry.npmjs.org/parse-json/-/parse-json-5.2.0.tgz 1ms (cache hit)
244 http cache parse-entities@https://registry.npmjs.org/parse-entities/-/parse-entities-4.0.2.tgz 0ms (cache hit)
245 http cache parent-module@https://registry.npmjs.org/parent-module/-/parent-module-1.0.1.tgz 0ms (cache hit)
246 http cache pandemonium@https://registry.npmjs.org/pandemonium/-/pandemonium-2.4.1.tgz 0ms (cache hit)
247 http cache package-manager-detector@https://registry.npmjs.org/package-manager-detector/-/package-manager-detector-1.6.0.tgz 1ms (cache hit)
248 http cache package-json-from-dist@https://registry.npmjs.org/package-json-from-dist/-/package-json-from-dist-1.0.1.tgz 0ms (cache hit)
249 http cache p-try@https://registry.npmjs.org/p-try/-/p-try-2.2.0.tgz 0ms (cache hit)
250 http cache p-locate@https://registry.npmjs.org/p-locate/-/p-locate-6.0.0.tgz 0ms (cache hit)
251 http cache p-limit@https://registry.npmjs.org/p-limit/-/p-limit-4.0.0.tgz 0ms (cache hit)
252 http cache outvariant@https://registry.npmjs.org/outvariant/-/outvariant-1.4.3.tgz 0ms (cache hit)
253 http cache ora@https://registry.npmjs.org/ora/-/ora-8.2.0.tgz 0ms (cache hit)
254 http cache optionator@https://registry.npmjs.org/optionator/-/optionator-0.9.4.tgz 0ms (cache hit)
255 http cache open@https://registry.npmjs.org/open/-/open-11.0.0.tgz 0ms (cache hit)
256 http cache oniguruma-to-es@https://registry.npmjs.org/oniguruma-to-es/-/oniguruma-to-es-4.3.6.tgz 0ms (cache hit)
257 http cache oniguruma-parser@https://registry.npmjs.org/oniguruma-parser/-/oniguruma-parser-0.12.2.tgz 0ms (cache hit)
258 http cache onetime@https://registry.npmjs.org/onetime/-/onetime-5.1.2.tgz 0ms (cache hit)
259 http cache once@https://registry.npmjs.org/once/-/once-1.4.0.tgz 0ms (cache hit)
260 http cache on-finished@https://registry.npmjs.org/on-finished/-/on-finished-2.4.1.tgz 0ms (cache hit)
261 http cache obliterator@https://registry.npmjs.org/obliterator/-/obliterator-2.0.5.tgz 0ms (cache hit)
262 http cache object-treeify@https://registry.npmjs.org/object-treeify/-/object-treeify-1.1.33.tgz 0ms (cache hit)
263 http cache rw@https://registry.npmjs.org/rw/-/rw-1.3.3.tgz 0ms (cache hit)
264 http cache object-inspect@https://registry.npmjs.org/object-inspect/-/object-inspect-1.13.4.tgz 1ms (cache hit)
265 http cache object-assign@https://registry.npmjs.org/object-assign/-/object-assign-4.1.1.tgz 0ms (cache hit)
266 http cache node-releases@https://registry.npmjs.org/node-releases/-/node-releases-2.0.48.tgz 0ms (cache hit)
267 http cache obug@https://registry.npmjs.org/obug/-/obug-2.1.3.tgz 0ms (cache hit)
268 http cache npm-run-path@https://registry.npmjs.org/npm-run-path/-/npm-run-path-6.0.0.tgz 0ms (cache hit)
269 http cache next@https://registry.npmjs.org/next/-/next-16.2.9.tgz 0ms (cache hit)
270 http cache node-domexception@https://registry.npmjs.org/node-domexception/-/node-domexception-1.0.0.tgz 0ms (cache hit)
271 http cache natural-compare@https://registry.npmjs.org/natural-compare/-/natural-compare-1.4.0.tgz 0ms (cache hit)
272 http cache negotiator@https://registry.npmjs.org/negotiator/-/negotiator-1.0.0.tgz 0ms (cache hit)
273 http cache mute-stream@https://registry.npmjs.org/mute-stream/-/mute-stream-3.0.0.tgz 0ms (cache hit)
274 http cache msw@https://registry.npmjs.org/msw/-/msw-2.14.6.tgz 0ms (cache hit)
275 http cache ms@https://registry.npmjs.org/ms/-/ms-2.1.3.tgz 0ms (cache hit)
276 http cache motion-utils@https://registry.npmjs.org/motion-utils/-/motion-utils-12.39.0.tgz 0ms (cache hit)
277 http cache motion-dom@https://registry.npmjs.org/motion-dom/-/motion-dom-12.40.0.tgz 0ms (cache hit)
278 http cache motion@https://registry.npmjs.org/motion/-/motion-12.40.0.tgz 0ms (cache hit)
279 http cache mnemonist@https://registry.npmjs.org/mnemonist/-/mnemonist-0.39.8.tgz 0ms (cache hit)
280 http cache minipass@https://registry.npmjs.org/minipass/-/minipass-7.1.3.tgz 0ms (cache hit)
281 http cache minimist@https://registry.npmjs.org/minimist/-/minimist-1.2.8.tgz 0ms (cache hit)
282 http cache min-indent@https://registry.npmjs.org/min-indent/-/min-indent-1.0.1.tgz 0ms (cache hit)
283 http cache mimic-function@https://registry.npmjs.org/mimic-function/-/mimic-function-5.0.1.tgz 0ms (cache hit)
284 http cache mimic-fn@https://registry.npmjs.org/mimic-fn/-/mimic-fn-3.1.0.tgz 0ms (cache hit)
285 http cache mime-types@https://registry.npmjs.org/mime-types/-/mime-types-3.0.2.tgz 0ms (cache hit)
286 http cache mime-db@https://registry.npmjs.org/mime-db/-/mime-db-1.54.0.tgz 0ms (cache hit)
287 http cache minimatch@https://registry.npmjs.org/minimatch/-/minimatch-3.1.5.tgz 0ms (cache hit)
288 http cache micromatch@https://registry.npmjs.org/micromatch/-/micromatch-4.0.8.tgz 0ms (cache hit)
289 http cache nanoid@https://registry.npmjs.org/nanoid/-/nanoid-5.1.14.tgz 0ms (cache hit)
290 http cache micromark-util-types@https://registry.npmjs.org/micromark-util-types/-/micromark-util-types-2.0.2.tgz 0ms (cache hit)
291 http cache micromark-util-symbol@https://registry.npmjs.org/micromark-util-symbol/-/micromark-util-symbol-2.0.1.tgz 0ms (cache hit)
292 http cache micromark-util-resolve-all@https://registry.npmjs.org/micromark-util-resolve-all/-/micromark-util-resolve-all-2.0.1.tgz 0ms (cache hit)
293 http cache micromark-util-sanitize-uri@https://registry.npmjs.org/micromark-util-sanitize-uri/-/micromark-util-sanitize-uri-2.0.1.tgz 0ms (cache hit)
294 http cache micromark-util-normalize-identifier@https://registry.npmjs.org/micromark-util-normalize-identifier/-/micromark-util-normalize-identifier-2.0.1.tgz 0ms (cache hit)
295 http cache micromark-util-subtokenize@https://registry.npmjs.org/micromark-util-subtokenize/-/micromark-util-subtokenize-2.1.0.tgz 0ms (cache hit)
296 http cache micromark-util-html-tag-name@https://registry.npmjs.org/micromark-util-html-tag-name/-/micromark-util-html-tag-name-2.0.1.tgz 0ms (cache hit)
297 http cache micromark-util-encode@https://registry.npmjs.org/micromark-util-encode/-/micromark-util-encode-2.0.1.tgz 0ms (cache hit)
298 http cache micromark-util-decode-string@https://registry.npmjs.org/micromark-util-decode-string/-/micromark-util-decode-string-2.0.1.tgz 0ms (cache hit)
299 http cache micromark-util-combine-extensions@https://registry.npmjs.org/micromark-util-combine-extensions/-/micromark-util-combine-extensions-2.0.1.tgz 0ms (cache hit)
300 http cache micromark-util-decode-numeric-character-reference@https://registry.npmjs.org/micromark-util-decode-numeric-character-reference/-/micromark-util-decode-numeric-character-reference-2.0.2.tgz 1ms (cache hit)
301 http cache micromark-util-classify-character@https://registry.npmjs.org/micromark-util-classify-character/-/micromark-util-classify-character-2.0.1.tgz 0ms (cache hit)
302 http cache micromark-util-chunked@https://registry.npmjs.org/micromark-util-chunked/-/micromark-util-chunked-2.0.1.tgz 0ms (cache hit)
303 http cache micromark-factory-whitespace@https://registry.npmjs.org/micromark-factory-whitespace/-/micromark-factory-whitespace-2.0.1.tgz 0ms (cache hit)
304 http cache micromark-factory-title@https://registry.npmjs.org/micromark-factory-title/-/micromark-factory-title-2.0.1.tgz 0ms (cache hit)
305 http cache micromark-util-character@https://registry.npmjs.org/micromark-util-character/-/micromark-util-character-2.1.1.tgz 0ms (cache hit)
306 http cache micromark-factory-space@https://registry.npmjs.org/micromark-factory-space/-/micromark-factory-space-2.0.1.tgz 0ms (cache hit)
307 http cache micromark-factory-label@https://registry.npmjs.org/micromark-factory-label/-/micromark-factory-label-2.0.1.tgz 0ms (cache hit)
308 http cache micromark-extension-math@https://registry.npmjs.org/micromark-extension-math/-/micromark-extension-math-3.1.0.tgz 0ms (cache hit)
309 http cache micromark-extension-gfm-task-list-item@https://registry.npmjs.org/micromark-extension-gfm-task-list-item/-/micromark-extension-gfm-task-list-item-2.1.0.tgz 0ms (cache hit)
310 http cache micromark-extension-gfm-tagfilter@https://registry.npmjs.org/micromark-extension-gfm-tagfilter/-/micromark-extension-gfm-tagfilter-2.0.0.tgz 0ms (cache hit)
311 http cache micromark-extension-gfm-table@https://registry.npmjs.org/micromark-extension-gfm-table/-/micromark-extension-gfm-table-2.1.1.tgz 0ms (cache hit)
312 http cache micromark-extension-gfm-strikethrough@https://registry.npmjs.org/micromark-extension-gfm-strikethrough/-/micromark-extension-gfm-strikethrough-2.1.0.tgz 0ms (cache hit)
313 http cache micromark-extension-gfm-footnote@https://registry.npmjs.org/micromark-extension-gfm-footnote/-/micromark-extension-gfm-footnote-2.1.0.tgz 0ms (cache hit)
314 http cache micromark-extension-gfm-autolink-literal@https://registry.npmjs.org/micromark-extension-gfm-autolink-literal/-/micromark-extension-gfm-autolink-literal-2.1.0.tgz 0ms (cache hit)
315 http cache micromark-extension-gfm@https://registry.npmjs.org/micromark-extension-gfm/-/micromark-extension-gfm-3.0.0.tgz 0ms (cache hit)
316 http cache micromark-extension-cjk-friendly-util@https://registry.npmjs.org/micromark-extension-cjk-friendly-util/-/micromark-extension-cjk-friendly-util-3.0.1.tgz 0ms (cache hit)
317 http cache micromark-extension-cjk-friendly-gfm-strikethrough@https://registry.npmjs.org/micromark-extension-cjk-friendly-gfm-strikethrough/-/micromark-extension-cjk-friendly-gfm-strikethrough-2.0.1.tgz 0ms (cache hit)
318 http cache micromark-extension-cjk-friendly@https://registry.npmjs.org/micromark-extension-cjk-friendly/-/micromark-extension-cjk-friendly-2.0.1.tgz 0ms (cache hit)
319 http cache mermaid@https://registry.npmjs.org/mermaid/-/mermaid-11.15.0.tgz 0ms (cache hit)
320 http cache micromark-core-commonmark@https://registry.npmjs.org/micromark-core-commonmark/-/micromark-core-commonmark-2.0.3.tgz 0ms (cache hit)
321 http cache micromark@https://registry.npmjs.org/micromark/-/micromark-4.0.2.tgz 0ms (cache hit)
322 http cache merge-stream@https://registry.npmjs.org/merge-stream/-/merge-stream-2.0.0.tgz 0ms (cache hit)
323 http cache merge2@https://registry.npmjs.org/merge2/-/merge2-1.4.1.tgz 0ms (cache hit)
324 http cache media-typer@https://registry.npmjs.org/media-typer/-/media-typer-1.1.0.tgz 0ms (cache hit)
325 http cache merge-descriptors@https://registry.npmjs.org/merge-descriptors/-/merge-descriptors-2.0.0.tgz 0ms (cache hit)
326 http cache mdn-data@https://registry.npmjs.org/mdn-data/-/mdn-data-2.12.2.tgz 0ms (cache hit)
327 http cache mdast-util-to-string@https://registry.npmjs.org/mdast-util-to-string/-/mdast-util-to-string-4.0.0.tgz 0ms (cache hit)
328 http cache media-chrome@https://registry.npmjs.org/media-chrome/-/media-chrome-4.19.2.tgz 0ms (cache hit)
329 http cache mdast-util-to-markdown-cjk-friendly-gfm-strikethrough@https://registry.npmjs.org/mdast-util-to-markdown-cjk-friendly-gfm-strikethrough/-/mdast-util-to-markdown-cjk-friendly-gfm-strikethrough-1.0.0.tgz 0ms (cache hit)
330 http cache mdast-util-to-markdown@https://registry.npmjs.org/mdast-util-to-markdown/-/mdast-util-to-markdown-2.1.2.tgz 0ms (cache hit)
331 http cache mdast-util-to-markdown-cjk-friendly@https://registry.npmjs.org/mdast-util-to-markdown-cjk-friendly/-/mdast-util-to-markdown-cjk-friendly-1.0.0.tgz 0ms (cache hit)
332 http cache mdast-util-to-hast@https://registry.npmjs.org/mdast-util-to-hast/-/mdast-util-to-hast-13.2.1.tgz 0ms (cache hit)
333 http cache mdast-util-mdxjs-esm@https://registry.npmjs.org/mdast-util-mdxjs-esm/-/mdast-util-mdxjs-esm-2.0.1.tgz 0ms (cache hit)
334 http cache mdast-util-phrasing@https://registry.npmjs.org/mdast-util-phrasing/-/mdast-util-phrasing-4.1.0.tgz 0ms (cache hit)
335 http cache mdast-util-mdx-jsx@https://registry.npmjs.org/mdast-util-mdx-jsx/-/mdast-util-mdx-jsx-3.2.0.tgz 0ms (cache hit)
336 http cache mdast-util-math@https://registry.npmjs.org/mdast-util-math/-/mdast-util-math-3.0.0.tgz 0ms (cache hit)
337 http cache mdast-util-mdx-expression@https://registry.npmjs.org/mdast-util-mdx-expression/-/mdast-util-mdx-expression-2.0.1.tgz 0ms (cache hit)
338 http cache mdast-util-gfm-task-list-item@https://registry.npmjs.org/mdast-util-gfm-task-list-item/-/mdast-util-gfm-task-list-item-2.0.0.tgz 0ms (cache hit)
339 http cache mdast-util-gfm-table@https://registry.npmjs.org/mdast-util-gfm-table/-/mdast-util-gfm-table-2.0.0.tgz 0ms (cache hit)
340 http cache mdast-util-gfm-strikethrough@https://registry.npmjs.org/mdast-util-gfm-strikethrough/-/mdast-util-gfm-strikethrough-2.0.0.tgz 0ms (cache hit)
341 http cache mdast-util-gfm-footnote@https://registry.npmjs.org/mdast-util-gfm-footnote/-/mdast-util-gfm-footnote-2.1.0.tgz 0ms (cache hit)
342 http cache mdast-util-gfm@https://registry.npmjs.org/mdast-util-gfm/-/mdast-util-gfm-3.1.0.tgz 0ms (cache hit)
343 http cache mdast-util-from-markdown@https://registry.npmjs.org/mdast-util-from-markdown/-/mdast-util-from-markdown-2.0.3.tgz 0ms (cache hit)
344 http cache mdast-util-find-and-replace@https://registry.npmjs.org/mdast-util-find-and-replace/-/mdast-util-find-and-replace-3.0.2.tgz 0ms (cache hit)
345 http cache math-intrinsics@https://registry.npmjs.org/math-intrinsics/-/math-intrinsics-1.1.0.tgz 0ms (cache hit)
346 http cache marked@https://registry.npmjs.org/marked/-/marked-16.4.2.tgz 0ms (cache hit)
347 http cache mdast-util-gfm-autolink-literal@https://registry.npmjs.org/mdast-util-gfm-autolink-literal/-/mdast-util-gfm-autolink-literal-2.0.1.tgz 0ms (cache hit)
348 http cache magic-string@https://registry.npmjs.org/magic-string/-/magic-string-0.30.21.tgz 0ms (cache hit)
349 http cache lz-string@https://registry.npmjs.org/lz-string/-/lz-string-1.5.0.tgz 0ms (cache hit)
350 http cache markdown-table@https://registry.npmjs.org/markdown-table/-/markdown-table-3.0.4.tgz 0ms (cache hit)
351 http cache lucide-react@https://registry.npmjs.org/lucide-react/-/lucide-react-1.21.0.tgz 0ms (cache hit)
352 http cache lowlight@https://registry.npmjs.org/lowlight/-/lowlight-1.20.0.tgz 0ms (cache hit)
353 http cache lru-cache@https://registry.npmjs.org/lru-cache/-/lru-cache-5.1.1.tgz 0ms (cache hit)
354 http cache longest-streak@https://registry.npmjs.org/longest-streak/-/longest-streak-3.1.0.tgz 0ms (cache hit)
355 http cache loupe@https://registry.npmjs.org/loupe/-/loupe-3.2.1.tgz 0ms (cache hit)
356 http cache log-symbols@https://registry.npmjs.org/log-symbols/-/log-symbols-6.0.0.tgz 0ms (cache hit)
357 http cache lodash.merge@https://registry.npmjs.org/lodash.merge/-/lodash.merge-4.6.2.tgz 0ms (cache hit)
358 http cache lodash-es@https://registry.npmjs.org/lodash-es/-/lodash-es-4.18.1.tgz 0ms (cache hit)
359 http cache lodash@https://registry.npmjs.org/lodash/-/lodash-4.18.1.tgz 0ms (cache hit)
360 http cache locate-path@https://registry.npmjs.org/locate-path/-/locate-path-7.2.0.tgz 0ms (cache hit)
361 http cache linkify-it@https://registry.npmjs.org/linkify-it/-/linkify-it-3.0.3.tgz 0ms (cache hit)
362 http cache lines-and-columns@https://registry.npmjs.org/lines-and-columns/-/lines-and-columns-1.2.4.tgz 0ms (cache hit)
363 http cache lightningcss-linux-x64-gnu@https://registry.npmjs.org/lightningcss-linux-x64-gnu/-/lightningcss-linux-x64-gnu-1.32.0.tgz 0ms (cache hit)
364 http cache lightningcss@https://registry.npmjs.org/lightningcss/-/lightningcss-1.32.0.tgz 0ms (cache hit)
365 http cache levn@https://registry.npmjs.org/levn/-/levn-0.4.1.tgz 0ms (cache hit)
366 http cache layout-base@https://registry.npmjs.org/layout-base/-/layout-base-1.0.2.tgz 0ms (cache hit)
367 http cache kleur@https://registry.npmjs.org/kleur/-/kleur-4.1.5.tgz 0ms (cache hit)
368 http cache khroma@https://registry.npmjs.org/khroma/-/khroma-2.1.0.tgz 0ms (cache hit)
369 http cache keyv@https://registry.npmjs.org/keyv/-/keyv-4.5.4.tgz 0ms (cache hit)
370 http cache katex@https://registry.npmjs.org/katex/-/katex-0.16.47.tgz 1ms (cache hit)
371 http cache jsonfile@https://registry.npmjs.org/jsonfile/-/jsonfile-6.2.1.tgz 0ms (cache hit)
372 http cache json5@https://registry.npmjs.org/json5/-/json5-2.2.3.tgz 0ms (cache hit)
373 http cache json-stable-stringify-without-jsonify@https://registry.npmjs.org/json-stable-stringify-without-jsonify/-/json-stable-stringify-without-jsonify-1.0.1.tgz 0ms (cache hit)
374 http cache json-schema-typed@https://registry.npmjs.org/json-schema-typed/-/json-schema-typed-8.0.2.tgz 0ms (cache hit)
375 http cache json-schema-traverse@https://registry.npmjs.org/json-schema-traverse/-/json-schema-traverse-1.0.0.tgz 0ms (cache hit)
376 http cache json-schema-to-typescript@https://registry.npmjs.org/json-schema-to-typescript/-/json-schema-to-typescript-15.0.4.tgz 0ms (cache hit)
377 http cache json-parse-even-better-errors@https://registry.npmjs.org/json-parse-even-better-errors/-/json-parse-even-better-errors-2.3.1.tgz 0ms (cache hit)
378 http cache json-schema@https://registry.npmjs.org/json-schema/-/json-schema-0.4.0.tgz 0ms (cache hit)
379 http cache json-buffer@https://registry.npmjs.org/json-buffer/-/json-buffer-3.0.1.tgz 0ms (cache hit)
380 http cache jsdom@https://registry.npmjs.org/jsdom/-/jsdom-29.1.1.tgz 0ms (cache hit)
381 http cache jsesc@https://registry.npmjs.org/jsesc/-/jsesc-3.1.0.tgz 0ms (cache hit)
382 http cache js-yaml@https://registry.npmjs.org/js-yaml/-/js-yaml-4.2.0.tgz 0ms (cache hit)
383 http cache js-tokens@https://registry.npmjs.org/js-tokens/-/js-tokens-4.0.0.tgz 1ms (cache hit)
384 http cache jose@https://registry.npmjs.org/jose/-/jose-6.2.3.tgz 0ms (cache hit)
385 http cache jiti@https://registry.npmjs.org/jiti/-/jiti-2.7.0.tgz 0ms (cache hit)
386 http cache jackspeak@https://registry.npmjs.org/jackspeak/-/jackspeak-3.4.3.tgz 0ms (cache hit)
387 http cache isexe@https://registry.npmjs.org/isexe/-/isexe-2.0.0.tgz 0ms (cache hit)
388 http cache is-wsl@https://registry.npmjs.org/is-wsl/-/is-wsl-3.1.1.tgz 0ms (cache hit)
389 http cache is-unicode-supported@https://registry.npmjs.org/is-unicode-supported/-/is-unicode-supported-2.1.0.tgz 0ms (cache hit)
390 http cache is-stream@https://registry.npmjs.org/is-stream/-/is-stream-4.0.1.tgz 0ms (cache hit)
391 http cache is-regexp@https://registry.npmjs.org/is-regexp/-/is-regexp-3.1.0.tgz 0ms (cache hit)
392 http cache is-promise@https://registry.npmjs.org/is-promise/-/is-promise-4.0.0.tgz 0ms (cache hit)
393 http cache is-potential-custom-element-name@https://registry.npmjs.org/is-potential-custom-element-name/-/is-potential-custom-element-name-1.0.1.tgz 0ms (cache hit)
394 http cache is-plain-obj@https://registry.npmjs.org/is-plain-obj/-/is-plain-obj-4.1.0.tgz 0ms (cache hit)
395 http cache is-number@https://registry.npmjs.org/is-number/-/is-number-7.0.0.tgz 0ms (cache hit)
396 http cache is-node-process@https://registry.npmjs.org/is-node-process/-/is-node-process-1.2.0.tgz 0ms (cache hit)
397 http cache is-obj@https://registry.npmjs.org/is-obj/-/is-obj-2.0.0.tgz 0ms (cache hit)
398 http cache is-interactive@https://registry.npmjs.org/is-interactive/-/is-interactive-2.0.0.tgz 0ms (cache hit)
399 http cache is-inside-container@https://registry.npmjs.org/is-inside-container/-/is-inside-container-1.0.0.tgz 0ms (cache hit)
400 http cache is-in-ssh@https://registry.npmjs.org/is-in-ssh/-/is-in-ssh-1.0.0.tgz 0ms (cache hit)
401 http cache is-hexadecimal@https://registry.npmjs.org/is-hexadecimal/-/is-hexadecimal-2.0.1.tgz 0ms (cache hit)
402 http cache is-glob@https://registry.npmjs.org/is-glob/-/is-glob-4.0.3.tgz 0ms (cache hit)
403 http cache is-fullwidth-code-point@https://registry.npmjs.org/is-fullwidth-code-point/-/is-fullwidth-code-point-3.0.0.tgz 0ms (cache hit)
404 http cache is-extglob@https://registry.npmjs.org/is-extglob/-/is-extglob-2.1.1.tgz 0ms (cache hit)
405 http cache is-docker@https://registry.npmjs.org/is-docker/-/is-docker-3.0.0.tgz 0ms (cache hit)
406 http cache is-core-module@https://registry.npmjs.org/is-core-module/-/is-core-module-2.16.2.tgz 0ms (cache hit)
407 http cache is-arrayish@https://registry.npmjs.org/is-arrayish/-/is-arrayish-0.2.1.tgz 0ms (cache hit)
408 http cache is-alphanumerical@https://registry.npmjs.org/is-alphanumerical/-/is-alphanumerical-2.0.1.tgz 0ms (cache hit)
409 http cache is-decimal@https://registry.npmjs.org/is-decimal/-/is-decimal-2.0.1.tgz 0ms (cache hit)
410 http cache ipaddr.js@https://registry.npmjs.org/ipaddr.js/-/ipaddr.js-1.9.1.tgz 0ms (cache hit)
411 http cache ip-address@https://registry.npmjs.org/ip-address/-/ip-address-10.2.0.tgz 0ms (cache hit)
412 http cache internmap@https://registry.npmjs.org/internmap/-/internmap-2.0.3.tgz 0ms (cache hit)
413 http cache inline-style-parser@https://registry.npmjs.org/inline-style-parser/-/inline-style-parser-0.2.7.tgz 0ms (cache hit)
414 http cache inherits@https://registry.npmjs.org/inherits/-/inherits-2.0.4.tgz 0ms (cache hit)
415 http cache is-alphabetical@https://registry.npmjs.org/is-alphabetical/-/is-alphabetical-2.0.1.tgz 0ms (cache hit)
416 http cache indent-string@https://registry.npmjs.org/indent-string/-/indent-string-4.0.0.tgz 0ms (cache hit)
417 http cache imurmurhash@https://registry.npmjs.org/imurmurhash/-/imurmurhash-0.1.4.tgz 0ms (cache hit)
418 http cache micromark-factory-destination@https://registry.npmjs.org/micromark-factory-destination/-/micromark-factory-destination-2.0.1.tgz 0ms (cache hit)
419 http cache import-meta-resolve@https://registry.npmjs.org/import-meta-resolve/-/import-meta-resolve-4.2.0.tgz 0ms (cache hit)
420 http cache ignore@https://registry.npmjs.org/ignore/-/ignore-5.3.2.tgz 0ms (cache hit)
421 http cache human-signals@https://registry.npmjs.org/human-signals/-/human-signals-8.0.1.tgz 0ms (cache hit)
422 http cache import-fresh@https://registry.npmjs.org/import-fresh/-/import-fresh-3.3.1.tgz 0ms (cache hit)
423 http cache https-proxy-agent@https://registry.npmjs.org/https-proxy-agent/-/https-proxy-agent-7.0.6.tgz 0ms (cache hit)
424 http cache http-errors@https://registry.npmjs.org/http-errors/-/http-errors-2.0.1.tgz 1ms (cache hit)
425 http cache html-void-elements@https://registry.npmjs.org/html-void-elements/-/html-void-elements-3.0.0.tgz 0ms (cache hit)
426 http cache html-url-attributes@https://registry.npmjs.org/html-url-attributes/-/html-url-attributes-3.0.1.tgz 0ms (cache hit)
427 http cache html-encoding-sniffer@https://registry.npmjs.org/html-encoding-sniffer/-/html-encoding-sniffer-6.0.0.tgz 0ms (cache hit)
428 http cache highlight.js@https://registry.npmjs.org/highlight.js/-/highlight.js-10.7.3.tgz 0ms (cache hit)
429 http cache hermes-parser@https://registry.npmjs.org/hermes-parser/-/hermes-parser-0.25.1.tgz 0ms (cache hit)
430 http cache hermes-estree@https://registry.npmjs.org/hermes-estree/-/hermes-estree-0.25.1.tgz 0ms (cache hit)
431 http cache headers-polyfill@https://registry.npmjs.org/headers-polyfill/-/headers-polyfill-5.0.1.tgz 0ms (cache hit)
432 http cache hastscript@https://registry.npmjs.org/hastscript/-/hastscript-6.0.0.tgz 0ms (cache hit)
433 http cache highlightjs-vue@https://registry.npmjs.org/highlightjs-vue/-/highlightjs-vue-1.0.0.tgz 0ms (cache hit)
434 http cache hono@https://registry.npmjs.org/hono/-/hono-4.12.26.tgz 0ms (cache hit)
435 http cache hast-util-whitespace@https://registry.npmjs.org/hast-util-whitespace/-/hast-util-whitespace-3.0.0.tgz 0ms (cache hit)
436 http cache hast-util-to-text@https://registry.npmjs.org/hast-util-to-text/-/hast-util-to-text-4.0.2.tgz 0ms (cache hit)
437 http cache hast-util-to-parse5@https://registry.npmjs.org/hast-util-to-parse5/-/hast-util-to-parse5-8.0.1.tgz 0ms (cache hit)
438 http cache hast-util-to-jsx-runtime@https://registry.npmjs.org/hast-util-to-jsx-runtime/-/hast-util-to-jsx-runtime-2.3.6.tgz 0ms (cache hit)
439 http cache hast-util-to-html@https://registry.npmjs.org/hast-util-to-html/-/hast-util-to-html-9.0.5.tgz 0ms (cache hit)
440 http cache hast-util-sanitize@https://registry.npmjs.org/hast-util-sanitize/-/hast-util-sanitize-5.0.2.tgz 0ms (cache hit)
441 http cache hast-util-raw@https://registry.npmjs.org/hast-util-raw/-/hast-util-raw-9.1.0.tgz 0ms (cache hit)
442 http cache hast-util-parse-selector@https://registry.npmjs.org/hast-util-parse-selector/-/hast-util-parse-selector-2.2.5.tgz 0ms (cache hit)
443 http cache hast-util-is-element@https://registry.npmjs.org/hast-util-is-element/-/hast-util-is-element-3.0.0.tgz 0ms (cache hit)
444 http cache hast-util-from-parse5@https://registry.npmjs.org/hast-util-from-parse5/-/hast-util-from-parse5-8.0.3.tgz 0ms (cache hit)
445 http cache hast-util-from-html-isomorphic@https://registry.npmjs.org/hast-util-from-html-isomorphic/-/hast-util-from-html-isomorphic-2.0.0.tgz 0ms (cache hit)
446 http cache hast-util-from-html@https://registry.npmjs.org/hast-util-from-html/-/hast-util-from-html-2.0.3.tgz 0ms (cache hit)
447 http cache hasown@https://registry.npmjs.org/hasown/-/hasown-2.0.4.tgz 0ms (cache hit)
448 http cache has-symbols@https://registry.npmjs.org/has-symbols/-/has-symbols-1.1.0.tgz 0ms (cache hit)
449 http cache has-flag@https://registry.npmjs.org/has-flag/-/has-flag-4.0.0.tgz 0ms (cache hit)
450 http cache hast-util-from-dom@https://registry.npmjs.org/hast-util-from-dom/-/hast-util-from-dom-5.0.1.tgz 0ms (cache hit)
451 http cache graphql@https://registry.npmjs.org/graphql/-/graphql-16.14.2.tgz 0ms (cache hit)
452 http cache hachure-fill@https://registry.npmjs.org/hachure-fill/-/hachure-fill-0.5.2.tgz 0ms (cache hit)
453 http cache graphology-utils@https://registry.npmjs.org/graphology-utils/-/graphology-utils-2.5.2.tgz 0ms (cache hit)
454 http cache graphology-types@https://registry.npmjs.org/graphology-types/-/graphology-types-0.24.8.tgz 0ms (cache hit)
455 http cache graphology-layout-noverlap@https://registry.npmjs.org/graphology-layout-noverlap/-/graphology-layout-noverlap-0.4.2.tgz 0ms (cache hit)
456 http cache graphology-indices@https://registry.npmjs.org/graphology-indices/-/graphology-indices-0.17.0.tgz 0ms (cache hit)
457 http cache graphology-layout-forceatlas2@https://registry.npmjs.org/graphology-layout-forceatlas2/-/graphology-layout-forceatlas2-0.10.1.tgz 0ms (cache hit)
458 http cache graphology@https://registry.npmjs.org/graphology/-/graphology-0.26.0.tgz 0ms (cache hit)
459 http cache iconv-lite@https://registry.npmjs.org/iconv-lite/-/iconv-lite-0.7.2.tgz 0ms (cache hit)
460 http cache graceful-fs@https://registry.npmjs.org/graceful-fs/-/graceful-fs-4.2.11.tgz 0ms (cache hit)
461 http cache gopd@https://registry.npmjs.org/gopd/-/gopd-1.2.0.tgz 0ms (cache hit)
462 http cache globals@https://registry.npmjs.org/globals/-/globals-17.6.0.tgz 0ms (cache hit)
463 http cache glob-parent@https://registry.npmjs.org/glob-parent/-/glob-parent-6.0.2.tgz 0ms (cache hit)
464 http cache glob@https://registry.npmjs.org/glob/-/glob-10.5.0.tgz 0ms (cache hit)
465 http cache graphology-communities-louvain@https://registry.npmjs.org/graphology-communities-louvain/-/graphology-communities-louvain-2.0.2.tgz 1ms (cache hit)
466 http cache get-stream@https://registry.npmjs.org/get-stream/-/get-stream-9.0.1.tgz 0ms (cache hit)
467 http cache get-proto@https://registry.npmjs.org/get-proto/-/get-proto-1.0.1.tgz 0ms (cache hit)
468 http cache get-own-enumerable-keys@https://registry.npmjs.org/get-own-enumerable-keys/-/get-own-enumerable-keys-1.0.0.tgz 0ms (cache hit)
469 http cache get-nonce@https://registry.npmjs.org/get-nonce/-/get-nonce-1.0.1.tgz 0ms (cache hit)
470 http cache get-east-asian-width@https://registry.npmjs.org/get-east-asian-width/-/get-east-asian-width-1.6.0.tgz 0ms (cache hit)
471 http cache gensync@https://registry.npmjs.org/gensync/-/gensync-1.0.0-beta.2.tgz 0ms (cache hit)
472 http cache get-intrinsic@https://registry.npmjs.org/get-intrinsic/-/get-intrinsic-1.3.0.tgz 0ms (cache hit)
473 http cache get-caller-file@https://registry.npmjs.org/get-caller-file/-/get-caller-file-2.0.5.tgz 0ms (cache hit)
474 http cache fzf@https://registry.npmjs.org/fzf/-/fzf-0.5.2.tgz 0ms (cache hit)
475 http cache fuzzysort@https://registry.npmjs.org/fuzzysort/-/fuzzysort-3.1.0.tgz 0ms (cache hit)
476 http cache function-bind@https://registry.npmjs.org/function-bind/-/function-bind-1.1.2.tgz 0ms (cache hit)
477 http cache fs-extra@https://registry.npmjs.org/fs-extra/-/fs-extra-11.3.5.tgz 0ms (cache hit)
478 http cache fresh@https://registry.npmjs.org/fresh/-/fresh-2.0.0.tgz 0ms (cache hit)
479 http cache framer-motion@https://registry.npmjs.org/framer-motion/-/framer-motion-12.40.0.tgz 0ms (cache hit)
480 http cache forwarded@https://registry.npmjs.org/forwarded/-/forwarded-0.2.0.tgz 0ms (cache hit)
481 http cache formdata-polyfill@https://registry.npmjs.org/formdata-polyfill/-/formdata-polyfill-4.0.10.tgz 0ms (cache hit)
482 http cache foreground-child@https://registry.npmjs.org/foreground-child/-/foreground-child-3.3.1.tgz 0ms (cache hit)
483 http cache flatted@https://registry.npmjs.org/flatted/-/flatted-3.4.2.tgz 0ms (cache hit)
484 http cache flat-cache@https://registry.npmjs.org/flat-cache/-/flat-cache-4.0.1.tgz 0ms (cache hit)
485 http cache find-up@https://registry.npmjs.org/find-up/-/find-up-7.0.0.tgz 0ms (cache hit)
486 http cache finalhandler@https://registry.npmjs.org/finalhandler/-/finalhandler-2.1.1.tgz 0ms (cache hit)
487 http cache fill-range@https://registry.npmjs.org/fill-range/-/fill-range-7.1.1.tgz 0ms (cache hit)
488 http cache file-entry-cache@https://registry.npmjs.org/file-entry-cache/-/file-entry-cache-8.0.0.tgz 0ms (cache hit)
489 http cache format@https://registry.npmjs.org/format/-/format-0.2.2.tgz 0ms (cache hit)
490 http cache figures@https://registry.npmjs.org/figures/-/figures-6.1.0.tgz 0ms (cache hit)
491 http cache fetch-blob@https://registry.npmjs.org/fetch-blob/-/fetch-blob-3.2.0.tgz 0ms (cache hit)
492 http cache fdir@https://registry.npmjs.org/fdir/-/fdir-6.5.0.tgz 0ms (cache hit)
493 http cache fault@https://registry.npmjs.org/fault/-/fault-1.0.4.tgz 0ms (cache hit)
494 http cache fast-wrap-ansi@https://registry.npmjs.org/fast-wrap-ansi/-/fast-wrap-ansi-0.2.2.tgz 0ms (cache hit)
495 http cache fastq@https://registry.npmjs.org/fastq/-/fastq-1.20.1.tgz 0ms (cache hit)
496 http cache fast-string-width@https://registry.npmjs.org/fast-string-width/-/fast-string-width-3.0.2.tgz 0ms (cache hit)
497 http cache fast-string-truncated-width@https://registry.npmjs.org/fast-string-truncated-width/-/fast-string-truncated-width-3.0.3.tgz 0ms (cache hit)
498 http cache fast-levenshtein@https://registry.npmjs.org/fast-levenshtein/-/fast-levenshtein-2.0.6.tgz 0ms (cache hit)
499 http cache fast-json-stable-stringify@https://registry.npmjs.org/fast-json-stable-stringify/-/fast-json-stable-stringify-2.1.0.tgz 0ms (cache hit)
500 http cache fast-glob@https://registry.npmjs.org/fast-glob/-/fast-glob-3.3.3.tgz 0ms (cache hit)
501 http cache fast-deep-equal@https://registry.npmjs.org/fast-deep-equal/-/fast-deep-equal-3.1.3.tgz 0ms (cache hit)
502 http cache extend@https://registry.npmjs.org/extend/-/extend-3.0.2.tgz 1ms (cache hit)
503 http cache express@https://registry.npmjs.org/express/-/express-5.2.1.tgz 0ms (cache hit)
504 http cache express-rate-limit@https://registry.npmjs.org/express-rate-limit/-/express-rate-limit-8.5.2.tgz 0ms (cache hit)
505 http cache expect-type@https://registry.npmjs.org/expect-type/-/expect-type-1.3.0.tgz 0ms (cache hit)
506 http cache fast-uri@https://registry.npmjs.org/fast-uri/-/fast-uri-3.1.2.tgz 0ms (cache hit)
507 http cache execa@https://registry.npmjs.org/execa/-/execa-9.6.1.tgz 0ms (cache hit)
508 http cache eventsource-parser@https://registry.npmjs.org/eventsource-parser/-/eventsource-parser-3.1.0.tgz 0ms (cache hit)
509 http cache eventsource@https://registry.npmjs.org/eventsource/-/eventsource-3.0.7.tgz 0ms (cache hit)
510 http cache events@https://registry.npmjs.org/events/-/events-3.3.0.tgz 0ms (cache hit)
511 http cache etag@https://registry.npmjs.org/etag/-/etag-1.8.1.tgz 0ms (cache hit)
512 http cache esutils@https://registry.npmjs.org/esutils/-/esutils-2.0.3.tgz 0ms (cache hit)
513 http cache estree-walker@https://registry.npmjs.org/estree-walker/-/estree-walker-2.0.2.tgz 0ms (cache hit)
514 http cache estree-util-is-identifier-name@https://registry.npmjs.org/estree-util-is-identifier-name/-/estree-util-is-identifier-name-3.0.0.tgz 0ms (cache hit)
515 http cache estraverse@https://registry.npmjs.org/estraverse/-/estraverse-5.3.0.tgz 0ms (cache hit)
516 http cache esrecurse@https://registry.npmjs.org/esrecurse/-/esrecurse-4.3.0.tgz 0ms (cache hit)
517 http cache esquery@https://registry.npmjs.org/esquery/-/esquery-1.7.0.tgz 0ms (cache hit)
518 http cache esprima@https://registry.npmjs.org/esprima/-/esprima-4.0.1.tgz 0ms (cache hit)
519 http cache espree@https://registry.npmjs.org/espree/-/espree-10.4.0.tgz 0ms (cache hit)
520 http cache eslint-visitor-keys@https://registry.npmjs.org/eslint-visitor-keys/-/eslint-visitor-keys-4.2.1.tgz 0ms (cache hit)
521 http cache eslint-plugin-storybook@https://registry.npmjs.org/eslint-plugin-storybook/-/eslint-plugin-storybook-9.1.19.tgz 0ms (cache hit)
522 http cache eslint-plugin-react-refresh@https://registry.npmjs.org/eslint-plugin-react-refresh/-/eslint-plugin-react-refresh-0.4.26.tgz 0ms (cache hit)
523 http cache eslint-plugin-react-hooks@https://registry.npmjs.org/eslint-plugin-react-hooks/-/eslint-plugin-react-hooks-7.1.1.tgz 0ms (cache hit)
524 http cache eslint-scope@https://registry.npmjs.org/eslint-scope/-/eslint-scope-8.4.0.tgz 0ms (cache hit)
525 http cache eslint@https://registry.npmjs.org/eslint/-/eslint-9.39.4.tgz 0ms (cache hit)
526 http cache escape-string-regexp@https://registry.npmjs.org/escape-string-regexp/-/escape-string-regexp-4.0.0.tgz 0ms (cache hit)
527 http cache escape-html@https://registry.npmjs.org/escape-html/-/escape-html-1.0.3.tgz 0ms (cache hit)
528 http cache escape-carriage@https://registry.npmjs.org/escape-carriage/-/escape-carriage-1.3.1.tgz 0ms (cache hit)
529 http cache escalade@https://registry.npmjs.org/escalade/-/escalade-3.2.0.tgz 0ms (cache hit)
530 http cache esbuild-register@https://registry.npmjs.org/esbuild-register/-/esbuild-register-3.6.0.tgz 0ms (cache hit)
531 http cache esbuild@https://registry.npmjs.org/esbuild/-/esbuild-0.25.12.tgz 0ms (cache hit)
532 http cache es-toolkit@https://registry.npmjs.org/es-toolkit/-/es-toolkit-1.47.1.tgz 0ms (cache hit)
533 http cache es-object-atoms@https://registry.npmjs.org/es-object-atoms/-/es-object-atoms-1.1.2.tgz 0ms (cache hit)
534 http cache es-module-lexer@https://registry.npmjs.org/es-module-lexer/-/es-module-lexer-2.1.0.tgz 0ms (cache hit)
535 http cache es-errors@https://registry.npmjs.org/es-errors/-/es-errors-1.3.0.tgz 0ms (cache hit)
536 http cache es-define-property@https://registry.npmjs.org/es-define-property/-/es-define-property-1.0.1.tgz 0ms (cache hit)
537 http cache error-ex@https://registry.npmjs.org/error-ex/-/error-ex-1.3.4.tgz 0ms (cache hit)
538 http cache entities@https://registry.npmjs.org/entities/-/entities-8.0.0.tgz 0ms (cache hit)
539 http cache enquirer@https://registry.npmjs.org/enquirer/-/enquirer-2.4.1.tgz 0ms (cache hit)
540 http cache enhanced-resolve@https://registry.npmjs.org/enhanced-resolve/-/enhanced-resolve-5.21.6.tgz 0ms (cache hit)
541 http cache encodeurl@https://registry.npmjs.org/encodeurl/-/encodeurl-2.0.0.tgz 0ms (cache hit)
542 http cache env-paths@https://registry.npmjs.org/env-paths/-/env-paths-2.2.1.tgz 0ms (cache hit)
543 http cache emoji-regex@https://registry.npmjs.org/emoji-regex/-/emoji-regex-9.2.2.tgz 0ms (cache hit)
544 http cache embla-carousel@https://registry.npmjs.org/embla-carousel/-/embla-carousel-8.6.0.tgz 0ms (cache hit)
545 http cache embla-carousel-react@https://registry.npmjs.org/embla-carousel-react/-/embla-carousel-react-8.6.0.tgz 0ms (cache hit)
546 http cache elkjs@https://registry.npmjs.org/elkjs/-/elkjs-0.11.1.tgz 0ms (cache hit)
547 http cache electron-to-chromium@https://registry.npmjs.org/electron-to-chromium/-/electron-to-chromium-1.5.375.tgz 0ms (cache hit)
548 http cache eciesjs@https://registry.npmjs.org/eciesjs/-/eciesjs-0.4.18.tgz 0ms (cache hit)
549 http cache ee-first@https://registry.npmjs.org/ee-first/-/ee-first-1.1.1.tgz 0ms (cache hit)
550 http cache eastasianwidth@https://registry.npmjs.org/eastasianwidth/-/eastasianwidth-0.2.0.tgz 0ms (cache hit)
551 http cache dunder-proto@https://registry.npmjs.org/dunder-proto/-/dunder-proto-1.0.1.tgz 0ms (cache hit)
552 http cache dotenv@https://registry.npmjs.org/dotenv/-/dotenv-17.4.2.tgz 0ms (cache hit)
553 http cache dot-prop@https://registry.npmjs.org/dot-prop/-/dot-prop-6.0.1.tgz 0ms (cache hit)
554 http cache dompurify@https://registry.npmjs.org/dompurify/-/dompurify-3.4.11.tgz 0ms (cache hit)
555 http cache dom-accessibility-api@https://registry.npmjs.org/dom-accessibility-api/-/dom-accessibility-api-0.5.16.tgz 0ms (cache hit)
556 http cache embla-carousel-reactive-utils@https://registry.npmjs.org/embla-carousel-reactive-utils/-/embla-carousel-reactive-utils-8.6.0.tgz 0ms (cache hit)
557 http cache doctrine@https://registry.npmjs.org/doctrine/-/doctrine-3.0.0.tgz 0ms (cache hit)
558 http cache diff@https://registry.npmjs.org/diff/-/diff-8.0.4.tgz 0ms (cache hit)
559 http cache detect-node-es@https://registry.npmjs.org/detect-node-es/-/detect-node-es-1.1.0.tgz 0ms (cache hit)
560 http cache devlop@https://registry.npmjs.org/devlop/-/devlop-1.1.0.tgz 0ms (cache hit)
561 http cache detect-libc@https://registry.npmjs.org/detect-libc/-/detect-libc-2.1.2.tgz 0ms (cache hit)
562 http cache dequal@https://registry.npmjs.org/dequal/-/dequal-2.0.3.tgz 0ms (cache hit)
563 http cache depd@https://registry.npmjs.org/depd/-/depd-2.0.0.tgz 0ms (cache hit)
564 http cache delaunator@https://registry.npmjs.org/delaunator/-/delaunator-5.1.0.tgz 0ms (cache hit)
565 http cache define-lazy-prop@https://registry.npmjs.org/define-lazy-prop/-/define-lazy-prop-3.0.0.tgz 0ms (cache hit)
566 http cache default-browser-id@https://registry.npmjs.org/default-browser-id/-/default-browser-id-5.0.1.tgz 0ms (cache hit)
567 http cache default-browser@https://registry.npmjs.org/default-browser/-/default-browser-5.5.0.tgz 0ms (cache hit)
568 http cache deepmerge@https://registry.npmjs.org/deepmerge/-/deepmerge-4.3.1.tgz 0ms (cache hit)
569 http cache dedent@https://registry.npmjs.org/dedent/-/dedent-1.7.2.tgz 0ms (cache hit)
570 http cache deep-eql@https://registry.npmjs.org/deep-eql/-/deep-eql-5.0.2.tgz 0ms (cache hit)
571 http cache decode-named-character-reference@https://registry.npmjs.org/decode-named-character-reference/-/decode-named-character-reference-1.3.0.tgz 0ms (cache hit)
572 http cache decimal.js@https://registry.npmjs.org/decimal.js/-/decimal.js-10.6.0.tgz 0ms (cache hit)
573 http cache deep-is@https://registry.npmjs.org/deep-is/-/deep-is-0.1.4.tgz 0ms (cache hit)
574 http cache debug@https://registry.npmjs.org/debug/-/debug-4.4.3.tgz 0ms (cache hit)
575 http cache dayjs@https://registry.npmjs.org/dayjs/-/dayjs-1.11.21.tgz 0ms (cache hit)
576 http cache data-urls@https://registry.npmjs.org/data-urls/-/data-urls-7.0.0.tgz 0ms (cache hit)
577 http cache debounce-fn@https://registry.npmjs.org/debounce-fn/-/debounce-fn-4.0.0.tgz 0ms (cache hit)
578 http cache data-uri-to-buffer@https://registry.npmjs.org/data-uri-to-buffer/-/data-uri-to-buffer-4.0.1.tgz 0ms (cache hit)
579 http cache dagre-d3-es@https://registry.npmjs.org/dagre-d3-es/-/dagre-d3-es-7.0.14.tgz 0ms (cache hit)
580 http cache d3-zoom@https://registry.npmjs.org/d3-zoom/-/d3-zoom-3.0.0.tgz 0ms (cache hit)
581 http cache d3-transition@https://registry.npmjs.org/d3-transition/-/d3-transition-3.0.1.tgz 0ms (cache hit)
582 http cache d3-timer@https://registry.npmjs.org/d3-timer/-/d3-timer-3.0.1.tgz 0ms (cache hit)
583 http cache d3-time-format@https://registry.npmjs.org/d3-time-format/-/d3-time-format-3.0.0.tgz 0ms (cache hit)
584 http cache d3-time@https://registry.npmjs.org/d3-time/-/d3-time-1.1.0.tgz 0ms (cache hit)
585 http cache d3-shape@https://registry.npmjs.org/d3-shape/-/d3-shape-3.2.0.tgz 0ms (cache hit)
586 http cache d3-selection@https://registry.npmjs.org/d3-selection/-/d3-selection-3.0.0.tgz 0ms (cache hit)
587 http cache d3-scale-chromatic@https://registry.npmjs.org/d3-scale-chromatic/-/d3-scale-chromatic-3.1.0.tgz 0ms (cache hit)
588 http cache d3-scale@https://registry.npmjs.org/d3-scale/-/d3-scale-4.0.2.tgz 0ms (cache hit)
589 http cache d3-sankey@https://registry.npmjs.org/d3-sankey/-/d3-sankey-0.12.3.tgz 0ms (cache hit)
590 http cache d3-random@https://registry.npmjs.org/d3-random/-/d3-random-3.0.1.tgz 0ms (cache hit)
591 http cache d3-quadtree@https://registry.npmjs.org/d3-quadtree/-/d3-quadtree-3.0.1.tgz 0ms (cache hit)
592 http cache d3-polygon@https://registry.npmjs.org/d3-polygon/-/d3-polygon-3.0.1.tgz 0ms (cache hit)
593 http cache d3-path@https://registry.npmjs.org/d3-path/-/d3-path-3.1.0.tgz 0ms (cache hit)
594 http cache d3-interpolate@https://registry.npmjs.org/d3-interpolate/-/d3-interpolate-3.0.1.tgz 0ms (cache hit)
595 http cache d3-hierarchy@https://registry.npmjs.org/d3-hierarchy/-/d3-hierarchy-3.1.2.tgz 0ms (cache hit)
596 http cache d3-format@https://registry.npmjs.org/d3-format/-/d3-format-1.4.5.tgz 0ms (cache hit)
597 http cache d3-force@https://registry.npmjs.org/d3-force/-/d3-force-3.0.0.tgz 0ms (cache hit)
598 http cache d3-fetch@https://registry.npmjs.org/d3-fetch/-/d3-fetch-3.0.1.tgz 0ms (cache hit)
599 http cache d3-geo@https://registry.npmjs.org/d3-geo/-/d3-geo-3.1.1.tgz 0ms (cache hit)
600 http cache d3-ease@https://registry.npmjs.org/d3-ease/-/d3-ease-3.0.1.tgz 0ms (cache hit)
601 http cache d3-dsv@https://registry.npmjs.org/d3-dsv/-/d3-dsv-3.0.1.tgz 0ms (cache hit)
602 http cache d3-drag@https://registry.npmjs.org/d3-drag/-/d3-drag-3.0.0.tgz 0ms (cache hit)
603 http cache d3-dispatch@https://registry.npmjs.org/d3-dispatch/-/d3-dispatch-3.0.1.tgz 0ms (cache hit)
604 http cache d3-delaunay@https://registry.npmjs.org/d3-delaunay/-/d3-delaunay-6.0.4.tgz 0ms (cache hit)
605 http cache d3-contour@https://registry.npmjs.org/d3-contour/-/d3-contour-4.0.2.tgz 0ms (cache hit)
606 http cache d3-color@https://registry.npmjs.org/d3-color/-/d3-color-3.1.0.tgz 0ms (cache hit)
607 http cache d3-chord@https://registry.npmjs.org/d3-chord/-/d3-chord-3.0.1.tgz 0ms (cache hit)
608 http cache d3-brush@https://registry.npmjs.org/d3-brush/-/d3-brush-3.0.0.tgz 0ms (cache hit)
609 http cache d3-axis@https://registry.npmjs.org/d3-axis/-/d3-axis-3.0.0.tgz 0ms (cache hit)
610 http cache d3-array@https://registry.npmjs.org/d3-array/-/d3-array-3.2.4.tgz 0ms (cache hit)
611 http cache d3@https://registry.npmjs.org/d3/-/d3-7.9.0.tgz 1ms (cache hit)
612 http cache cytoscape-fcose@https://registry.npmjs.org/cytoscape-fcose/-/cytoscape-fcose-2.2.0.tgz 0ms (cache hit)
613 http cache cytoscape-cose-bilkent@https://registry.npmjs.org/cytoscape-cose-bilkent/-/cytoscape-cose-bilkent-4.1.0.tgz 0ms (cache hit)
614 http cache cytoscape@https://registry.npmjs.org/cytoscape/-/cytoscape-3.34.0.tgz 0ms (cache hit)
615 http cache geist@https://registry.npmjs.org/geist/-/geist-1.7.2.tgz 0ms (cache hit)
616 http cache cssesc@https://registry.npmjs.org/cssesc/-/cssesc-3.0.0.tgz 0ms (cache hit)
617 http cache css.escape@https://registry.npmjs.org/css.escape/-/css.escape-1.5.1.tgz 0ms (cache hit)
618 http cache css-tree@https://registry.npmjs.org/css-tree/-/css-tree-3.1.0.tgz 0ms (cache hit)
619 http cache cross-spawn@https://registry.npmjs.org/cross-spawn/-/cross-spawn-7.0.6.tgz 0ms (cache hit)
620 http cache cosmiconfig@https://registry.npmjs.org/cosmiconfig/-/cosmiconfig-9.0.2.tgz 0ms (cache hit)
621 http cache cose-base@https://registry.npmjs.org/cose-base/-/cose-base-1.0.3.tgz 0ms (cache hit)
622 http cache cors@https://registry.npmjs.org/cors/-/cors-2.8.6.tgz 0ms (cache hit)
623 http cache cookie-signature@https://registry.npmjs.org/cookie-signature/-/cookie-signature-1.2.2.tgz 0ms (cache hit)
624 http cache cookie@https://registry.npmjs.org/cookie/-/cookie-0.7.2.tgz 0ms (cache hit)
625 http cache convert-source-map@https://registry.npmjs.org/convert-source-map/-/convert-source-map-2.0.0.tgz 0ms (cache hit)
626 http cache content-type@https://registry.npmjs.org/content-type/-/content-type-1.0.5.tgz 0ms (cache hit)
627 http cache content-disposition@https://registry.npmjs.org/content-disposition/-/content-disposition-1.1.0.tgz 0ms (cache hit)
628 http cache conf@https://registry.npmjs.org/conf/-/conf-10.2.0.tgz 0ms (cache hit)
629 http cache concat-map@https://registry.npmjs.org/concat-map/-/concat-map-0.0.1.tgz 0ms (cache hit)
630 http cache commander@https://registry.npmjs.org/commander/-/commander-8.3.0.tgz 0ms (cache hit)
631 http cache comma-separated-tokens@https://registry.npmjs.org/comma-separated-tokens/-/comma-separated-tokens-2.0.3.tgz 0ms (cache hit)
632 http cache color-convert@https://registry.npmjs.org/color-convert/-/color-convert-2.0.1.tgz 0ms (cache hit)
633 http cache code-block-writer@https://registry.npmjs.org/code-block-writer/-/code-block-writer-13.0.3.tgz 0ms (cache hit)
634 http cache color-name@https://registry.npmjs.org/color-name/-/color-name-1.1.4.tgz 0ms (cache hit)
635 http cache cmdk@https://registry.npmjs.org/cmdk/-/cmdk-1.1.1.tgz 0ms (cache hit)
636 http cache cliui@https://registry.npmjs.org/cliui/-/cliui-8.0.1.tgz 0ms (cache hit)
637 http cache clsx@https://registry.npmjs.org/clsx/-/clsx-2.1.1.tgz 0ms (cache hit)
638 http cache cli-width@https://registry.npmjs.org/cli-width/-/cli-width-4.1.0.tgz 0ms (cache hit)
639 http cache client-only@https://registry.npmjs.org/client-only/-/client-only-0.0.1.tgz 0ms (cache hit)
640 http cache cli-spinners@https://registry.npmjs.org/cli-spinners/-/cli-spinners-2.9.2.tgz 0ms (cache hit)
641 http cache cli-cursor@https://registry.npmjs.org/cli-cursor/-/cli-cursor-5.0.0.tgz 0ms (cache hit)
642 http cache classcat@https://registry.npmjs.org/classcat/-/classcat-5.0.5.tgz 0ms (cache hit)
643 http cache csstype@https://registry.npmjs.org/csstype/-/csstype-3.2.3.tgz 0ms (cache hit)
644 http cache class-variance-authority@https://registry.npmjs.org/class-variance-authority/-/class-variance-authority-0.7.1.tgz 0ms (cache hit)
645 http cache character-reference-invalid@https://registry.npmjs.org/character-reference-invalid/-/character-reference-invalid-2.0.1.tgz 0ms (cache hit)
646 http cache check-error@https://registry.npmjs.org/check-error/-/check-error-2.1.3.tgz 0ms (cache hit)
647 http cache character-entities-legacy@https://registry.npmjs.org/character-entities-legacy/-/character-entities-legacy-3.0.0.tgz 0ms (cache hit)
648 http cache character-entities-html4@https://registry.npmjs.org/character-entities-html4/-/character-entities-html4-2.1.0.tgz 0ms (cache hit)
649 http cache character-entities@https://registry.npmjs.org/character-entities/-/character-entities-2.0.2.tgz 0ms (cache hit)
650 http cache chalk@https://registry.npmjs.org/chalk/-/chalk-4.1.2.tgz 0ms (cache hit)
651 http cache ce-la-react@https://registry.npmjs.org/ce-la-react/-/ce-la-react-0.3.2.tgz 0ms (cache hit)
652 http cache chai@https://registry.npmjs.org/chai/-/chai-5.3.3.tgz 0ms (cache hit)
653 http cache ccount@https://registry.npmjs.org/ccount/-/ccount-2.0.1.tgz 0ms (cache hit)
654 http cache caniuse-lite@https://registry.npmjs.org/caniuse-lite/-/caniuse-lite-1.0.30001799.tgz 0ms (cache hit)
655 http cache callsites@https://registry.npmjs.org/callsites/-/callsites-3.1.0.tgz 1ms (cache hit)
656 http cache call-bound@https://registry.npmjs.org/call-bound/-/call-bound-1.0.4.tgz 0ms (cache hit)
657 http cache call-bind-apply-helpers@https://registry.npmjs.org/call-bind-apply-helpers/-/call-bind-apply-helpers-1.0.2.tgz 0ms (cache hit)
658 http cache bundle-name@https://registry.npmjs.org/bundle-name/-/bundle-name-4.1.0.tgz 0ms (cache hit)
659 http cache browserslist@https://registry.npmjs.org/browserslist/-/browserslist-4.28.2.tgz 0ms (cache hit)
660 http cache bytes@https://registry.npmjs.org/bytes/-/bytes-3.1.2.tgz 0ms (cache hit)
661 http cache braces@https://registry.npmjs.org/braces/-/braces-3.0.3.tgz 0ms (cache hit)
662 http cache brace-expansion@https://registry.npmjs.org/brace-expansion/-/brace-expansion-1.1.15.tgz 0ms (cache hit)
663 http cache body-parser@https://registry.npmjs.org/body-parser/-/body-parser-2.3.0.tgz 0ms (cache hit)
664 http cache bidi-js@https://registry.npmjs.org/bidi-js/-/bidi-js-1.0.3.tgz 0ms (cache hit)
665 http cache better-opn@https://registry.npmjs.org/better-opn/-/better-opn-3.0.2.tgz 0ms (cache hit)
666 http cache baseline-browser-mapping@https://registry.npmjs.org/baseline-browser-mapping/-/baseline-browser-mapping-2.10.38.tgz 0ms (cache hit)
667 http cache balanced-match@https://registry.npmjs.org/balanced-match/-/balanced-match-1.0.2.tgz 0ms (cache hit)
668 http cache axe-core@https://registry.npmjs.org/axe-core/-/axe-core-4.12.1.tgz 0ms (cache hit)
669 http cache atomically@https://registry.npmjs.org/atomically/-/atomically-1.7.0.tgz 0ms (cache hit)
670 http cache ast-types@https://registry.npmjs.org/ast-types/-/ast-types-0.16.1.tgz 0ms (cache hit)
671 http cache assertion-error@https://registry.npmjs.org/assertion-error/-/assertion-error-2.0.1.tgz 0ms (cache hit)
672 http cache aria-query@https://registry.npmjs.org/aria-query/-/aria-query-5.3.0.tgz 0ms (cache hit)
673 http cache aria-hidden@https://registry.npmjs.org/aria-hidden/-/aria-hidden-1.2.6.tgz 0ms (cache hit)
674 http cache argparse@https://registry.npmjs.org/argparse/-/argparse-2.0.1.tgz 0ms (cache hit)
675 http cache ansis@https://registry.npmjs.org/ansis/-/ansis-4.3.1.tgz 0ms (cache hit)
676 http cache ansi-to-react@https://registry.npmjs.org/ansi-to-react/-/ansi-to-react-6.2.6.tgz 0ms (cache hit)
677 http cache ansi-styles@https://registry.npmjs.org/ansi-styles/-/ansi-styles-4.3.0.tgz 0ms (cache hit)
678 http cache ansi-regex@https://registry.npmjs.org/ansi-regex/-/ansi-regex-5.0.1.tgz 0ms (cache hit)
679 http cache ansi-colors@https://registry.npmjs.org/ansi-colors/-/ansi-colors-4.1.3.tgz 0ms (cache hit)
680 http cache anser@https://registry.npmjs.org/anser/-/anser-2.3.5.tgz 0ms (cache hit)
681 http cache ajv-formats@https://registry.npmjs.org/ajv-formats/-/ajv-formats-3.0.1.tgz 0ms (cache hit)
682 http cache ajv@https://registry.npmjs.org/ajv/-/ajv-8.20.0.tgz 3ms (cache hit)
683 http cache ai@https://registry.npmjs.org/ai/-/ai-6.0.208.tgz 0ms (cache hit)
684 http cache agent-base@https://registry.npmjs.org/agent-base/-/agent-base-7.1.4.tgz 0ms (cache hit)
685 http cache acorn-jsx@https://registry.npmjs.org/acorn-jsx/-/acorn-jsx-5.3.2.tgz 0ms (cache hit)
686 http cache acorn@https://registry.npmjs.org/acorn/-/acorn-8.17.0.tgz 0ms (cache hit)
687 http cache accepts@https://registry.npmjs.org/accepts/-/accepts-2.0.0.tgz 0ms (cache hit)
688 http cache @xyflow/react@https://registry.npmjs.org/@xyflow/react/-/react-12.11.0.tgz 0ms (cache hit)
689 http cache @xyflow/system@https://registry.npmjs.org/@xyflow/system/-/system-0.0.77.tgz 0ms (cache hit)
690 http cache @vitest/utils@https://registry.npmjs.org/@vitest/utils/-/utils-3.2.4.tgz 0ms (cache hit)
691 http cache @vitest/spy@https://registry.npmjs.org/@vitest/spy/-/spy-3.2.4.tgz 0ms (cache hit)
692 http cache @vitest/snapshot@https://registry.npmjs.org/@vitest/snapshot/-/snapshot-4.1.9.tgz 0ms (cache hit)
693 http cache @vitest/runner@https://registry.npmjs.org/@vitest/runner/-/runner-4.1.9.tgz 0ms (cache hit)
694 http cache @vitest/pretty-format@https://registry.npmjs.org/@vitest/pretty-format/-/pretty-format-3.2.4.tgz 0ms (cache hit)
695 http cache @vitest/mocker@https://registry.npmjs.org/@vitest/mocker/-/mocker-3.2.4.tgz 0ms (cache hit)
696 http cache @vitest/expect@https://registry.npmjs.org/@vitest/expect/-/expect-3.2.4.tgz 1ms (cache hit)
697 http cache @vitejs/plugin-react@https://registry.npmjs.org/@vitejs/plugin-react/-/plugin-react-5.2.0.tgz 0ms (cache hit)
698 http cache @vercel/oidc@https://registry.npmjs.org/@vercel/oidc/-/oidc-3.2.0.tgz 0ms (cache hit)
699 http cache @upsetjs/venn.js@https://registry.npmjs.org/@upsetjs/venn.js/-/venn.js-2.0.0.tgz 0ms (cache hit)
700 http cache @ungap/structured-clone@https://registry.npmjs.org/@ungap/structured-clone/-/structured-clone-1.3.1.tgz 0ms (cache hit)
701 http cache @typescript-eslint/visitor-keys@https://registry.npmjs.org/@typescript-eslint/visitor-keys/-/visitor-keys-8.61.1.tgz 0ms (cache hit)
702 http cache @typescript-eslint/utils@https://registry.npmjs.org/@typescript-eslint/utils/-/utils-8.61.1.tgz 0ms (cache hit)
703 http cache @typescript-eslint/typescript-estree@https://registry.npmjs.org/@typescript-eslint/typescript-estree/-/typescript-estree-8.61.1.tgz 0ms (cache hit)
704 http cache @typescript-eslint/types@https://registry.npmjs.org/@typescript-eslint/types/-/types-8.61.1.tgz 0ms (cache hit)
705 http cache @typescript-eslint/type-utils@https://registry.npmjs.org/@typescript-eslint/type-utils/-/type-utils-8.61.1.tgz 1ms (cache hit)
706 http cache @typescript-eslint/tsconfig-utils@https://registry.npmjs.org/@typescript-eslint/tsconfig-utils/-/tsconfig-utils-8.61.1.tgz 0ms (cache hit)
707 http cache @typescript-eslint/scope-manager@https://registry.npmjs.org/@typescript-eslint/scope-manager/-/scope-manager-8.61.1.tgz 0ms (cache hit)
708 http cache @typescript-eslint/project-service@https://registry.npmjs.org/@typescript-eslint/project-service/-/project-service-8.61.1.tgz 0ms (cache hit)
709 http cache @typescript-eslint/parser@https://registry.npmjs.org/@typescript-eslint/parser/-/parser-8.61.1.tgz 0ms (cache hit)
710 http cache @typescript-eslint/eslint-plugin@https://registry.npmjs.org/@typescript-eslint/eslint-plugin/-/eslint-plugin-8.61.1.tgz 0ms (cache hit)
711 http cache @types/validate-npm-package-name@https://registry.npmjs.org/@types/validate-npm-package-name/-/validate-npm-package-name-4.0.2.tgz 0ms (cache hit)
712 http cache @types/unist@https://registry.npmjs.org/@types/unist/-/unist-3.0.3.tgz 0ms (cache hit)
713 http cache @types/trusted-types@https://registry.npmjs.org/@types/trusted-types/-/trusted-types-2.0.7.tgz 0ms (cache hit)
714 http cache @types/statuses@https://registry.npmjs.org/@types/statuses/-/statuses-2.0.6.tgz 0ms (cache hit)
715 http cache @types/set-cookie-parser@https://registry.npmjs.org/@types/set-cookie-parser/-/set-cookie-parser-2.4.10.tgz 1ms (cache hit)
716 http cache @types/resolve@https://registry.npmjs.org/@types/resolve/-/resolve-1.20.6.tgz 0ms (cache hit)
717 http cache bail@https://registry.npmjs.org/bail/-/bail-2.0.2.tgz 0ms (cache hit)
718 http cache @types/react-syntax-highlighter@https://registry.npmjs.org/@types/react-syntax-highlighter/-/react-syntax-highlighter-15.5.13.tgz 0ms (cache hit)
719 http cache @types/react-router-dom@https://registry.npmjs.org/@types/react-router-dom/-/react-router-dom-5.3.3.tgz 0ms (cache hit)
720 http cache @types/react-router@https://registry.npmjs.org/@types/react-router/-/react-router-5.1.20.tgz 0ms (cache hit)
721 http cache @types/react-dom@https://registry.npmjs.org/@types/react-dom/-/react-dom-19.2.3.tgz 0ms (cache hit)
722 http cache @types/react@https://registry.npmjs.org/@types/react/-/react-19.2.17.tgz 0ms (cache hit)
723 http cache @types/prop-types@https://registry.npmjs.org/@types/prop-types/-/prop-types-15.7.15.tgz 0ms (cache hit)
724 http cache @types/node@https://registry.npmjs.org/@types/node/-/node-25.9.3.tgz 0ms (cache hit)
725 http cache @types/ms@https://registry.npmjs.org/@types/ms/-/ms-2.1.0.tgz 0ms (cache hit)
726 http cache @types/mdx@https://registry.npmjs.org/@types/mdx/-/mdx-2.0.14.tgz 0ms (cache hit)
727 http cache @types/mdast@https://registry.npmjs.org/@types/mdast/-/mdast-4.0.4.tgz 0ms (cache hit)
728 http cache @types/lodash@https://registry.npmjs.org/@types/lodash/-/lodash-4.17.24.tgz 0ms (cache hit)
729 http cache @types/katex@https://registry.npmjs.org/@types/katex/-/katex-0.16.8.tgz 0ms (cache hit)
730 http cache @types/history@https://registry.npmjs.org/@types/history/-/history-4.7.11.tgz 0ms (cache hit)
731 http cache @types/hast@https://registry.npmjs.org/@types/hast/-/hast-3.0.4.tgz 0ms (cache hit)
732 http cache @types/geojson@https://registry.npmjs.org/@types/geojson/-/geojson-7946.0.16.tgz 0ms (cache hit)
733 http cache @types/estree-jsx@https://registry.npmjs.org/@types/estree-jsx/-/estree-jsx-1.0.5.tgz 0ms (cache hit)
734 http cache @types/estree@https://registry.npmjs.org/@types/estree/-/estree-1.0.9.tgz 0ms (cache hit)
735 http cache @types/dompurify@https://registry.npmjs.org/@types/dompurify/-/dompurify-3.2.0.tgz 0ms (cache hit)
736 http cache @types/json-schema@https://registry.npmjs.org/@types/json-schema/-/json-schema-7.0.15.tgz 1ms (cache hit)
737 http cache @types/doctrine@https://registry.npmjs.org/@types/doctrine/-/doctrine-0.0.9.tgz 0ms (cache hit)
738 http cache @types/debug@https://registry.npmjs.org/@types/debug/-/debug-4.1.13.tgz 0ms (cache hit)
739 http cache @types/deep-eql@https://registry.npmjs.org/@types/deep-eql/-/deep-eql-4.0.2.tgz 0ms (cache hit)
740 http cache @types/d3-zoom@https://registry.npmjs.org/@types/d3-zoom/-/d3-zoom-3.0.8.tgz 0ms (cache hit)
741 http cache @types/d3-transition@https://registry.npmjs.org/@types/d3-transition/-/d3-transition-3.0.9.tgz 0ms (cache hit)
742 http cache @types/d3-timer@https://registry.npmjs.org/@types/d3-timer/-/d3-timer-3.0.2.tgz 0ms (cache hit)
743 http cache @types/d3-time-format@https://registry.npmjs.org/@types/d3-time-format/-/d3-time-format-2.3.4.tgz 0ms (cache hit)
744 http cache @types/d3-time@https://registry.npmjs.org/@types/d3-time/-/d3-time-1.1.4.tgz 0ms (cache hit)
745 http cache @types/d3-shape@https://registry.npmjs.org/@types/d3-shape/-/d3-shape-3.1.8.tgz 0ms (cache hit)
746 http cache @types/d3-selection@https://registry.npmjs.org/@types/d3-selection/-/d3-selection-3.0.11.tgz 0ms (cache hit)
747 http cache @types/d3-scale-chromatic@https://registry.npmjs.org/@types/d3-scale-chromatic/-/d3-scale-chromatic-3.1.0.tgz 0ms (cache hit)
748 http cache @types/d3-scale@https://registry.npmjs.org/@types/d3-scale/-/d3-scale-4.0.9.tgz 0ms (cache hit)
749 http cache @types/d3-random@https://registry.npmjs.org/@types/d3-random/-/d3-random-3.0.3.tgz 0ms (cache hit)
750 http cache @types/d3-quadtree@https://registry.npmjs.org/@types/d3-quadtree/-/d3-quadtree-3.0.6.tgz 0ms (cache hit)
751 http cache @types/d3-polygon@https://registry.npmjs.org/@types/d3-polygon/-/d3-polygon-3.0.2.tgz 0ms (cache hit)
752 http cache @types/d3-path@https://registry.npmjs.org/@types/d3-path/-/d3-path-3.1.1.tgz 0ms (cache hit)
753 http cache @types/d3-interpolate@https://registry.npmjs.org/@types/d3-interpolate/-/d3-interpolate-3.0.4.tgz 0ms (cache hit)
754 http cache @types/d3-hierarchy@https://registry.npmjs.org/@types/d3-hierarchy/-/d3-hierarchy-3.1.7.tgz 0ms (cache hit)
755 http cache @types/d3-geo@https://registry.npmjs.org/@types/d3-geo/-/d3-geo-3.1.0.tgz 0ms (cache hit)
756 http cache @types/d3-format@https://registry.npmjs.org/@types/d3-format/-/d3-format-1.4.5.tgz 0ms (cache hit)
757 http cache @types/d3-force@https://registry.npmjs.org/@types/d3-force/-/d3-force-3.0.10.tgz 0ms (cache hit)
758 http cache @types/d3-fetch@https://registry.npmjs.org/@types/d3-fetch/-/d3-fetch-3.0.7.tgz 0ms (cache hit)
759 http cache @types/d3-ease@https://registry.npmjs.org/@types/d3-ease/-/d3-ease-3.0.2.tgz 0ms (cache hit)
760 http cache @types/d3-dsv@https://registry.npmjs.org/@types/d3-dsv/-/d3-dsv-3.0.7.tgz 0ms (cache hit)
761 http cache @types/d3-dispatch@https://registry.npmjs.org/@types/d3-dispatch/-/d3-dispatch-3.0.7.tgz 0ms (cache hit)
762 http cache @types/d3-delaunay@https://registry.npmjs.org/@types/d3-delaunay/-/d3-delaunay-6.0.4.tgz 1ms (cache hit)
763 http cache @types/d3-contour@https://registry.npmjs.org/@types/d3-contour/-/d3-contour-3.0.6.tgz 0ms (cache hit)
764 http cache @types/d3-drag@https://registry.npmjs.org/@types/d3-drag/-/d3-drag-3.0.7.tgz 0ms (cache hit)
765 http cache @types/d3-color@https://registry.npmjs.org/@types/d3-color/-/d3-color-3.1.3.tgz 0ms (cache hit)
766 http cache @types/d3-chord@https://registry.npmjs.org/@types/d3-chord/-/d3-chord-3.0.6.tgz 0ms (cache hit)
767 http cache @types/d3-brush@https://registry.npmjs.org/@types/d3-brush/-/d3-brush-3.0.6.tgz 0ms (cache hit)
768 http cache @types/d3-axis@https://registry.npmjs.org/@types/d3-axis/-/d3-axis-3.0.6.tgz 0ms (cache hit)
769 http cache @types/d3@https://registry.npmjs.org/@types/d3/-/d3-7.4.3.tgz 0ms (cache hit)
770 http cache @types/chai@https://registry.npmjs.org/@types/chai/-/chai-5.2.3.tgz 0ms (cache hit)
771 http cache @types/babel__traverse@https://registry.npmjs.org/@types/babel__traverse/-/babel__traverse-7.28.0.tgz 0ms (cache hit)
772 http cache @types/babel__template@https://registry.npmjs.org/@types/babel__template/-/babel__template-7.4.4.tgz 0ms (cache hit)
773 http cache @types/babel__generator@https://registry.npmjs.org/@types/babel__generator/-/babel__generator-7.27.0.tgz 0ms (cache hit)
774 http cache @types/babel__core@https://registry.npmjs.org/@types/babel__core/-/babel__core-7.20.5.tgz 0ms (cache hit)
775 http cache @types/d3-array@https://registry.npmjs.org/@types/d3-array/-/d3-array-3.2.2.tgz 0ms (cache hit)
776 http cache @types/aria-query@https://registry.npmjs.org/@types/aria-query/-/aria-query-5.0.4.tgz 0ms (cache hit)
777 http cache @ts-morph/common@https://registry.npmjs.org/@ts-morph/common/-/common-0.27.0.tgz 0ms (cache hit)
778 http cache @tokenlens/helpers@https://registry.npmjs.org/@tokenlens/helpers/-/helpers-1.3.1.tgz 0ms (cache hit)
779 http cache @tokenlens/models@https://registry.npmjs.org/@tokenlens/models/-/models-1.3.0.tgz 0ms (cache hit)
780 http cache @tokenlens/fetch@https://registry.npmjs.org/@tokenlens/fetch/-/fetch-1.3.0.tgz 0ms (cache hit)
781 http cache @tokenlens/core@https://registry.npmjs.org/@tokenlens/core/-/core-1.3.0.tgz 0ms (cache hit)
782 http cache @testing-library/user-event@https://registry.npmjs.org/@testing-library/user-event/-/user-event-14.6.1.tgz 0ms (cache hit)
783 http cache @testing-library/react@https://registry.npmjs.org/@testing-library/react/-/react-16.3.2.tgz 1ms (cache hit)
784 http cache @testing-library/dom@https://registry.npmjs.org/@testing-library/dom/-/dom-10.4.1.tgz 0ms (cache hit)
785 http cache @tanstack/react-query@https://registry.npmjs.org/@tanstack/react-query/-/react-query-5.101.0.tgz 0ms (cache hit)
786 http cache @testing-library/jest-dom@https://registry.npmjs.org/@testing-library/jest-dom/-/jest-dom-6.9.1.tgz 0ms (cache hit)
787 http cache @tanstack/query-core@https://registry.npmjs.org/@tanstack/query-core/-/query-core-5.101.0.tgz 0ms (cache hit)
788 http cache @tailwindcss/vite@https://registry.npmjs.org/@tailwindcss/vite/-/vite-4.3.1.tgz 0ms (cache hit)
789 http cache @tailwindcss/typography@https://registry.npmjs.org/@tailwindcss/typography/-/typography-0.5.20.tgz 0ms (cache hit)
790 http cache @tailwindcss/oxide-linux-x64-gnu@https://registry.npmjs.org/@tailwindcss/oxide-linux-x64-gnu/-/oxide-linux-x64-gnu-4.3.1.tgz 0ms (cache hit)
791 http cache @tailwindcss/oxide@https://registry.npmjs.org/@tailwindcss/oxide/-/oxide-4.3.1.tgz 0ms (cache hit)
792 http cache @tailwindcss/node@https://registry.npmjs.org/@tailwindcss/node/-/node-4.3.1.tgz 0ms (cache hit)
793 http cache @streamdown/mermaid@https://registry.npmjs.org/@streamdown/mermaid/-/mermaid-1.0.2.tgz 0ms (cache hit)
794 http cache @swc/helpers@https://registry.npmjs.org/@swc/helpers/-/helpers-0.5.15.tgz 0ms (cache hit)
795 http cache @streamdown/math@https://registry.npmjs.org/@streamdown/math/-/math-1.0.2.tgz 0ms (cache hit)
796 http cache @streamdown/code@https://registry.npmjs.org/@streamdown/code/-/code-1.1.1.tgz 0ms (cache hit)
797 http cache @streamdown/cjk@https://registry.npmjs.org/@streamdown/cjk/-/cjk-1.0.3.tgz 0ms (cache hit)
798 http cache @storybook/react-vite@https://registry.npmjs.org/@storybook/react-vite/-/react-vite-9.1.19.tgz 0ms (cache hit)
799 http cache @storybook/react-dom-shim@https://registry.npmjs.org/@storybook/react-dom-shim/-/react-dom-shim-9.1.19.tgz 0ms (cache hit)
800 http cache @storybook/react@https://registry.npmjs.org/@storybook/react/-/react-9.1.19.tgz 0ms (cache hit)
801 http cache @storybook/icons@https://registry.npmjs.org/@storybook/icons/-/icons-1.6.0.tgz 0ms (cache hit)
802 http cache @storybook/global@https://registry.npmjs.org/@storybook/global/-/global-5.0.0.tgz 0ms (cache hit)
803 http cache @storybook/builder-vite@https://registry.npmjs.org/@storybook/builder-vite/-/builder-vite-9.1.19.tgz 0ms (cache hit)
804 http cache @storybook/csf-plugin@https://registry.npmjs.org/@storybook/csf-plugin/-/csf-plugin-9.1.19.tgz 0ms (cache hit)
805 http cache @storybook/addon-links@https://registry.npmjs.org/@storybook/addon-links/-/addon-links-9.1.19.tgz 0ms (cache hit)
806 http cache @storybook/addon-docs@https://registry.npmjs.org/@storybook/addon-docs/-/addon-docs-9.1.19.tgz 0ms (cache hit)
807 http cache @storybook/addon-a11y@https://registry.npmjs.org/@storybook/addon-a11y/-/addon-a11y-9.1.19.tgz 0ms (cache hit)
808 http cache @standard-schema/spec@https://registry.npmjs.org/@standard-schema/spec/-/spec-1.1.0.tgz 0ms (cache hit)
809 http cache @sigma/edge-curve@https://registry.npmjs.org/@sigma/edge-curve/-/edge-curve-3.1.0.tgz 0ms (cache hit)
810 http cache @shikijs/vscode-textmate@https://registry.npmjs.org/@shikijs/vscode-textmate/-/vscode-textmate-10.0.2.tgz 0ms (cache hit)
811 http cache @shikijs/types@https://registry.npmjs.org/@shikijs/types/-/types-4.2.0.tgz 0ms (cache hit)
812 http cache @shikijs/themes@https://registry.npmjs.org/@shikijs/themes/-/themes-4.2.0.tgz 0ms (cache hit)
813 http cache @sindresorhus/merge-streams@https://registry.npmjs.org/@sindresorhus/merge-streams/-/merge-streams-4.0.0.tgz 0ms (cache hit)
814 http cache @shikijs/primitive@https://registry.npmjs.org/@shikijs/primitive/-/primitive-4.2.0.tgz 0ms (cache hit)
815 http cache @shikijs/langs@https://registry.npmjs.org/@shikijs/langs/-/langs-4.2.0.tgz 0ms (cache hit)
816 http cache @shikijs/engine-oniguruma@https://registry.npmjs.org/@shikijs/engine-oniguruma/-/engine-oniguruma-4.2.0.tgz 0ms (cache hit)
817 http cache @shikijs/core@https://registry.npmjs.org/@shikijs/core/-/core-4.2.0.tgz 0ms (cache hit)
818 http cache @sec-ant/readable-stream@https://registry.npmjs.org/@sec-ant/readable-stream/-/readable-stream-0.4.1.tgz 0ms (cache hit)
819 http cache @rollup/rollup-linux-x64-gnu@https://registry.npmjs.org/@rollup/rollup-linux-x64-gnu/-/rollup-linux-x64-gnu-4.62.0.tgz 0ms (cache hit)
820 http cache @rollup/pluginutils@https://registry.npmjs.org/@rollup/pluginutils/-/pluginutils-5.4.0.tgz 0ms (cache hit)
821 http cache @shikijs/engine-javascript@https://registry.npmjs.org/@shikijs/engine-javascript/-/engine-javascript-4.2.0.tgz 0ms (cache hit)
822 http cache @rolldown/pluginutils@https://registry.npmjs.org/@rolldown/pluginutils/-/pluginutils-1.0.0-rc.3.tgz 0ms (cache hit)
823 http cache @rive-app/react-webgl2@https://registry.npmjs.org/@rive-app/react-webgl2/-/react-webgl2-4.29.1.tgz 0ms (cache hit)
824 http cache @react-spring/web@https://registry.npmjs.org/@react-spring/web/-/web-10.1.1.tgz 0ms (cache hit)
825 http cache @react-spring/types@https://registry.npmjs.org/@react-spring/types/-/types-10.1.1.tgz 0ms (cache hit)
826 http cache @react-spring/shared@https://registry.npmjs.org/@react-spring/shared/-/shared-10.1.1.tgz 0ms (cache hit)
827 http cache @react-spring/rafz@https://registry.npmjs.org/@react-spring/rafz/-/rafz-10.1.1.tgz 0ms (cache hit)
828 http cache @react-spring/core@https://registry.npmjs.org/@react-spring/core/-/core-10.1.1.tgz 0ms (cache hit)
829 http cache @react-spring/animated@https://registry.npmjs.org/@react-spring/animated/-/animated-10.1.1.tgz 0ms (cache hit)
830 http cache @radix-ui/rect@https://registry.npmjs.org/@radix-ui/rect/-/rect-1.1.2.tgz 0ms (cache hit)
831 http cache @radix-ui/react-visually-hidden@https://registry.npmjs.org/@radix-ui/react-visually-hidden/-/react-visually-hidden-1.2.6.tgz 0ms (cache hit)
832 http cache @radix-ui/react-use-size@https://registry.npmjs.org/@radix-ui/react-use-size/-/react-use-size-1.1.2.tgz 0ms (cache hit)
833 http cache @rive-app/webgl2@https://registry.npmjs.org/@rive-app/webgl2/-/webgl2-2.38.1.tgz 0ms (cache hit)
834 http cache @radix-ui/react-use-rect@https://registry.npmjs.org/@radix-ui/react-use-rect/-/react-use-rect-1.1.2.tgz 0ms (cache hit)
835 http cache @radix-ui/react-use-previous@https://registry.npmjs.org/@radix-ui/react-use-previous/-/react-use-previous-1.1.2.tgz 0ms (cache hit)
836 http cache @radix-ui/react-use-layout-effect@https://registry.npmjs.org/@radix-ui/react-use-layout-effect/-/react-use-layout-effect-1.1.2.tgz 0ms (cache hit)
837 http cache @radix-ui/react-use-is-hydrated@https://registry.npmjs.org/@radix-ui/react-use-is-hydrated/-/react-use-is-hydrated-0.1.1.tgz 0ms (cache hit)
838 http cache @radix-ui/react-use-escape-keydown@https://registry.npmjs.org/@radix-ui/react-use-escape-keydown/-/react-use-escape-keydown-1.1.2.tgz 0ms (cache hit)
839 http cache @radix-ui/react-use-effect-event@https://registry.npmjs.org/@radix-ui/react-use-effect-event/-/react-use-effect-event-0.0.3.tgz 0ms (cache hit)
840 http cache @radix-ui/react-use-callback-ref@https://registry.npmjs.org/@radix-ui/react-use-callback-ref/-/react-use-callback-ref-1.1.2.tgz 0ms (cache hit)
841 http cache @radix-ui/react-tooltip@https://registry.npmjs.org/@radix-ui/react-tooltip/-/react-tooltip-1.2.10.tgz 0ms (cache hit)
842 http cache @radix-ui/react-toolbar@https://registry.npmjs.org/@radix-ui/react-toolbar/-/react-toolbar-1.1.13.tgz 0ms (cache hit)
843 http cache @radix-ui/react-use-controllable-state@https://registry.npmjs.org/@radix-ui/react-use-controllable-state/-/react-use-controllable-state-1.2.3.tgz 0ms (cache hit)
844 http cache @radix-ui/react-toggle-group@https://registry.npmjs.org/@radix-ui/react-toggle-group/-/react-toggle-group-1.1.13.tgz 0ms (cache hit)
845 http cache @radix-ui/react-toggle@https://registry.npmjs.org/@radix-ui/react-toggle/-/react-toggle-1.1.12.tgz 0ms (cache hit)
846 http cache @radix-ui/react-toast@https://registry.npmjs.org/@radix-ui/react-toast/-/react-toast-1.2.17.tgz 0ms (cache hit)
847 http cache @radix-ui/react-tabs@https://registry.npmjs.org/@radix-ui/react-tabs/-/react-tabs-1.1.15.tgz 0ms (cache hit)
848 http cache @radix-ui/react-switch@https://registry.npmjs.org/@radix-ui/react-switch/-/react-switch-1.3.1.tgz 0ms (cache hit)
849 http cache @radix-ui/react-slot@https://registry.npmjs.org/@radix-ui/react-slot/-/react-slot-1.3.0.tgz 0ms (cache hit)
850 http cache @radix-ui/react-slider@https://registry.npmjs.org/@radix-ui/react-slider/-/react-slider-1.4.1.tgz 0ms (cache hit)
851 http cache @radix-ui/react-separator@https://registry.npmjs.org/@radix-ui/react-separator/-/react-separator-1.1.10.tgz 0ms (cache hit)
852 http cache @radix-ui/react-select@https://registry.npmjs.org/@radix-ui/react-select/-/react-select-2.3.1.tgz 0ms (cache hit)
853 http cache @radix-ui/react-scroll-area@https://registry.npmjs.org/@radix-ui/react-scroll-area/-/react-scroll-area-1.2.12.tgz 0ms (cache hit)
854 http cache @radix-ui/react-roving-focus@https://registry.npmjs.org/@radix-ui/react-roving-focus/-/react-roving-focus-1.1.13.tgz 0ms (cache hit)
855 http cache @radix-ui/react-radio-group@https://registry.npmjs.org/@radix-ui/react-radio-group/-/react-radio-group-1.4.1.tgz 0ms (cache hit)
856 http cache @radix-ui/react-progress@https://registry.npmjs.org/@radix-ui/react-progress/-/react-progress-1.1.10.tgz 0ms (cache hit)
857 http cache @radix-ui/react-primitive@https://registry.npmjs.org/@radix-ui/react-primitive/-/react-primitive-2.1.6.tgz 0ms (cache hit)
858 http cache @radix-ui/react-portal@https://registry.npmjs.org/@radix-ui/react-portal/-/react-portal-1.1.12.tgz 0ms (cache hit)
859 http cache @radix-ui/react-popper@https://registry.npmjs.org/@radix-ui/react-popper/-/react-popper-1.3.1.tgz 0ms (cache hit)
860 http cache @radix-ui/react-popover@https://registry.npmjs.org/@radix-ui/react-popover/-/react-popover-1.1.17.tgz 0ms (cache hit)
861 http cache @radix-ui/react-password-toggle-field@https://registry.npmjs.org/@radix-ui/react-password-toggle-field/-/react-password-toggle-field-0.1.5.tgz 0ms (cache hit)
862 http cache @radix-ui/react-one-time-password-field@https://registry.npmjs.org/@radix-ui/react-one-time-password-field/-/react-one-time-password-field-0.1.10.tgz 0ms (cache hit)
863 http cache @radix-ui/react-navigation-menu@https://registry.npmjs.org/@radix-ui/react-navigation-menu/-/react-navigation-menu-1.2.16.tgz 0ms (cache hit)
864 http cache @radix-ui/react-menubar@https://registry.npmjs.org/@radix-ui/react-menubar/-/react-menubar-1.1.18.tgz 0ms (cache hit)
865 http cache @radix-ui/react-label@https://registry.npmjs.org/@radix-ui/react-label/-/react-label-2.1.10.tgz 0ms (cache hit)
866 http cache @radix-ui/react-id@https://registry.npmjs.org/@radix-ui/react-id/-/react-id-1.1.2.tgz 0ms (cache hit)
867 http cache @radix-ui/react-hover-card@https://registry.npmjs.org/@radix-ui/react-hover-card/-/react-hover-card-1.1.17.tgz 0ms (cache hit)
868 http cache @radix-ui/react-form@https://registry.npmjs.org/@radix-ui/react-form/-/react-form-0.1.10.tgz 0ms (cache hit)
869 http cache @radix-ui/react-presence@https://registry.npmjs.org/@radix-ui/react-presence/-/react-presence-1.1.6.tgz 0ms (cache hit)
870 http cache @radix-ui/react-focus-scope@https://registry.npmjs.org/@radix-ui/react-focus-scope/-/react-focus-scope-1.1.10.tgz 0ms (cache hit)
871 http cache @radix-ui/react-focus-guards@https://registry.npmjs.org/@radix-ui/react-focus-guards/-/react-focus-guards-1.1.4.tgz 0ms (cache hit)
872 http cache @radix-ui/react-dropdown-menu@https://registry.npmjs.org/@radix-ui/react-dropdown-menu/-/react-dropdown-menu-2.1.18.tgz 0ms (cache hit)
873 http cache @radix-ui/react-dismissable-layer@https://registry.npmjs.org/@radix-ui/react-dismissable-layer/-/react-dismissable-layer-1.1.13.tgz 0ms (cache hit)
874 http cache @radix-ui/react-direction@https://registry.npmjs.org/@radix-ui/react-direction/-/react-direction-1.1.2.tgz 0ms (cache hit)
875 http cache @radix-ui/react-dialog@https://registry.npmjs.org/@radix-ui/react-dialog/-/react-dialog-1.1.17.tgz 0ms (cache hit)
876 http cache @radix-ui/react-context-menu@https://registry.npmjs.org/@radix-ui/react-context-menu/-/react-context-menu-2.3.1.tgz 0ms (cache hit)
877 http cache @radix-ui/react-context@https://registry.npmjs.org/@radix-ui/react-context/-/react-context-1.1.4.tgz 0ms (cache hit)
878 http cache @radix-ui/react-compose-refs@https://registry.npmjs.org/@radix-ui/react-compose-refs/-/react-compose-refs-1.1.3.tgz 0ms (cache hit)
879 http cache @radix-ui/react-collection@https://registry.npmjs.org/@radix-ui/react-collection/-/react-collection-1.1.10.tgz 0ms (cache hit)
880 http cache @radix-ui/react-collapsible@https://registry.npmjs.org/@radix-ui/react-collapsible/-/react-collapsible-1.1.14.tgz 0ms (cache hit)
881 http cache @radix-ui/react-checkbox@https://registry.npmjs.org/@radix-ui/react-checkbox/-/react-checkbox-1.3.5.tgz 0ms (cache hit)
882 http cache @radix-ui/react-avatar@https://registry.npmjs.org/@radix-ui/react-avatar/-/react-avatar-1.2.0.tgz 0ms (cache hit)
883 http cache @radix-ui/react-arrow@https://registry.npmjs.org/@radix-ui/react-arrow/-/react-arrow-1.1.10.tgz 0ms (cache hit)
884 http cache @radix-ui/react-alert-dialog@https://registry.npmjs.org/@radix-ui/react-alert-dialog/-/react-alert-dialog-1.1.17.tgz 0ms (cache hit)
885 http cache @radix-ui/react-menu@https://registry.npmjs.org/@radix-ui/react-menu/-/react-menu-2.1.18.tgz 0ms (cache hit)
886 http cache @radix-ui/react-accordion@https://registry.npmjs.org/@radix-ui/react-accordion/-/react-accordion-1.2.14.tgz 0ms (cache hit)
887 http cache @radix-ui/react-aspect-ratio@https://registry.npmjs.org/@radix-ui/react-aspect-ratio/-/react-aspect-ratio-1.1.10.tgz 0ms (cache hit)
888 http cache @radix-ui/react-accessible-icon@https://registry.npmjs.org/@radix-ui/react-accessible-icon/-/react-accessible-icon-1.1.10.tgz 0ms (cache hit)
889 http cache @radix-ui/primitive@https://registry.npmjs.org/@radix-ui/primitive/-/primitive-1.1.4.tgz 0ms (cache hit)
890 http cache @radix-ui/number@https://registry.npmjs.org/@radix-ui/number/-/number-1.1.2.tgz 0ms (cache hit)
891 http cache @pkgjs/parseargs@https://registry.npmjs.org/@pkgjs/parseargs/-/parseargs-0.11.0.tgz 0ms (cache hit)
892 http cache @open-draft/until@https://registry.npmjs.org/@open-draft/until/-/until-2.1.0.tgz 0ms (cache hit)
893 http cache @open-draft/logger@https://registry.npmjs.org/@open-draft/logger/-/logger-0.3.0.tgz 0ms (cache hit)
894 http cache @opentelemetry/api@https://registry.npmjs.org/@opentelemetry/api/-/api-1.9.1.tgz 0ms (cache hit)
895 http cache @open-draft/deferred-promise@https://registry.npmjs.org/@open-draft/deferred-promise/-/deferred-promise-3.0.0.tgz 0ms (cache hit)
896 http cache @nodelib/fs.walk@https://registry.npmjs.org/@nodelib/fs.walk/-/fs.walk-1.2.8.tgz 0ms (cache hit)
897 http cache @nodelib/fs.stat@https://registry.npmjs.org/@nodelib/fs.stat/-/fs.stat-2.0.5.tgz 0ms (cache hit)
898 http cache @nodelib/fs.scandir@https://registry.npmjs.org/@nodelib/fs.scandir/-/fs.scandir-2.1.5.tgz 0ms (cache hit)
899 http cache @noble/hashes@https://registry.npmjs.org/@noble/hashes/-/hashes-1.8.0.tgz 0ms (cache hit)
900 http cache @noble/curves@https://registry.npmjs.org/@noble/curves/-/curves-1.9.7.tgz 0ms (cache hit)
901 http cache @noble/ciphers@https://registry.npmjs.org/@noble/ciphers/-/ciphers-1.3.0.tgz 0ms (cache hit)
902 http cache @nivo/voronoi@https://registry.npmjs.org/@nivo/voronoi/-/voronoi-0.99.0.tgz 0ms (cache hit)
903 http cache @nivo/tooltip@https://registry.npmjs.org/@nivo/tooltip/-/tooltip-0.99.0.tgz 0ms (cache hit)
904 http cache @nivo/theming@https://registry.npmjs.org/@nivo/theming/-/theming-0.99.0.tgz 0ms (cache hit)
905 http cache @nivo/text@https://registry.npmjs.org/@nivo/text/-/text-0.99.0.tgz 0ms (cache hit)
906 http cache @nivo/scales@https://registry.npmjs.org/@nivo/scales/-/scales-0.99.0.tgz 0ms (cache hit)
907 http cache @nivo/radar@https://registry.npmjs.org/@nivo/radar/-/radar-0.99.0.tgz 0ms (cache hit)
908 http cache @nivo/line@https://registry.npmjs.org/@nivo/line/-/line-0.99.0.tgz 0ms (cache hit)
909 http cache @nivo/legends@https://registry.npmjs.org/@nivo/legends/-/legends-0.99.0.tgz 0ms (cache hit)
910 http cache @nivo/core@https://registry.npmjs.org/@nivo/core/-/core-0.99.0.tgz 0ms (cache hit)
911 http cache @nivo/colors@https://registry.npmjs.org/@nivo/colors/-/colors-0.99.0.tgz 0ms (cache hit)
912 http cache @nivo/canvas@https://registry.npmjs.org/@nivo/canvas/-/canvas-0.99.0.tgz 0ms (cache hit)
913 http cache @nivo/bar@https://registry.npmjs.org/@nivo/bar/-/bar-0.99.0.tgz 0ms (cache hit)
914 http cache @nivo/axes@https://registry.npmjs.org/@nivo/axes/-/axes-0.99.0.tgz 0ms (cache hit)
915 http cache @nivo/annotations@https://registry.npmjs.org/@nivo/annotations/-/annotations-0.99.0.tgz 0ms (cache hit)
916 http cache @next/swc-linux-x64-gnu@https://registry.npmjs.org/@next/swc-linux-x64-gnu/-/swc-linux-x64-gnu-16.2.9.tgz 0ms (cache hit)
917 http cache @mswjs/interceptors@https://registry.npmjs.org/@mswjs/interceptors/-/interceptors-0.41.9.tgz 0ms (cache hit)
918 http cache @next/env@https://registry.npmjs.org/@next/env/-/env-16.2.9.tgz 0ms (cache hit)
919 http cache @modelcontextprotocol/sdk@https://registry.npmjs.org/@modelcontextprotocol/sdk/-/sdk-1.29.0.tgz 0ms (cache hit)
920 http cache @mermaid-js/parser@https://registry.npmjs.org/@mermaid-js/parser/-/parser-1.1.1.tgz 0ms (cache hit)
921 http cache @mdx-js/react@https://registry.npmjs.org/@mdx-js/react/-/react-3.1.1.tgz 0ms (cache hit)
922 http cache @jsdevtools/ono@https://registry.npmjs.org/@jsdevtools/ono/-/ono-7.1.3.tgz 0ms (cache hit)
923 http cache @jridgewell/sourcemap-codec@https://registry.npmjs.org/@jridgewell/sourcemap-codec/-/sourcemap-codec-1.5.5.tgz 0ms (cache hit)
924 http cache @jridgewell/resolve-uri@https://registry.npmjs.org/@jridgewell/resolve-uri/-/resolve-uri-3.1.2.tgz 0ms (cache hit)
925 http cache @jridgewell/remapping@https://registry.npmjs.org/@jridgewell/remapping/-/remapping-2.3.5.tgz 0ms (cache hit)
926 http cache @jridgewell/gen-mapping@https://registry.npmjs.org/@jridgewell/gen-mapping/-/gen-mapping-0.3.13.tgz 0ms (cache hit)
927 http cache @joshwooding/vite-plugin-react-docgen-typescript@https://registry.npmjs.org/@joshwooding/vite-plugin-react-docgen-typescript/-/vite-plugin-react-docgen-typescript-0.6.1.tgz 0ms (cache hit)
928 http cache @isaacs/cliui@https://registry.npmjs.org/@isaacs/cliui/-/cliui-8.0.2.tgz 0ms (cache hit)
929 http cache @inquirer/type@https://registry.npmjs.org/@inquirer/type/-/type-4.0.7.tgz 0ms (cache hit)
930 http cache @inquirer/figures@https://registry.npmjs.org/@inquirer/figures/-/figures-2.0.7.tgz 0ms (cache hit)
931 http cache @jridgewell/trace-mapping@https://registry.npmjs.org/@jridgewell/trace-mapping/-/trace-mapping-0.3.31.tgz 0ms (cache hit)
932 http cache @inquirer/core@https://registry.npmjs.org/@inquirer/core/-/core-11.2.1.tgz 0ms (cache hit)
933 http cache @inquirer/confirm@https://registry.npmjs.org/@inquirer/confirm/-/confirm-6.1.1.tgz 0ms (cache hit)
934 http cache @inquirer/ansi@https://registry.npmjs.org/@inquirer/ansi/-/ansi-2.0.7.tgz 0ms (cache hit)
935 http cache @img/sharp-linux-x64@https://registry.npmjs.org/@img/sharp-linux-x64/-/sharp-linux-x64-0.34.5.tgz 0ms (cache hit)
936 http cache @iconify/utils@https://registry.npmjs.org/@iconify/utils/-/utils-3.1.3.tgz 0ms (cache hit)
937 http cache @iconify/types@https://registry.npmjs.org/@iconify/types/-/types-2.0.0.tgz 0ms (cache hit)
938 http cache @img/colour@https://registry.npmjs.org/@img/colour/-/colour-1.1.0.tgz 0ms (cache hit)
939 http cache @humanwhocodes/retry@https://registry.npmjs.org/@humanwhocodes/retry/-/retry-0.4.3.tgz 0ms (cache hit)
940 http cache @humanfs/types@https://registry.npmjs.org/@humanfs/types/-/types-0.15.0.tgz 0ms (cache hit)
941 http cache @humanfs/node@https://registry.npmjs.org/@humanfs/node/-/node-0.16.8.tgz 0ms (cache hit)
942 http cache @humanfs/core@https://registry.npmjs.org/@humanfs/core/-/core-0.19.2.tgz 0ms (cache hit)
943 http cache @hugeicons/react@https://registry.npmjs.org/@hugeicons/react/-/react-1.1.7.tgz 0ms (cache hit)
944 http cache @hugeicons/core-free-icons@https://registry.npmjs.org/@hugeicons/core-free-icons/-/core-free-icons-3.3.0.tgz 0ms (cache hit)
945 http cache @hono/node-server@https://registry.npmjs.org/@hono/node-server/-/node-server-1.19.14.tgz 0ms (cache hit)
946 http cache @fontsource-variable/geist@https://registry.npmjs.org/@fontsource-variable/geist/-/geist-5.2.9.tgz 0ms (cache hit)
947 http cache @fontsource-variable/geist-mono@https://registry.npmjs.org/@fontsource-variable/geist-mono/-/geist-mono-5.2.8.tgz 1ms (cache hit)
948 http cache @floating-ui/utils@https://registry.npmjs.org/@floating-ui/utils/-/utils-0.2.11.tgz 0ms (cache hit)
949 http cache @floating-ui/react-dom@https://registry.npmjs.org/@floating-ui/react-dom/-/react-dom-2.1.8.tgz 0ms (cache hit)
950 http cache @floating-ui/dom@https://registry.npmjs.org/@floating-ui/dom/-/dom-1.7.6.tgz 0ms (cache hit)
951 http cache @floating-ui/core@https://registry.npmjs.org/@floating-ui/core/-/core-1.7.5.tgz 0ms (cache hit)
952 http cache @humanwhocodes/module-importer@https://registry.npmjs.org/@humanwhocodes/module-importer/-/module-importer-1.0.1.tgz 0ms (cache hit)
953 http cache @exodus/bytes@https://registry.npmjs.org/@exodus/bytes/-/bytes-1.15.1.tgz 0ms (cache hit)
954 http cache @eslint/plugin-kit@https://registry.npmjs.org/@eslint/plugin-kit/-/plugin-kit-0.4.1.tgz 0ms (cache hit)
955 http cache @eslint/object-schema@https://registry.npmjs.org/@eslint/object-schema/-/object-schema-2.1.7.tgz 0ms (cache hit)
956 http cache @eslint/js@https://registry.npmjs.org/@eslint/js/-/js-9.39.4.tgz 0ms (cache hit)
957 http cache @eslint/eslintrc@https://registry.npmjs.org/@eslint/eslintrc/-/eslintrc-3.3.5.tgz 0ms (cache hit)
958 http cache @eslint/config-helpers@https://registry.npmjs.org/@eslint/config-helpers/-/config-helpers-0.4.2.tgz 0ms (cache hit)
959 http cache @eslint/config-array@https://registry.npmjs.org/@eslint/config-array/-/config-array-0.21.2.tgz 0ms (cache hit)
960 http cache @eslint-community/regexpp@https://registry.npmjs.org/@eslint-community/regexpp/-/regexpp-4.12.2.tgz 0ms (cache hit)
961 http cache @eslint/core@https://registry.npmjs.org/@eslint/core/-/core-0.17.0.tgz 0ms (cache hit)
962 http cache @eslint-community/eslint-utils@https://registry.npmjs.org/@eslint-community/eslint-utils/-/eslint-utils-4.9.1.tgz 0ms (cache hit)
963 http cache @esbuild/linux-x64@https://registry.npmjs.org/@esbuild/linux-x64/-/linux-x64-0.25.12.tgz 0ms (cache hit)
964 http cache @ecies/ciphers@https://registry.npmjs.org/@ecies/ciphers/-/ciphers-0.2.6.tgz 0ms (cache hit)
965 http cache @dotenvx/dotenvx@https://registry.npmjs.org/@dotenvx/dotenvx/-/dotenvx-1.73.1.tgz 0ms (cache hit)
966 http cache @csstools/css-tokenizer@https://registry.npmjs.org/@csstools/css-tokenizer/-/css-tokenizer-4.0.0.tgz 0ms (cache hit)
967 http cache @csstools/css-parser-algorithms@https://registry.npmjs.org/@csstools/css-parser-algorithms/-/css-parser-algorithms-4.0.0.tgz 0ms (cache hit)
968 http cache @csstools/css-color-parser@https://registry.npmjs.org/@csstools/css-color-parser/-/css-color-parser-4.1.7.tgz 0ms (cache hit)
969 http cache @csstools/css-calc@https://registry.npmjs.org/@csstools/css-calc/-/css-calc-3.2.1.tgz 0ms (cache hit)
970 http cache @csstools/color-helpers@https://registry.npmjs.org/@csstools/color-helpers/-/color-helpers-6.0.2.tgz 0ms (cache hit)
971 http cache @chevrotain/types@https://registry.npmjs.org/@chevrotain/types/-/types-11.1.2.tgz 0ms (cache hit)
972 http cache @bramus/specificity@https://registry.npmjs.org/@bramus/specificity/-/specificity-2.4.2.tgz 0ms (cache hit)
973 http cache @braintree/sanitize-url@https://registry.npmjs.org/@braintree/sanitize-url/-/sanitize-url-7.1.2.tgz 0ms (cache hit)
974 http cache @base-ui/utils@https://registry.npmjs.org/@base-ui/utils/-/utils-0.3.1.tgz 0ms (cache hit)
975 http cache @base-ui/react@https://registry.npmjs.org/@base-ui/react/-/react-1.6.0.tgz 0ms (cache hit)
976 http cache @babel/types@https://registry.npmjs.org/@babel/types/-/types-7.29.7.tgz 0ms (cache hit)
977 http cache @babel/traverse@https://registry.npmjs.org/@babel/traverse/-/traverse-7.29.7.tgz 0ms (cache hit)
978 http cache @babel/template@https://registry.npmjs.org/@babel/template/-/template-7.29.7.tgz 0ms (cache hit)
979 http cache @babel/runtime@https://registry.npmjs.org/@babel/runtime/-/runtime-7.29.7.tgz 0ms (cache hit)
980 http cache @babel/preset-typescript@https://registry.npmjs.org/@babel/preset-typescript/-/preset-typescript-7.29.7.tgz 0ms (cache hit)
981 http cache @babel/plugin-transform-typescript@https://registry.npmjs.org/@babel/plugin-transform-typescript/-/plugin-transform-typescript-7.29.7.tgz 0ms (cache hit)
982 http cache @babel/plugin-transform-react-jsx-source@https://registry.npmjs.org/@babel/plugin-transform-react-jsx-source/-/plugin-transform-react-jsx-source-7.29.7.tgz 0ms (cache hit)
983 http cache @babel/plugin-transform-react-jsx-self@https://registry.npmjs.org/@babel/plugin-transform-react-jsx-self/-/plugin-transform-react-jsx-self-7.29.7.tgz 1ms (cache hit)
984 http cache @babel/plugin-transform-modules-commonjs@https://registry.npmjs.org/@babel/plugin-transform-modules-commonjs/-/plugin-transform-modules-commonjs-7.29.7.tgz 0ms (cache hit)
985 http cache @babel/plugin-syntax-typescript@https://registry.npmjs.org/@babel/plugin-syntax-typescript/-/plugin-syntax-typescript-7.29.7.tgz 0ms (cache hit)
986 http cache @babel/plugin-syntax-jsx@https://registry.npmjs.org/@babel/plugin-syntax-jsx/-/plugin-syntax-jsx-7.29.7.tgz 0ms (cache hit)
987 http cache @babel/parser@https://registry.npmjs.org/@babel/parser/-/parser-7.29.7.tgz 0ms (cache hit)
988 http cache @babel/helpers@https://registry.npmjs.org/@babel/helpers/-/helpers-7.29.7.tgz 0ms (cache hit)
989 http cache @babel/helper-validator-option@https://registry.npmjs.org/@babel/helper-validator-option/-/helper-validator-option-7.29.7.tgz 1ms (cache hit)
990 http cache @babel/helper-validator-identifier@https://registry.npmjs.org/@babel/helper-validator-identifier/-/helper-validator-identifier-7.29.7.tgz 0ms (cache hit)
991 http cache @babel/helper-string-parser@https://registry.npmjs.org/@babel/helper-string-parser/-/helper-string-parser-7.29.7.tgz 0ms (cache hit)
992 http cache @babel/helper-skip-transparent-expression-wrappers@https://registry.npmjs.org/@babel/helper-skip-transparent-expression-wrappers/-/helper-skip-transparent-expression-wrappers-7.29.7.tgz 0ms (cache hit)
993 http cache @babel/helper-replace-supers@https://registry.npmjs.org/@babel/helper-replace-supers/-/helper-replace-supers-7.29.7.tgz 0ms (cache hit)
994 http cache @babel/helper-plugin-utils@https://registry.npmjs.org/@babel/helper-plugin-utils/-/helper-plugin-utils-7.29.7.tgz 0ms (cache hit)
995 http cache @babel/helper-optimise-call-expression@https://registry.npmjs.org/@babel/helper-optimise-call-expression/-/helper-optimise-call-expression-7.29.7.tgz 0ms (cache hit)
996 http cache @img/sharp-libvips-linux-x64@https://registry.npmjs.org/@img/sharp-libvips-linux-x64/-/sharp-libvips-linux-x64-1.2.4.tgz 0ms (cache hit)
997 http fetch POST 200 https://registry.npmjs.org/-/npm/v1/security/advisories/bulk 1592ms
998 silly audit report {
998 silly audit report   esbuild: [
998 silly audit report     {
998 silly audit report       id: 1120680,
998 silly audit report       url: 'https://github.com/advisories/GHSA-g7r4-m6w7-qqqr',
998 silly audit report       title: 'esbuild allows arbitrary file read when running the development server on Windows',
998 silly audit report       severity: 'low',
998 silly audit report       vulnerable_versions: '>=0.27.3 <0.28.1',
998 silly audit report       cwe: [Array],
998 silly audit report       cvss: [Object]
998 silly audit report     }
998 silly audit report   ],
998 silly audit report   postcss: [
998 silly audit report     {
998 silly audit report       id: 1117015,
998 silly audit report       url: 'https://github.com/advisories/GHSA-qx2v-qp2m-jg93',
998 silly audit report       title: 'PostCSS has XSS via Unescaped </style> in its CSS Stringify Output',
998 silly audit report       severity: 'moderate',
998 silly audit report       vulnerable_versions: '<8.5.10',
998 silly audit report       cwe: [Array],
998 silly audit report       cvss: [Object]
998 silly audit report     }
998 silly audit report   ],
998 silly audit report   prismjs: [
998 silly audit report     {
998 silly audit report       id: 1105770,
998 silly audit report       url: 'https://github.com/advisories/GHSA-x7hr-w5r2-h6wg',
998 silly audit report       title: 'PrismJS DOM Clobbering vulnerability',
998 silly audit report       severity: 'moderate',
998 silly audit report       vulnerable_versions: '<1.30.0',
998 silly audit report       cwe: [Array],
998 silly audit report       cvss: [Object]
998 silly audit report     }
998 silly audit report   ]
998 silly audit report }
999 silly packumentCache corgi:https://registry.npmjs.org/esbuild cache-miss
1000 silly packumentCache corgi:https://registry.npmjs.org/postcss cache-miss
1001 silly packumentCache corgi:https://registry.npmjs.org/prismjs cache-miss
1002 http cache @babel/helper-module-transforms@https://registry.npmjs.org/@babel/helper-module-transforms/-/helper-module-transforms-7.29.7.tgz 0ms (cache hit)
1003 http cache @babel/helper-module-imports@https://registry.npmjs.org/@babel/helper-module-imports/-/helper-module-imports-7.29.7.tgz 0ms (cache hit)
1004 http cache @babel/helper-member-expression-to-functions@https://registry.npmjs.org/@babel/helper-member-expression-to-functions/-/helper-member-expression-to-functions-7.29.7.tgz 0ms (cache hit)
1005 http cache @babel/helper-globals@https://registry.npmjs.org/@babel/helper-globals/-/helper-globals-7.29.7.tgz 0ms (cache hit)
1006 http cache @babel/helper-create-class-features-plugin@https://registry.npmjs.org/@babel/helper-create-class-features-plugin/-/helper-create-class-features-plugin-7.29.7.tgz 0ms (cache hit)
1007 http cache @babel/helper-compilation-targets@https://registry.npmjs.org/@babel/helper-compilation-targets/-/helper-compilation-targets-7.29.7.tgz 0ms (cache hit)
1008 http cache @babel/helper-annotate-as-pure@https://registry.npmjs.org/@babel/helper-annotate-as-pure/-/helper-annotate-as-pure-7.29.7.tgz 0ms (cache hit)
1009 http cache @babel/generator@https://registry.npmjs.org/@babel/generator/-/generator-7.29.7.tgz 0ms (cache hit)
1010 http cache @babel/core@https://registry.npmjs.org/@babel/core/-/core-7.29.7.tgz 0ms (cache hit)
1011 http cache @babel/compat-data@https://registry.npmjs.org/@babel/compat-data/-/compat-data-7.29.7.tgz 0ms (cache hit)
1012 http cache @babel/code-frame@https://registry.npmjs.org/@babel/code-frame/-/code-frame-7.29.7.tgz 0ms (cache hit)
1013 http cache @asamuzakjp/nwsapi@https://registry.npmjs.org/@asamuzakjp/nwsapi/-/nwsapi-2.3.9.tgz 0ms (cache hit)
1014 http cache @asamuzakjp/generational-cache@https://registry.npmjs.org/@asamuzakjp/generational-cache/-/generational-cache-1.0.1.tgz 0ms (cache hit)
1015 http cache @asamuzakjp/css-color@https://registry.npmjs.org/@asamuzakjp/css-color/-/css-color-5.1.11.tgz 0ms (cache hit)
1016 http cache @asamuzakjp/dom-selector@https://registry.npmjs.org/@asamuzakjp/dom-selector/-/dom-selector-7.1.1.tgz 0ms (cache hit)
1017 http cache @apidevtools/json-schema-ref-parser@https://registry.npmjs.org/@apidevtools/json-schema-ref-parser/-/json-schema-ref-parser-11.9.3.tgz 0ms (cache hit)
1018 http cache @antfu/ni@https://registry.npmjs.org/@antfu/ni/-/ni-25.0.0.tgz 0ms (cache hit)
1019 http cache @antfu/install-pkg@https://registry.npmjs.org/@antfu/install-pkg/-/install-pkg-1.1.0.tgz 0ms (cache hit)
1020 http cache @ai-sdk/provider-utils@https://registry.npmjs.org/@ai-sdk/provider-utils/-/provider-utils-4.0.30.tgz 0ms (cache hit)
1021 http cache @ai-sdk/provider@https://registry.npmjs.org/@ai-sdk/provider/-/provider-3.0.10.tgz 0ms (cache hit)
1022 http cache @ai-sdk/gateway@https://registry.npmjs.org/@ai-sdk/gateway/-/gateway-3.0.133.tgz 0ms (cache hit)
1023 http cache @adobe/css-tools@https://registry.npmjs.org/@adobe/css-tools/-/css-tools-4.5.0.tgz 0ms (cache hit)
1024 http cache string-width@https://registry.npmjs.org/string-width/-/string-width-4.2.3.tgz 0ms (cache hit)
1025 http cache strip-ansi@https://registry.npmjs.org/strip-ansi/-/strip-ansi-6.0.1.tgz 0ms (cache hit)
1026 http cache string-width@https://registry.npmjs.org/string-width/-/string-width-4.2.3.tgz 0ms (cache hit)
1027 http cache emoji-regex@https://registry.npmjs.org/emoji-regex/-/emoji-regex-8.0.0.tgz 0ms (cache hit)
1028 http cache strip-ansi@https://registry.npmjs.org/strip-ansi/-/strip-ansi-6.0.1.tgz 0ms (cache hit)
1029 http cache emoji-regex@https://registry.npmjs.org/emoji-regex/-/emoji-regex-8.0.0.tgz 0ms (cache hit)
1030 http cache ansi-styles@https://registry.npmjs.org/ansi-styles/-/ansi-styles-6.2.3.tgz 0ms (cache hit)
1031 http cache tinyrainbow@https://registry.npmjs.org/tinyrainbow/-/tinyrainbow-3.1.0.tgz 0ms (cache hit)
1032 http cache @vitest/utils@https://registry.npmjs.org/@vitest/utils/-/utils-4.1.9.tgz 0ms (cache hit)
1033 http cache estree-walker@https://registry.npmjs.org/estree-walker/-/estree-walker-3.0.3.tgz 0ms (cache hit)
1034 http cache @vitest/spy@https://registry.npmjs.org/@vitest/spy/-/spy-4.1.9.tgz 0ms (cache hit)
1035 http cache @vitest/pretty-format@https://registry.npmjs.org/@vitest/pretty-format/-/pretty-format-4.1.9.tgz 0ms (cache hit)
1036 http cache @vitest/mocker@https://registry.npmjs.org/@vitest/mocker/-/mocker-4.1.9.tgz 0ms (cache hit)
1037 http cache @vitest/expect@https://registry.npmjs.org/@vitest/expect/-/expect-4.1.9.tgz 0ms (cache hit)
1038 http cache postcss@https://registry.npmjs.org/postcss/-/postcss-8.5.15.tgz 0ms (cache hit)
1039 http cache nanoid@https://registry.npmjs.org/nanoid/-/nanoid-3.3.13.tgz 0ms (cache hit)
1040 http cache chai@https://registry.npmjs.org/chai/-/chai-6.2.2.tgz 0ms (cache hit)
1041 http cache @esbuild/linux-x64@https://registry.npmjs.org/@esbuild/linux-x64/-/linux-x64-0.27.7.tgz 0ms (cache hit)
1042 http cache content-type@https://registry.npmjs.org/content-type/-/content-type-2.0.0.tgz 0ms (cache hit)
1043 http cache esbuild@https://registry.npmjs.org/esbuild/-/esbuild-0.28.1.tgz 0ms (cache hit)
1044 http cache @esbuild/linux-x64@https://registry.npmjs.org/@esbuild/linux-x64/-/linux-x64-0.28.1.tgz 0ms (cache hit)
1045 http cache esbuild@https://registry.npmjs.org/esbuild/-/esbuild-0.27.7.tgz 0ms (cache hit)
1046 http cache ansi-regex@https://registry.npmjs.org/ansi-regex/-/ansi-regex-6.2.2.tgz 0ms (cache hit)
1047 http cache strip-ansi@https://registry.npmjs.org/strip-ansi/-/strip-ansi-6.0.1.tgz 0ms (cache hit)
1048 http cache is-obj@https://registry.npmjs.org/is-obj/-/is-obj-3.0.0.tgz 0ms (cache hit)
1049 http cache emoji-regex@https://registry.npmjs.org/emoji-regex/-/emoji-regex-8.0.0.tgz 0ms (cache hit)
1050 http cache marked@https://registry.npmjs.org/marked/-/marked-17.0.6.tgz 0ms (cache hit)
1051 http cache semver@https://registry.npmjs.org/semver/-/semver-7.8.4.tgz 0ms (cache hit)
1052 http cache semver@https://registry.npmjs.org/semver/-/semver-7.8.4.tgz 0ms (cache hit)
1053 http cache zod@https://registry.npmjs.org/zod/-/zod-3.25.76.tgz 0ms (cache hit)
1054 http cache postcss-selector-parser@https://registry.npmjs.org/postcss-selector-parser/-/postcss-selector-parser-7.1.4.tgz 0ms (cache hit)
1055 http cache postcss@https://registry.npmjs.org/postcss/-/postcss-8.5.15.tgz 0ms (cache hit)
1056 http cache nanoid@https://registry.npmjs.org/nanoid/-/nanoid-3.3.13.tgz 0ms (cache hit)
1057 http cache commander@https://registry.npmjs.org/commander/-/commander-14.0.3.tgz 0ms (cache hit)
1058 http cache onetime@https://registry.npmjs.org/onetime/-/onetime-7.0.0.tgz 0ms (cache hit)
1059 http cache lowlight@https://registry.npmjs.org/lowlight/-/lowlight-3.3.0.tgz 0ms (cache hit)
1060 http cache highlight.js@https://registry.npmjs.org/highlight.js/-/highlight.js-11.11.1.tgz 0ms (cache hit)
1061 http cache prismjs@https://registry.npmjs.org/prismjs/-/prismjs-1.27.0.tgz 0ms (cache hit)
1062 http cache parse-entities@https://registry.npmjs.org/parse-entities/-/parse-entities-2.0.0.tgz 0ms (cache hit)
1063 http cache is-decimal@https://registry.npmjs.org/is-decimal/-/is-decimal-1.0.4.tgz 0ms (cache hit)
1064 http cache is-alphanumerical@https://registry.npmjs.org/is-alphanumerical/-/is-alphanumerical-1.0.4.tgz 0ms (cache hit)
1065 http cache is-alphabetical@https://registry.npmjs.org/is-alphabetical/-/is-alphabetical-1.0.4.tgz 0ms (cache hit)
1066 http cache character-reference-invalid@https://registry.npmjs.org/character-reference-invalid/-/character-reference-invalid-1.1.4.tgz 0ms (cache hit)
1067 http cache character-entities-legacy@https://registry.npmjs.org/character-entities-legacy/-/character-entities-legacy-1.1.4.tgz 0ms (cache hit)
1068 http cache character-entities@https://registry.npmjs.org/character-entities/-/character-entities-1.2.4.tgz 0ms (cache hit)
1069 http cache strip-indent@https://registry.npmjs.org/strip-indent/-/strip-indent-3.0.0.tgz 0ms (cache hit)
1070 http cache cookie@https://registry.npmjs.org/cookie/-/cookie-1.1.1.tgz 0ms (cache hit)
1071 http cache @types/react-dom@https://registry.npmjs.org/@types/react-dom/-/react-dom-18.3.7.tgz 0ms (cache hit)
1072 http cache @types/react@https://registry.npmjs.org/@types/react/-/react-18.3.31.tgz 0ms (cache hit)
1073 http cache kleur@https://registry.npmjs.org/kleur/-/kleur-3.0.3.tgz 0ms (cache hit)
1074 http cache ansi-styles@https://registry.npmjs.org/ansi-styles/-/ansi-styles-5.2.0.tgz 0ms (cache hit)
1075 http cache path-exists@https://registry.npmjs.org/path-exists/-/path-exists-3.0.0.tgz 0ms (cache hit)
1076 http cache p-locate@https://registry.npmjs.org/p-locate/-/p-locate-3.0.0.tgz 0ms (cache hit)
1077 http cache p-limit@https://registry.npmjs.org/p-limit/-/p-limit-2.3.0.tgz 0ms (cache hit)
1078 http cache nanoid@https://registry.npmjs.org/nanoid/-/nanoid-3.3.13.tgz 0ms (cache hit)
1079 http cache locate-path@https://registry.npmjs.org/locate-path/-/locate-path-3.0.0.tgz 0ms (cache hit)
1080 http cache find-up@https://registry.npmjs.org/find-up/-/find-up-3.0.0.tgz 0ms (cache hit)
1081 http cache lru-cache@https://registry.npmjs.org/lru-cache/-/lru-cache-10.4.3.tgz 0ms (cache hit)
1082 http cache @types/unist@https://registry.npmjs.org/@types/unist/-/unist-2.0.11.tgz 0ms (cache hit)
1083 http cache string-width@https://registry.npmjs.org/string-width/-/string-width-7.2.0.tgz 0ms (cache hit)
1084 http cache emoji-regex@https://registry.npmjs.org/emoji-regex/-/emoji-regex-10.6.0.tgz 0ms (cache hit)
1085 http cache chalk@https://registry.npmjs.org/chalk/-/chalk-5.6.2.tgz 0ms (cache hit)
1086 http cache mimic-fn@https://registry.npmjs.org/mimic-fn/-/mimic-fn-2.1.0.tgz 0ms (cache hit)
1087 http cache is-hexadecimal@https://registry.npmjs.org/is-hexadecimal/-/is-hexadecimal-1.0.4.tgz 0ms (cache hit)
1088 http cache unicorn-magic@https://registry.npmjs.org/unicorn-magic/-/unicorn-magic-0.3.0.tgz 0ms (cache hit)
1089 http cache path-key@https://registry.npmjs.org/path-key/-/path-key-4.0.0.tgz 0ms (cache hit)
1090 http cache path-to-regexp@https://registry.npmjs.org/path-to-regexp/-/path-to-regexp-6.3.0.tgz 0ms (cache hit)
1091 http cache picomatch@https://registry.npmjs.org/picomatch/-/picomatch-2.3.2.tgz 0ms (cache hit)
1092 http cache chalk@https://registry.npmjs.org/chalk/-/chalk-5.6.2.tgz 0ms (cache hit)
1093 http cache escape-string-regexp@https://registry.npmjs.org/escape-string-regexp/-/escape-string-regexp-5.0.0.tgz 0ms (cache hit)
1094 http cache is-unicode-supported@https://registry.npmjs.org/is-unicode-supported/-/is-unicode-supported-1.3.0.tgz 0ms (cache hit)
1095 http cache cookie@https://registry.npmjs.org/cookie/-/cookie-1.1.1.tgz 0ms (cache hit)
1096 http cache mdn-data@https://registry.npmjs.org/mdn-data/-/mdn-data-2.27.1.tgz 0ms (cache hit)
1097 http cache lru-cache@https://registry.npmjs.org/lru-cache/-/lru-cache-11.5.1.tgz 0ms (cache hit)
1098 http cache css-tree@https://registry.npmjs.org/css-tree/-/css-tree-3.2.1.tgz 0ms (cache hit)
1099 http cache @csstools/css-syntax-patches-for-csstree@https://registry.npmjs.org/@csstools/css-syntax-patches-for-csstree/-/css-syntax-patches-for-csstree-1.1.5.tgz 0ms (cache hit)
1100 http cache set-cookie-parser@https://registry.npmjs.org/set-cookie-parser/-/set-cookie-parser-3.1.0.tgz 0ms (cache hit)
1101 http cache space-separated-tokens@https://registry.npmjs.org/space-separated-tokens/-/space-separated-tokens-1.1.5.tgz 0ms (cache hit)
1102 http cache property-information@https://registry.npmjs.org/property-information/-/property-information-5.6.0.tgz 0ms (cache hit)
1103 http cache comma-separated-tokens@https://registry.npmjs.org/comma-separated-tokens/-/comma-separated-tokens-1.0.8.tgz 0ms (cache hit)
1104 http cache @types/unist@https://registry.npmjs.org/@types/unist/-/unist-2.0.11.tgz 0ms (cache hit)
1105 http cache @types/hast@https://registry.npmjs.org/@types/hast/-/hast-2.3.10.tgz 0ms (cache hit)
1106 http cache parse5@https://registry.npmjs.org/parse5/-/parse5-7.3.0.tgz 0ms (cache hit)
1107 http cache entities@https://registry.npmjs.org/entities/-/entities-6.0.1.tgz 0ms (cache hit)
1108 http cache hastscript@https://registry.npmjs.org/hastscript/-/hastscript-9.0.1.tgz 0ms (cache hit)
1109 http cache hast-util-parse-selector@https://registry.npmjs.org/hast-util-parse-selector/-/hast-util-parse-selector-4.0.0.tgz 0ms (cache hit)
1110 http cache parse5@https://registry.npmjs.org/parse5/-/parse5-7.3.0.tgz 0ms (cache hit)
1111 http cache entities@https://registry.npmjs.org/entities/-/entities-6.0.1.tgz 0ms (cache hit)
1112 http cache hastscript@https://registry.npmjs.org/hastscript/-/hastscript-9.0.1.tgz 0ms (cache hit)
1113 http cache minimatch@https://registry.npmjs.org/minimatch/-/minimatch-9.0.9.tgz 0ms (cache hit)
1114 http cache brace-expansion@https://registry.npmjs.org/brace-expansion/-/brace-expansion-2.1.1.tgz 0ms (cache hit)
1115 http cache glob-parent@https://registry.npmjs.org/glob-parent/-/glob-parent-5.1.2.tgz 0ms (cache hit)
1116 http cache yocto-queue@https://registry.npmjs.org/yocto-queue/-/yocto-queue-0.1.0.tgz 0ms (cache hit)
1117 http cache path-exists@https://registry.npmjs.org/path-exists/-/path-exists-4.0.0.tgz 0ms (cache hit)
1118 http cache p-locate@https://registry.npmjs.org/p-locate/-/p-locate-5.0.0.tgz 0ms (cache hit)
1119 http cache p-limit@https://registry.npmjs.org/p-limit/-/p-limit-3.1.0.tgz 0ms (cache hit)
1120 http cache json-schema-traverse@https://registry.npmjs.org/json-schema-traverse/-/json-schema-traverse-0.4.1.tgz 0ms (cache hit)
1121 http cache locate-path@https://registry.npmjs.org/locate-path/-/locate-path-6.0.0.tgz 0ms (cache hit)
1122 http cache find-up@https://registry.npmjs.org/find-up/-/find-up-5.0.0.tgz 0ms (cache hit)
1123 http cache ajv@https://registry.npmjs.org/ajv/-/ajv-6.15.0.tgz 0ms (cache hit)
1124 http cache strip-ansi@https://registry.npmjs.org/strip-ansi/-/strip-ansi-6.0.1.tgz 0ms (cache hit)
1125 http cache d3-time@https://registry.npmjs.org/d3-time/-/d3-time-3.1.0.tgz 0ms (cache hit)
1126 http cache internmap@https://registry.npmjs.org/internmap/-/internmap-1.0.1.tgz 0ms (cache hit)
1127 http cache d3-path@https://registry.npmjs.org/d3-path/-/d3-path-1.0.9.tgz 0ms (cache hit)
1128 http cache d3-array@https://registry.npmjs.org/d3-array/-/d3-array-2.12.1.tgz 0ms (cache hit)
1129 http cache d3-shape@https://registry.npmjs.org/d3-shape/-/d3-shape-1.3.7.tgz 0ms (cache hit)
1130 http cache iconv-lite@https://registry.npmjs.org/iconv-lite/-/iconv-lite-0.6.3.tgz 0ms (cache hit)
1131 http cache hast-util-parse-selector@https://registry.npmjs.org/hast-util-parse-selector/-/hast-util-parse-selector-4.0.0.tgz 0ms (cache hit)
1132 http cache commander@https://registry.npmjs.org/commander/-/commander-7.2.0.tgz 0ms (cache hit)
1133 http cache d3-time@https://registry.npmjs.org/d3-time/-/d3-time-3.1.0.tgz 0ms (cache hit)
1134 http cache d3-time-format@https://registry.npmjs.org/d3-time-format/-/d3-time-format-4.1.0.tgz 0ms (cache hit)
1135 http cache d3-format@https://registry.npmjs.org/d3-format/-/d3-format-3.1.2.tgz 0ms (cache hit)
1136 http cache layout-base@https://registry.npmjs.org/layout-base/-/layout-base-2.0.1.tgz 0ms (cache hit)
1137 http cache cose-base@https://registry.npmjs.org/cose-base/-/cose-base-2.2.0.tgz 0ms (cache hit)
1138 http cache semver@https://registry.npmjs.org/semver/-/semver-7.8.4.tgz 0ms (cache hit)
1139 http cache json-schema-typed@https://registry.npmjs.org/json-schema-typed/-/json-schema-typed-7.0.3.tgz 0ms (cache hit)
1140 http cache ajv-formats@https://registry.npmjs.org/ajv-formats/-/ajv-formats-2.1.1.tgz 0ms (cache hit)
1141 http cache strip-ansi@https://registry.npmjs.org/strip-ansi/-/strip-ansi-6.0.1.tgz 0ms (cache hit)
1142 http cache string-width@https://registry.npmjs.org/string-width/-/string-width-4.2.3.tgz 0ms (cache hit)
1143 http cache content-type@https://registry.npmjs.org/content-type/-/content-type-2.0.0.tgz 0ms (cache hit)
1144 http cache is-docker@https://registry.npmjs.org/is-docker/-/is-docker-2.2.1.tgz 0ms (cache hit)
1145 http cache open@https://registry.npmjs.org/open/-/open-8.4.2.tgz 0ms (cache hit)
1146 http cache emoji-regex@https://registry.npmjs.org/emoji-regex/-/emoji-regex-8.0.0.tgz 0ms (cache hit)
1147 http cache tinyrainbow@https://registry.npmjs.org/tinyrainbow/-/tinyrainbow-3.1.0.tgz 0ms (cache hit)
1148 http cache define-lazy-prop@https://registry.npmjs.org/define-lazy-prop/-/define-lazy-prop-2.0.0.tgz 0ms (cache hit)
1149 http cache zustand@https://registry.npmjs.org/zustand/-/zustand-4.5.7.tgz 0ms (cache hit)
1150 http cache @vitest/utils@https://registry.npmjs.org/@vitest/utils/-/utils-4.1.9.tgz 0ms (cache hit)
1151 http cache @vitest/pretty-format@https://registry.npmjs.org/@vitest/pretty-format/-/pretty-format-4.1.9.tgz 0ms (cache hit)
1152 http cache tinyrainbow@https://registry.npmjs.org/tinyrainbow/-/tinyrainbow-3.1.0.tgz 0ms (cache hit)
1153 http cache @vitest/utils@https://registry.npmjs.org/@vitest/utils/-/utils-4.1.9.tgz 0ms (cache hit)
1154 http cache @vitest/pretty-format@https://registry.npmjs.org/@vitest/pretty-format/-/pretty-format-4.1.9.tgz 0ms (cache hit)
1155 http cache estree-walker@https://registry.npmjs.org/estree-walker/-/estree-walker-3.0.3.tgz 0ms (cache hit)
1156 http cache eslint-visitor-keys@https://registry.npmjs.org/eslint-visitor-keys/-/eslint-visitor-keys-5.0.1.tgz 0ms (cache hit)
1157 http cache semver@https://registry.npmjs.org/semver/-/semver-7.8.4.tgz 0ms (cache hit)
1158 http cache minimatch@https://registry.npmjs.org/minimatch/-/minimatch-10.2.5.tgz 0ms (cache hit)
1159 http cache brace-expansion@https://registry.npmjs.org/brace-expansion/-/brace-expansion-5.0.6.tgz 1ms (cache hit)
1160 http cache wrap-ansi@https://registry.npmjs.org/wrap-ansi/-/wrap-ansi-7.0.0.tgz 0ms (cache hit)
1161 http cache balanced-match@https://registry.npmjs.org/balanced-match/-/balanced-match-4.0.4.tgz 0ms (cache hit)
1162 http cache is-wsl@https://registry.npmjs.org/is-wsl/-/is-wsl-2.2.0.tgz 0ms (cache hit)
1163 http cache ignore@https://registry.npmjs.org/ignore/-/ignore-7.0.5.tgz 0ms (cache hit)
1164 http cache minimatch@https://registry.npmjs.org/minimatch/-/minimatch-10.2.5.tgz 0ms (cache hit)
1165 http cache brace-expansion@https://registry.npmjs.org/brace-expansion/-/brace-expansion-5.0.6.tgz 0ms (cache hit)
1166 http cache balanced-match@https://registry.npmjs.org/balanced-match/-/balanced-match-4.0.4.tgz 0ms (cache hit)
1167 http cache shiki@https://registry.npmjs.org/shiki/-/shiki-3.23.0.tgz 0ms (cache hit)
1168 http cache dom-accessibility-api@https://registry.npmjs.org/dom-accessibility-api/-/dom-accessibility-api-0.6.3.tgz 0ms (cache hit)
1169 http cache @shikijs/types@https://registry.npmjs.org/@shikijs/types/-/types-3.23.0.tgz 0ms (cache hit)
1170 http cache @shikijs/themes@https://registry.npmjs.org/@shikijs/themes/-/themes-3.23.0.tgz 0ms (cache hit)
1171 http cache @shikijs/langs@https://registry.npmjs.org/@shikijs/langs/-/langs-3.23.0.tgz 0ms (cache hit)
1172 http cache @shikijs/core@https://registry.npmjs.org/@shikijs/core/-/core-3.23.0.tgz 0ms (cache hit)
1173 http cache @shikijs/engine-javascript@https://registry.npmjs.org/@shikijs/engine-javascript/-/engine-javascript-3.23.0.tgz 0ms (cache hit)
1174 http cache @shikijs/engine-oniguruma@https://registry.npmjs.org/@shikijs/engine-oniguruma/-/engine-oniguruma-3.23.0.tgz 0ms (cache hit)
1175 http cache @open-draft/deferred-promise@https://registry.npmjs.org/@open-draft/deferred-promise/-/deferred-promise-2.2.0.tgz 0ms (cache hit)
1176 http cache @types/d3-time-format@https://registry.npmjs.org/@types/d3-time-format/-/d3-time-format-3.0.4.tgz 0ms (cache hit)
1177 http cache json-schema-traverse@https://registry.npmjs.org/json-schema-traverse/-/json-schema-traverse-0.4.1.tgz 0ms (cache hit)
1178 http cache ajv@https://registry.npmjs.org/ajv/-/ajv-6.15.0.tgz 0ms (cache hit)
1179 http cache eslint-visitor-keys@https://registry.npmjs.org/eslint-visitor-keys/-/eslint-visitor-keys-3.4.3.tgz 0ms (cache hit)
1180 http cache globals@https://registry.npmjs.org/globals/-/globals-14.0.0.tgz 0ms (cache hit)
1181 http cache strip-final-newline@https://registry.npmjs.org/strip-final-newline/-/strip-final-newline-2.0.0.tgz 1ms (cache hit)
1182 http cache which@https://registry.npmjs.org/which/-/which-4.0.0.tgz 0ms (cache hit)
1183 http cache signal-exit@https://registry.npmjs.org/signal-exit/-/signal-exit-3.0.7.tgz 0ms (cache hit)
1184 http cache open@https://registry.npmjs.org/open/-/open-8.4.2.tgz 0ms (cache hit)
1185 http cache npm-run-path@https://registry.npmjs.org/npm-run-path/-/npm-run-path-4.0.1.tgz 0ms (cache hit)
1186 http cache is-wsl@https://registry.npmjs.org/is-wsl/-/is-wsl-2.2.0.tgz 0ms (cache hit)
1187 http cache is-stream@https://registry.npmjs.org/is-stream/-/is-stream-2.0.1.tgz 0ms (cache hit)
1188 http cache isexe@https://registry.npmjs.org/isexe/-/isexe-3.1.5.tgz 0ms (cache hit)
1189 http cache is-docker@https://registry.npmjs.org/is-docker/-/is-docker-2.2.1.tgz 0ms (cache hit)
1190 http cache human-signals@https://registry.npmjs.org/human-signals/-/human-signals-2.1.0.tgz 0ms (cache hit)
1191 http cache get-stream@https://registry.npmjs.org/get-stream/-/get-stream-6.0.1.tgz 0ms (cache hit)
1192 http cache execa@https://registry.npmjs.org/execa/-/execa-5.1.1.tgz 0ms (cache hit)
1193 http cache define-lazy-prop@https://registry.npmjs.org/define-lazy-prop/-/define-lazy-prop-2.0.0.tgz 0ms (cache hit)
1194 http cache mdn-data@https://registry.npmjs.org/mdn-data/-/mdn-data-2.27.1.tgz 0ms (cache hit)
1195 http cache css-tree@https://registry.npmjs.org/css-tree/-/css-tree-3.2.1.tgz 0ms (cache hit)
1196 silly tarball no local data for zwitch@https://registry.npmjs.org/zwitch/-/zwitch-2.0.4.tgz. Extracting by manifest.
1197 silly tarball no local data for zustand@https://registry.npmjs.org/zustand/-/zustand-5.0.14.tgz. Extracting by manifest.
1198 silly tarball no local data for zod-validation-error@https://registry.npmjs.org/zod-validation-error/-/zod-validation-error-4.0.2.tgz. Extracting by manifest.
1199 silly tarball no local data for zod-to-json-schema@https://registry.npmjs.org/zod-to-json-schema/-/zod-to-json-schema-3.25.2.tgz. Extracting by manifest.
1200 silly tarball no local data for zod@https://registry.npmjs.org/zod/-/zod-4.4.3.tgz. Extracting by manifest.
1201 silly tarball no local data for yoctocolors@https://registry.npmjs.org/yoctocolors/-/yoctocolors-2.1.2.tgz. Extracting by manifest.
1202 silly tarball no local data for yocto-spinner@https://registry.npmjs.org/yocto-spinner/-/yocto-spinner-1.2.0.tgz. Extracting by manifest.
1203 silly tarball no local data for yocto-queue@https://registry.npmjs.org/yocto-queue/-/yocto-queue-1.2.2.tgz. Extracting by manifest.
1204 silly tarball no local data for yargs-parser@https://registry.npmjs.org/yargs-parser/-/yargs-parser-21.1.1.tgz. Extracting by manifest.
1205 silly tarball no local data for yargs@https://registry.npmjs.org/yargs/-/yargs-17.7.2.tgz. Extracting by manifest.
1206 silly tarball no local data for yallist@https://registry.npmjs.org/yallist/-/yallist-3.1.1.tgz. Extracting by manifest.
1207 http cache commander@https://registry.npmjs.org/commander/-/commander-11.1.0.tgz 0ms (cache hit)
1208 silly tarball no local data for y18n@https://registry.npmjs.org/y18n/-/y18n-5.0.8.tgz. Extracting by manifest.
1209 silly tarball no local data for xtend@https://registry.npmjs.org/xtend/-/xtend-4.0.2.tgz. Extracting by manifest.
1210 silly tarball no local data for xmlchars@https://registry.npmjs.org/xmlchars/-/xmlchars-2.2.0.tgz. Extracting by manifest.
1211 silly tarball no local data for xml-name-validator@https://registry.npmjs.org/xml-name-validator/-/xml-name-validator-5.0.0.tgz. Extracting by manifest.
1212 silly tarball no local data for wsl-utils@https://registry.npmjs.org/wsl-utils/-/wsl-utils-0.3.1.tgz. Extracting by manifest.
1213 silly tarball no local data for ws@https://registry.npmjs.org/ws/-/ws-8.21.0.tgz. Extracting by manifest.
1214 silly tarball no local data for wrappy@https://registry.npmjs.org/wrappy/-/wrappy-1.0.2.tgz. Extracting by manifest.
1215 silly tarball no local data for wrap-ansi-cjs@https://registry.npmjs.org/wrap-ansi/-/wrap-ansi-7.0.0.tgz. Extracting by manifest.
1216 silly tarball no local data for wrap-ansi@https://registry.npmjs.org/wrap-ansi/-/wrap-ansi-8.1.0.tgz. Extracting by manifest.
1217 silly tarball no local data for why-is-node-running@https://registry.npmjs.org/why-is-node-running/-/why-is-node-running-2.3.0.tgz. Extracting by manifest.
1218 silly tarball no local data for word-wrap@https://registry.npmjs.org/word-wrap/-/word-wrap-1.2.5.tgz. Extracting by manifest.
1219 silly tarball no local data for which@https://registry.npmjs.org/which/-/which-2.0.2.tgz. Extracting by manifest.
1220 silly tarball no local data for whatwg-url@https://registry.npmjs.org/whatwg-url/-/whatwg-url-16.0.1.tgz. Extracting by manifest.
1221 silly tarball no local data for whatwg-mimetype@https://registry.npmjs.org/whatwg-mimetype/-/whatwg-mimetype-5.0.0.tgz. Extracting by manifest.
1222 silly tarball no local data for webidl-conversions@https://registry.npmjs.org/webidl-conversions/-/webidl-conversions-8.0.1.tgz. Extracting by manifest.
1223 silly tarball no local data for webpack-virtual-modules@https://registry.npmjs.org/webpack-virtual-modules/-/webpack-virtual-modules-0.6.2.tgz. Extracting by manifest.
1224 silly tarball no local data for web-streams-polyfill@https://registry.npmjs.org/web-streams-polyfill/-/web-streams-polyfill-3.3.3.tgz. Extracting by manifest.
1225 silly tarball no local data for w3c-xmlserializer@https://registry.npmjs.org/w3c-xmlserializer/-/w3c-xmlserializer-5.0.0.tgz. Extracting by manifest.
1226 silly tarball no local data for vitest@https://registry.npmjs.org/vitest/-/vitest-4.1.9.tgz. Extracting by manifest.
1227 silly tarball no local data for vite@https://registry.npmjs.org/vite/-/vite-7.3.5.tgz. Extracting by manifest.
1228 silly tarball no local data for web-namespaces@https://registry.npmjs.org/web-namespaces/-/web-namespaces-2.0.1.tgz. Extracting by manifest.
1229 silly tarball no local data for vfile-location@https://registry.npmjs.org/vfile-location/-/vfile-location-5.0.3.tgz. Extracting by manifest.
1230 silly tarball no local data for vfile-message@https://registry.npmjs.org/vfile-message/-/vfile-message-4.0.3.tgz. Extracting by manifest.
1231 silly tarball no local data for vfile@https://registry.npmjs.org/vfile/-/vfile-6.0.3.tgz. Extracting by manifest.
1232 silly tarball no local data for validate-npm-package-name@https://registry.npmjs.org/validate-npm-package-name/-/validate-npm-package-name-7.0.2.tgz. Extracting by manifest.
1233 silly tarball no local data for uuid@https://registry.npmjs.org/uuid/-/uuid-14.0.0.tgz. Extracting by manifest.
1234 silly tarball no local data for vary@https://registry.npmjs.org/vary/-/vary-1.1.2.tgz. Extracting by manifest.
1235 silly tarball no local data for util-deprecate@https://registry.npmjs.org/util-deprecate/-/util-deprecate-1.0.2.tgz. Extracting by manifest.
1236 silly tarball no local data for use-stick-to-bottom@https://registry.npmjs.org/use-stick-to-bottom/-/use-stick-to-bottom-1.1.6.tgz. Extracting by manifest.
1237 silly tarball no local data for use-sidecar@https://registry.npmjs.org/use-sidecar/-/use-sidecar-1.1.3.tgz. Extracting by manifest.
1238 silly tarball no local data for use-sync-external-store@https://registry.npmjs.org/use-sync-external-store/-/use-sync-external-store-1.6.0.tgz. Extracting by manifest.
1239 silly tarball no local data for use-debounce@https://registry.npmjs.org/use-debounce/-/use-debounce-10.1.1.tgz. Extracting by manifest.
1240 silly tarball no local data for uri-js@https://registry.npmjs.org/uri-js/-/uri-js-4.4.1.tgz. Extracting by manifest.
1241 silly tarball no local data for use-callback-ref@https://registry.npmjs.org/use-callback-ref/-/use-callback-ref-1.3.3.tgz. Extracting by manifest.
1242 silly tarball no local data for update-browserslist-db@https://registry.npmjs.org/update-browserslist-db/-/update-browserslist-db-1.2.3.tgz. Extracting by manifest.
1243 silly tarball no local data for unplugin@https://registry.npmjs.org/unplugin/-/unplugin-1.16.1.tgz. Extracting by manifest.
1244 silly tarball no local data for until-async@https://registry.npmjs.org/until-async/-/until-async-3.0.2.tgz. Extracting by manifest.
1245 silly tarball no local data for unpipe@https://registry.npmjs.org/unpipe/-/unpipe-1.0.0.tgz. Extracting by manifest.
1246 silly tarball no local data for unist-util-visit-parents@https://registry.npmjs.org/unist-util-visit-parents/-/unist-util-visit-parents-6.0.2.tgz. Extracting by manifest.
1247 silly tarball no local data for universalify@https://registry.npmjs.org/universalify/-/universalify-2.0.1.tgz. Extracting by manifest.
1248 silly tarball no local data for unist-util-visit@https://registry.npmjs.org/unist-util-visit/-/unist-util-visit-5.1.0.tgz. Extracting by manifest.
1249 silly tarball no local data for unist-util-remove-position@https://registry.npmjs.org/unist-util-remove-position/-/unist-util-remove-position-5.0.0.tgz. Extracting by manifest.
1250 silly tarball no local data for unist-util-stringify-position@https://registry.npmjs.org/unist-util-stringify-position/-/unist-util-stringify-position-4.0.0.tgz. Extracting by manifest.
1251 silly tarball no local data for unist-util-position@https://registry.npmjs.org/unist-util-position/-/unist-util-position-5.0.0.tgz. Extracting by manifest.
1252 silly tarball no local data for unist-util-find-after@https://registry.npmjs.org/unist-util-find-after/-/unist-util-find-after-5.0.0.tgz. Extracting by manifest.
1253 silly tarball no local data for unist-util-is@https://registry.npmjs.org/unist-util-is/-/unist-util-is-6.0.1.tgz. Extracting by manifest.
1254 silly tarball no local data for unified@https://registry.npmjs.org/unified/-/unified-11.0.5.tgz. Extracting by manifest.
1255 silly tarball no local data for unicorn-magic@https://registry.npmjs.org/unicorn-magic/-/unicorn-magic-0.1.0.tgz. Extracting by manifest.
1256 silly tarball no local data for undici-types@https://registry.npmjs.org/undici-types/-/undici-types-7.24.6.tgz. Extracting by manifest.
1257 silly tarball no local data for undici@https://registry.npmjs.org/undici/-/undici-7.28.0.tgz. Extracting by manifest.
1258 silly tarball no local data for uc.micro@https://registry.npmjs.org/uc.micro/-/uc.micro-1.0.6.tgz. Extracting by manifest.
1259 silly tarball no local data for typescript-eslint@https://registry.npmjs.org/typescript-eslint/-/typescript-eslint-8.61.1.tgz. Extracting by manifest.
1260 silly tarball no local data for typescript@https://registry.npmjs.org/typescript/-/typescript-5.9.3.tgz. Extracting by manifest.
1261 silly tarball no local data for type-is@https://registry.npmjs.org/type-is/-/type-is-2.1.0.tgz. Extracting by manifest.
1262 silly tarball no local data for type-fest@https://registry.npmjs.org/type-fest/-/type-fest-5.7.0.tgz. Extracting by manifest.
1263 silly tarball no local data for type-check@https://registry.npmjs.org/type-check/-/type-check-0.4.0.tgz. Extracting by manifest.
1264 silly tarball no local data for tw-animate-css@https://registry.npmjs.org/tw-animate-css/-/tw-animate-css-1.4.0.tgz. Extracting by manifest.
1265 silly tarball no local data for tsx@https://registry.npmjs.org/tsx/-/tsx-4.22.4.tgz. Extracting by manifest.
1266 silly tarball no local data for ts-morph@https://registry.npmjs.org/ts-morph/-/ts-morph-26.0.0.tgz. Extracting by manifest.
1267 silly tarball no local data for tslib@https://registry.npmjs.org/tslib/-/tslib-2.8.1.tgz. Extracting by manifest.
1268 silly tarball no local data for ts-dedent@https://registry.npmjs.org/ts-dedent/-/ts-dedent-2.3.0.tgz. Extracting by manifest.
1269 silly tarball no local data for tsconfig-paths@https://registry.npmjs.org/tsconfig-paths/-/tsconfig-paths-4.2.0.tgz. Extracting by manifest.
1270 silly tarball no local data for ts-api-utils@https://registry.npmjs.org/ts-api-utils/-/ts-api-utils-2.5.0.tgz. Extracting by manifest.
1271 silly tarball no local data for trough@https://registry.npmjs.org/trough/-/trough-2.2.0.tgz. Extracting by manifest.
1272 silly tarball no local data for tr46@https://registry.npmjs.org/tr46/-/tr46-6.0.0.tgz. Extracting by manifest.
1273 silly tarball no local data for trim-lines@https://registry.npmjs.org/trim-lines/-/trim-lines-3.0.1.tgz. Extracting by manifest.
1274 silly tarball no local data for tough-cookie@https://registry.npmjs.org/tough-cookie/-/tough-cookie-6.0.1.tgz. Extracting by manifest.
1275 silly tarball no local data for tokenlens@https://registry.npmjs.org/tokenlens/-/tokenlens-1.3.1.tgz. Extracting by manifest.
1276 silly tarball no local data for to-regex-range@https://registry.npmjs.org/to-regex-range/-/to-regex-range-5.0.1.tgz. Extracting by manifest.
1277 silly tarball no local data for tldts-core@https://registry.npmjs.org/tldts-core/-/tldts-core-7.4.3.tgz. Extracting by manifest.
1278 silly tarball no local data for toidentifier@https://registry.npmjs.org/toidentifier/-/toidentifier-1.0.1.tgz. Extracting by manifest.
1279 silly tarball no local data for tldts@https://registry.npmjs.org/tldts/-/tldts-7.4.3.tgz. Extracting by manifest.
1280 silly tarball no local data for tinyrainbow@https://registry.npmjs.org/tinyrainbow/-/tinyrainbow-2.0.0.tgz. Extracting by manifest.
1281 silly tarball no local data for tinyspy@https://registry.npmjs.org/tinyspy/-/tinyspy-4.0.4.tgz. Extracting by manifest.
1282 silly tarball no local data for tinyglobby@https://registry.npmjs.org/tinyglobby/-/tinyglobby-0.2.17.tgz. Extracting by manifest.
1283 silly tarball no local data for tinyexec@https://registry.npmjs.org/tinyexec/-/tinyexec-1.2.4.tgz. Extracting by manifest.
1284 silly tarball no local data for tinybench@https://registry.npmjs.org/tinybench/-/tinybench-2.9.0.tgz. Extracting by manifest.
1285 silly tarball no local data for tiny-invariant@https://registry.npmjs.org/tiny-invariant/-/tiny-invariant-1.3.3.tgz. Extracting by manifest.
1286 silly tarball no local data for tailwindcss@https://registry.npmjs.org/tailwindcss/-/tailwindcss-4.3.1.tgz. Extracting by manifest.
1287 silly tarball no local data for tapable@https://registry.npmjs.org/tapable/-/tapable-2.3.3.tgz. Extracting by manifest.
1288 silly tarball no local data for tailwind-merge@https://registry.npmjs.org/tailwind-merge/-/tailwind-merge-3.6.0.tgz. Extracting by manifest.
1289 silly tarball no local data for tagged-tag@https://registry.npmjs.org/tagged-tag/-/tagged-tag-1.0.0.tgz. Extracting by manifest.
1290 silly tarball no local data for systeminformation@https://registry.npmjs.org/systeminformation/-/systeminformation-5.31.7.tgz. Extracting by manifest.
1291 silly tarball no local data for symbol-tree@https://registry.npmjs.org/symbol-tree/-/symbol-tree-3.2.4.tgz. Extracting by manifest.
1292 silly tarball no local data for supports-preserve-symlinks-flag@https://registry.npmjs.org/supports-preserve-symlinks-flag/-/supports-preserve-symlinks-flag-1.0.0.tgz. Extracting by manifest.
1293 silly tarball no local data for supports-color@https://registry.npmjs.org/supports-color/-/supports-color-7.2.0.tgz. Extracting by manifest.
1294 silly tarball no local data for stylis@https://registry.npmjs.org/stylis/-/stylis-4.4.0.tgz. Extracting by manifest.
1295 silly tarball no local data for styled-jsx@https://registry.npmjs.org/styled-jsx/-/styled-jsx-5.1.6.tgz. Extracting by manifest.
1296 silly tarball no local data for style-to-object@https://registry.npmjs.org/style-to-object/-/style-to-object-1.0.14.tgz. Extracting by manifest.
1297 silly tarball no local data for style-to-js@https://registry.npmjs.org/style-to-js/-/style-to-js-1.1.21.tgz. Extracting by manifest.
1298 silly tarball no local data for strip-json-comments@https://registry.npmjs.org/strip-json-comments/-/strip-json-comments-3.1.1.tgz. Extracting by manifest.
1299 silly tarball no local data for strip-indent@https://registry.npmjs.org/strip-indent/-/strip-indent-4.1.1.tgz. Extracting by manifest.
1300 silly tarball no local data for strip-final-newline@https://registry.npmjs.org/strip-final-newline/-/strip-final-newline-4.0.0.tgz. Extracting by manifest.
1301 silly tarball no local data for strip-bom@https://registry.npmjs.org/strip-bom/-/strip-bom-3.0.0.tgz. Extracting by manifest.
1302 silly tarball no local data for strip-ansi-cjs@https://registry.npmjs.org/strip-ansi/-/strip-ansi-6.0.1.tgz. Extracting by manifest.
1303 silly tarball no local data for stringify-object@https://registry.npmjs.org/stringify-object/-/stringify-object-5.0.0.tgz. Extracting by manifest.
1304 silly tarball no local data for stringify-entities@https://registry.npmjs.org/stringify-entities/-/stringify-entities-4.0.4.tgz. Extracting by manifest.
1305 silly tarball no local data for string-width-cjs@https://registry.npmjs.org/string-width/-/string-width-4.2.3.tgz. Extracting by manifest.
1306 silly tarball no local data for string-width@https://registry.npmjs.org/string-width/-/string-width-5.1.2.tgz. Extracting by manifest.
1307 silly tarball no local data for strip-ansi@https://registry.npmjs.org/strip-ansi/-/strip-ansi-7.2.0.tgz. Extracting by manifest.
1308 silly tarball no local data for streamdown@https://registry.npmjs.org/streamdown/-/streamdown-2.5.0.tgz. Extracting by manifest.
1309 silly tarball no local data for storybook@https://registry.npmjs.org/storybook/-/storybook-9.1.19.tgz. Extracting by manifest.
1310 silly tarball no local data for stdin-discarder@https://registry.npmjs.org/stdin-discarder/-/stdin-discarder-0.2.2.tgz. Extracting by manifest.
1311 silly tarball no local data for std-env@https://registry.npmjs.org/std-env/-/std-env-4.1.0.tgz. Extracting by manifest.
1312 silly tarball no local data for statuses@https://registry.npmjs.org/statuses/-/statuses-2.0.2.tgz. Extracting by manifest.
1313 silly tarball no local data for stackback@https://registry.npmjs.org/stackback/-/stackback-0.0.2.tgz. Extracting by manifest.
1314 silly tarball no local data for space-separated-tokens@https://registry.npmjs.org/space-separated-tokens/-/space-separated-tokens-2.0.2.tgz. Extracting by manifest.
1315 silly tarball no local data for source-map-js@https://registry.npmjs.org/source-map-js/-/source-map-js-1.2.1.tgz. Extracting by manifest.
1316 silly tarball no local data for strict-event-emitter@https://registry.npmjs.org/strict-event-emitter/-/strict-event-emitter-0.5.1.tgz. Extracting by manifest.
1317 silly tarball no local data for sonner@https://registry.npmjs.org/sonner/-/sonner-2.0.7.tgz. Extracting by manifest.
1318 silly tarball no local data for sisteransi@https://registry.npmjs.org/sisteransi/-/sisteransi-1.0.5.tgz. Extracting by manifest.
1319 silly tarball no local data for signal-exit@https://registry.npmjs.org/signal-exit/-/signal-exit-4.1.0.tgz. Extracting by manifest.
1320 silly tarball no local data for sigma@https://registry.npmjs.org/sigma/-/sigma-3.0.3.tgz. Extracting by manifest.
1321 silly tarball no local data for source-map@https://registry.npmjs.org/source-map/-/source-map-0.6.1.tgz. Extracting by manifest.
1322 silly tarball no local data for side-channel-weakmap@https://registry.npmjs.org/side-channel-weakmap/-/side-channel-weakmap-1.0.2.tgz. Extracting by manifest.
1323 silly tarball no local data for side-channel-map@https://registry.npmjs.org/side-channel-map/-/side-channel-map-1.0.1.tgz. Extracting by manifest.
1324 silly tarball no local data for side-channel-list@https://registry.npmjs.org/side-channel-list/-/side-channel-list-1.0.1.tgz. Extracting by manifest.
1325 silly tarball no local data for side-channel@https://registry.npmjs.org/side-channel/-/side-channel-1.1.1.tgz. Extracting by manifest.
1326 silly tarball no local data for siginfo@https://registry.npmjs.org/siginfo/-/siginfo-2.0.0.tgz. Extracting by manifest.
1327 silly tarball no local data for shiki@https://registry.npmjs.org/shiki/-/shiki-4.2.0.tgz. Extracting by manifest.
1328 silly tarball no local data for shebang-regex@https://registry.npmjs.org/shebang-regex/-/shebang-regex-3.0.0.tgz. Extracting by manifest.
1329 silly tarball no local data for shebang-command@https://registry.npmjs.org/shebang-command/-/shebang-command-2.0.0.tgz. Extracting by manifest.
1330 silly tarball no local data for sharp@https://registry.npmjs.org/sharp/-/sharp-0.34.5.tgz. Extracting by manifest.
1331 silly tarball no local data for setprototypeof@https://registry.npmjs.org/setprototypeof/-/setprototypeof-1.2.0.tgz. Extracting by manifest.
1332 silly tarball no local data for set-cookie-parser@https://registry.npmjs.org/set-cookie-parser/-/set-cookie-parser-2.7.2.tgz. Extracting by manifest.
1333 silly tarball no local data for serve-static@https://registry.npmjs.org/serve-static/-/serve-static-2.2.1.tgz. Extracting by manifest.
1334 silly tarball no local data for send@https://registry.npmjs.org/send/-/send-1.2.1.tgz. Extracting by manifest.
1335 silly tarball no local data for semver@https://registry.npmjs.org/semver/-/semver-6.3.1.tgz. Extracting by manifest.
1336 silly tarball no local data for scheduler@https://registry.npmjs.org/scheduler/-/scheduler-0.27.0.tgz. Extracting by manifest.
1337 silly tarball no local data for saxes@https://registry.npmjs.org/saxes/-/saxes-6.0.0.tgz. Extracting by manifest.
1338 silly tarball no local data for safer-buffer@https://registry.npmjs.org/safer-buffer/-/safer-buffer-2.1.2.tgz. Extracting by manifest.
1339 silly tarball no local data for shadcn@https://registry.npmjs.org/shadcn/-/shadcn-3.8.5.tgz. Extracting by manifest.
1340 silly tarball no local data for run-parallel@https://registry.npmjs.org/run-parallel/-/run-parallel-1.2.0.tgz. Extracting by manifest.
1341 silly tarball no local data for run-applescript@https://registry.npmjs.org/run-applescript/-/run-applescript-7.1.0.tgz. Extracting by manifest.
1342 silly tarball no local data for router@https://registry.npmjs.org/router/-/router-2.2.0.tgz. Extracting by manifest.
1343 silly tarball no local data for roughjs@https://registry.npmjs.org/roughjs/-/roughjs-4.6.6.tgz. Extracting by manifest.
1344 silly tarball no local data for rollup@https://registry.npmjs.org/rollup/-/rollup-4.62.0.tgz. Extracting by manifest.
1345 silly tarball no local data for robust-predicates@https://registry.npmjs.org/robust-predicates/-/robust-predicates-3.0.3.tgz. Extracting by manifest.
1346 silly tarball no local data for reusify@https://registry.npmjs.org/reusify/-/reusify-1.1.0.tgz. Extracting by manifest.
1347 silly tarball no local data for rettime@https://registry.npmjs.org/rettime/-/rettime-0.11.11.tgz. Extracting by manifest.
1348 silly tarball no local data for restore-cursor@https://registry.npmjs.org/restore-cursor/-/restore-cursor-5.1.0.tgz. Extracting by manifest.
1349 silly tarball no local data for resolve-from@https://registry.npmjs.org/resolve-from/-/resolve-from-4.0.0.tgz. Extracting by manifest.
1350 silly tarball no local data for resolve@https://registry.npmjs.org/resolve/-/resolve-1.22.12.tgz. Extracting by manifest.
1351 silly tarball no local data for reselect@https://registry.npmjs.org/reselect/-/reselect-5.2.0.tgz. Extracting by manifest.
1352 silly tarball no local data for require-from-string@https://registry.npmjs.org/require-from-string/-/require-from-string-2.0.2.tgz. Extracting by manifest.
1353 silly tarball no local data for require-directory@https://registry.npmjs.org/require-directory/-/require-directory-2.1.1.tgz. Extracting by manifest.
1354 silly tarball no local data for remend@https://registry.npmjs.org/remend/-/remend-1.3.0.tgz. Extracting by manifest.
1355 silly tarball no local data for remark-stringify@https://registry.npmjs.org/remark-stringify/-/remark-stringify-11.0.0.tgz. Extracting by manifest.
1356 silly tarball no local data for remark-rehype@https://registry.npmjs.org/remark-rehype/-/remark-rehype-11.1.2.tgz. Extracting by manifest.
1357 silly tarball no local data for remark-parse@https://registry.npmjs.org/remark-parse/-/remark-parse-11.0.0.tgz. Extracting by manifest.
1358 silly tarball no local data for remark-math@https://registry.npmjs.org/remark-math/-/remark-math-6.0.0.tgz. Extracting by manifest.
1359 silly tarball no local data for remark-gfm@https://registry.npmjs.org/remark-gfm/-/remark-gfm-4.0.1.tgz. Extracting by manifest.
1360 silly tarball no local data for remark-cjk-friendly-gfm-strikethrough@https://registry.npmjs.org/remark-cjk-friendly-gfm-strikethrough/-/remark-cjk-friendly-gfm-strikethrough-2.3.1.tgz. Extracting by manifest.
1361 silly tarball no local data for remark-cjk-friendly@https://registry.npmjs.org/remark-cjk-friendly/-/remark-cjk-friendly-2.3.1.tgz. Extracting by manifest.
1362 silly tarball no local data for rehype-sanitize@https://registry.npmjs.org/rehype-sanitize/-/rehype-sanitize-6.0.0.tgz. Extracting by manifest.
1363 silly tarball no local data for rehype-raw@https://registry.npmjs.org/rehype-raw/-/rehype-raw-7.0.0.tgz. Extracting by manifest.
1364 silly tarball no local data for rehype-katex@https://registry.npmjs.org/rehype-katex/-/rehype-katex-7.0.1.tgz. Extracting by manifest.
1365 silly tarball no local data for rehype-highlight@https://registry.npmjs.org/rehype-highlight/-/rehype-highlight-7.0.2.tgz. Extracting by manifest.
1366 silly tarball no local data for regex-utilities@https://registry.npmjs.org/regex-utilities/-/regex-utilities-2.3.0.tgz. Extracting by manifest.
1367 silly tarball no local data for rehype-harden@https://registry.npmjs.org/rehype-harden/-/rehype-harden-1.1.8.tgz. Extracting by manifest.
1368 silly tarball no local data for regex-recursion@https://registry.npmjs.org/regex-recursion/-/regex-recursion-6.0.2.tgz. Extracting by manifest.
1369 silly tarball no local data for regex@https://registry.npmjs.org/regex/-/regex-6.1.0.tgz. Extracting by manifest.
1370 silly tarball no local data for refractor@https://registry.npmjs.org/refractor/-/refractor-3.6.0.tgz. Extracting by manifest.
1371 silly tarball no local data for redent@https://registry.npmjs.org/redent/-/redent-3.0.0.tgz. Extracting by manifest.
1372 silly tarball no local data for recast@https://registry.npmjs.org/recast/-/recast-0.23.11.tgz. Extracting by manifest.
1373 silly tarball no local data for react-virtualized-auto-sizer@https://registry.npmjs.org/react-virtualized-auto-sizer/-/react-virtualized-auto-sizer-1.0.26.tgz. Extracting by manifest.
1374 silly tarball no local data for react-syntax-highlighter@https://registry.npmjs.org/react-syntax-highlighter/-/react-syntax-highlighter-15.6.6.tgz. Extracting by manifest.
1375 silly tarball no local data for react-style-singleton@https://registry.npmjs.org/react-style-singleton/-/react-style-singleton-2.2.3.tgz. Extracting by manifest.
1376 silly tarball no local data for react-router-dom@https://registry.npmjs.org/react-router-dom/-/react-router-dom-7.18.0.tgz. Extracting by manifest.
1377 silly tarball no local data for react-router@https://registry.npmjs.org/react-router/-/react-router-7.18.0.tgz. Extracting by manifest.
1378 silly tarball no local data for react-remove-scroll-bar@https://registry.npmjs.org/react-remove-scroll-bar/-/react-remove-scroll-bar-2.3.8.tgz. Extracting by manifest.
1379 silly tarball no local data for react-remove-scroll@https://registry.npmjs.org/react-remove-scroll/-/react-remove-scroll-2.7.2.tgz. Extracting by manifest.
1380 silly tarball no local data for react-refresh@https://registry.npmjs.org/react-refresh/-/react-refresh-0.18.0.tgz. Extracting by manifest.
1381 silly tarball no local data for react-markdown@https://registry.npmjs.org/react-markdown/-/react-markdown-9.1.0.tgz. Extracting by manifest.
1382 silly tarball no local data for react-jsx-parser@https://registry.npmjs.org/react-jsx-parser/-/react-jsx-parser-2.4.1.tgz. Extracting by manifest.
1383 silly tarball no local data for react-is@https://registry.npmjs.org/react-is/-/react-is-17.0.2.tgz. Extracting by manifest.
1384 silly tarball no local data for react-dom@https://registry.npmjs.org/react-dom/-/react-dom-19.2.7.tgz. Extracting by manifest.
1385 silly tarball no local data for react-docgen-typescript@https://registry.npmjs.org/react-docgen-typescript/-/react-docgen-typescript-2.4.0.tgz. Extracting by manifest.
1386 silly tarball no local data for react-docgen@https://registry.npmjs.org/react-docgen/-/react-docgen-8.0.3.tgz. Extracting by manifest.
1387 silly tarball no local data for react@https://registry.npmjs.org/react/-/react-19.2.7.tgz. Extracting by manifest.
1388 silly tarball no local data for raw-body@https://registry.npmjs.org/raw-body/-/raw-body-3.0.2.tgz. Extracting by manifest.
1389 silly tarball no local data for range-parser@https://registry.npmjs.org/range-parser/-/range-parser-1.2.1.tgz. Extracting by manifest.
1390 silly tarball no local data for radix-ui@https://registry.npmjs.org/radix-ui/-/radix-ui-1.6.0.tgz. Extracting by manifest.
1391 silly tarball no local data for queue-microtask@https://registry.npmjs.org/queue-microtask/-/queue-microtask-1.2.3.tgz. Extracting by manifest.
1392 silly tarball no local data for qs@https://registry.npmjs.org/qs/-/qs-6.15.2.tgz. Extracting by manifest.
1393 silly tarball no local data for punycode@https://registry.npmjs.org/punycode/-/punycode-2.3.1.tgz. Extracting by manifest.
1394 silly tarball no local data for proxy-addr@https://registry.npmjs.org/proxy-addr/-/proxy-addr-2.0.7.tgz. Extracting by manifest.
1395 silly tarball no local data for property-information@https://registry.npmjs.org/property-information/-/property-information-7.2.0.tgz. Extracting by manifest.
1396 silly tarball no local data for prompts@https://registry.npmjs.org/prompts/-/prompts-2.4.2.tgz. Extracting by manifest.
1397 silly tarball no local data for prismjs@https://registry.npmjs.org/prismjs/-/prismjs-1.30.0.tgz. Extracting by manifest.
1398 silly tarball no local data for pretty-ms@https://registry.npmjs.org/pretty-ms/-/pretty-ms-9.3.0.tgz. Extracting by manifest.
1399 silly tarball no local data for pretty-format@https://registry.npmjs.org/pretty-format/-/pretty-format-27.5.1.tgz. Extracting by manifest.
1400 silly tarball no local data for prettier@https://registry.npmjs.org/prettier/-/prettier-3.8.4.tgz. Extracting by manifest.
1401 silly tarball no local data for prelude-ls@https://registry.npmjs.org/prelude-ls/-/prelude-ls-1.2.1.tgz. Extracting by manifest.
1402 silly tarball no local data for powershell-utils@https://registry.npmjs.org/powershell-utils/-/powershell-utils-0.1.0.tgz. Extracting by manifest.
1403 silly tarball no local data for postcss-selector-parser@https://registry.npmjs.org/postcss-selector-parser/-/postcss-selector-parser-6.0.10.tgz. Extracting by manifest.
1404 silly tarball no local data for postcss@https://registry.npmjs.org/postcss/-/postcss-8.4.31.tgz. Extracting by manifest.
1405 silly tarball no local data for points-on-path@https://registry.npmjs.org/points-on-path/-/points-on-path-0.2.1.tgz. Extracting by manifest.
1406 silly tarball no local data for points-on-curve@https://registry.npmjs.org/points-on-curve/-/points-on-curve-0.2.0.tgz. Extracting by manifest.
1407 silly tarball no local data for pkg-up@https://registry.npmjs.org/pkg-up/-/pkg-up-3.1.0.tgz. Extracting by manifest.
1408 silly tarball no local data for pkce-challenge@https://registry.npmjs.org/pkce-challenge/-/pkce-challenge-5.0.1.tgz. Extracting by manifest.
1409 silly tarball no local data for picomatch@https://registry.npmjs.org/picomatch/-/picomatch-4.0.4.tgz. Extracting by manifest.
1410 silly tarball no local data for picocolors@https://registry.npmjs.org/picocolors/-/picocolors-1.1.1.tgz. Extracting by manifest.
1411 silly tarball no local data for pathval@https://registry.npmjs.org/pathval/-/pathval-2.0.1.tgz. Extracting by manifest.
1412 silly tarball no local data for pathe@https://registry.npmjs.org/pathe/-/pathe-2.0.3.tgz. Extracting by manifest.
1413 silly tarball no local data for path-to-regexp@https://registry.npmjs.org/path-to-regexp/-/path-to-regexp-8.4.2.tgz. Extracting by manifest.
1414 silly tarball no local data for path-scurry@https://registry.npmjs.org/path-scurry/-/path-scurry-1.11.1.tgz. Extracting by manifest.
1415 silly tarball no local data for path-parse@https://registry.npmjs.org/path-parse/-/path-parse-1.0.7.tgz. Extracting by manifest.
1416 silly tarball no local data for path-key@https://registry.npmjs.org/path-key/-/path-key-3.1.1.tgz. Extracting by manifest.
1417 silly tarball no local data for path-exists@https://registry.npmjs.org/path-exists/-/path-exists-5.0.0.tgz. Extracting by manifest.
1418 silly tarball no local data for path-data-parser@https://registry.npmjs.org/path-data-parser/-/path-data-parser-0.1.0.tgz. Extracting by manifest.
1419 silly tarball no local data for path-browserify@https://registry.npmjs.org/path-browserify/-/path-browserify-1.0.1.tgz. Extracting by manifest.
1420 silly tarball no local data for parseurl@https://registry.npmjs.org/parseurl/-/parseurl-1.3.3.tgz. Extracting by manifest.
1421 silly tarball no local data for parse5@https://registry.npmjs.org/parse5/-/parse5-8.0.1.tgz. Extracting by manifest.
1422 silly tarball no local data for parse-ms@https://registry.npmjs.org/parse-ms/-/parse-ms-4.0.0.tgz. Extracting by manifest.
1423 silly tarball no local data for parse-json@https://registry.npmjs.org/parse-json/-/parse-json-5.2.0.tgz. Extracting by manifest.
1424 silly tarball no local data for parse-entities@https://registry.npmjs.org/parse-entities/-/parse-entities-4.0.2.tgz. Extracting by manifest.
1425 silly tarball no local data for parent-module@https://registry.npmjs.org/parent-module/-/parent-module-1.0.1.tgz. Extracting by manifest.
1426 silly tarball no local data for pandemonium@https://registry.npmjs.org/pandemonium/-/pandemonium-2.4.1.tgz. Extracting by manifest.
1427 silly tarball no local data for package-manager-detector@https://registry.npmjs.org/package-manager-detector/-/package-manager-detector-1.6.0.tgz. Extracting by manifest.
1428 silly tarball no local data for package-json-from-dist@https://registry.npmjs.org/package-json-from-dist/-/package-json-from-dist-1.0.1.tgz. Extracting by manifest.
1429 silly tarball no local data for p-try@https://registry.npmjs.org/p-try/-/p-try-2.2.0.tgz. Extracting by manifest.
1430 silly tarball no local data for p-locate@https://registry.npmjs.org/p-locate/-/p-locate-6.0.0.tgz. Extracting by manifest.
1431 silly tarball no local data for p-limit@https://registry.npmjs.org/p-limit/-/p-limit-4.0.0.tgz. Extracting by manifest.
1432 silly tarball no local data for outvariant@https://registry.npmjs.org/outvariant/-/outvariant-1.4.3.tgz. Extracting by manifest.
1433 silly tarball no local data for ora@https://registry.npmjs.org/ora/-/ora-8.2.0.tgz. Extracting by manifest.
1434 silly tarball no local data for optionator@https://registry.npmjs.org/optionator/-/optionator-0.9.4.tgz. Extracting by manifest.
1435 silly tarball no local data for open@https://registry.npmjs.org/open/-/open-11.0.0.tgz. Extracting by manifest.
1436 silly tarball no local data for oniguruma-to-es@https://registry.npmjs.org/oniguruma-to-es/-/oniguruma-to-es-4.3.6.tgz. Extracting by manifest.
1437 silly tarball no local data for oniguruma-parser@https://registry.npmjs.org/oniguruma-parser/-/oniguruma-parser-0.12.2.tgz. Extracting by manifest.
1438 silly tarball no local data for onetime@https://registry.npmjs.org/onetime/-/onetime-5.1.2.tgz. Extracting by manifest.
1439 silly tarball no local data for once@https://registry.npmjs.org/once/-/once-1.4.0.tgz. Extracting by manifest.
1440 silly tarball no local data for on-finished@https://registry.npmjs.org/on-finished/-/on-finished-2.4.1.tgz. Extracting by manifest.
1441 silly tarball no local data for obliterator@https://registry.npmjs.org/obliterator/-/obliterator-2.0.5.tgz. Extracting by manifest.
1442 silly tarball no local data for object-treeify@https://registry.npmjs.org/object-treeify/-/object-treeify-1.1.33.tgz. Extracting by manifest.
1443 silly tarball no local data for rw@https://registry.npmjs.org/rw/-/rw-1.3.3.tgz. Extracting by manifest.
1444 silly tarball no local data for object-inspect@https://registry.npmjs.org/object-inspect/-/object-inspect-1.13.4.tgz. Extracting by manifest.
1445 silly tarball no local data for object-assign@https://registry.npmjs.org/object-assign/-/object-assign-4.1.1.tgz. Extracting by manifest.
1446 silly tarball no local data for node-releases@https://registry.npmjs.org/node-releases/-/node-releases-2.0.48.tgz. Extracting by manifest.
1447 silly tarball no local data for obug@https://registry.npmjs.org/obug/-/obug-2.1.3.tgz. Extracting by manifest.
1448 silly tarball no local data for npm-run-path@https://registry.npmjs.org/npm-run-path/-/npm-run-path-6.0.0.tgz. Extracting by manifest.
1449 silly tarball no local data for next@https://registry.npmjs.org/next/-/next-16.2.9.tgz. Extracting by manifest.
1450 silly tarball no local data for node-domexception@https://registry.npmjs.org/node-domexception/-/node-domexception-1.0.0.tgz. Extracting by manifest.
1451 silly tarball no local data for natural-compare@https://registry.npmjs.org/natural-compare/-/natural-compare-1.4.0.tgz. Extracting by manifest.
1452 silly tarball no local data for negotiator@https://registry.npmjs.org/negotiator/-/negotiator-1.0.0.tgz. Extracting by manifest.
1453 silly tarball no local data for mute-stream@https://registry.npmjs.org/mute-stream/-/mute-stream-3.0.0.tgz. Extracting by manifest.
1454 silly tarball no local data for msw@https://registry.npmjs.org/msw/-/msw-2.14.6.tgz. Extracting by manifest.
1455 silly tarball no local data for ms@https://registry.npmjs.org/ms/-/ms-2.1.3.tgz. Extracting by manifest.
1456 silly tarball no local data for motion-utils@https://registry.npmjs.org/motion-utils/-/motion-utils-12.39.0.tgz. Extracting by manifest.
1457 silly tarball no local data for motion-dom@https://registry.npmjs.org/motion-dom/-/motion-dom-12.40.0.tgz. Extracting by manifest.
1458 silly tarball no local data for motion@https://registry.npmjs.org/motion/-/motion-12.40.0.tgz. Extracting by manifest.
1459 silly tarball no local data for mnemonist@https://registry.npmjs.org/mnemonist/-/mnemonist-0.39.8.tgz. Extracting by manifest.
1460 silly tarball no local data for minipass@https://registry.npmjs.org/minipass/-/minipass-7.1.3.tgz. Extracting by manifest.
1461 http cache node-fetch@https://registry.npmjs.org/node-fetch/-/node-fetch-3.3.2.tgz 0ms (cache hit)
1462 silly tarball no local data for minimist@https://registry.npmjs.org/minimist/-/minimist-1.2.8.tgz. Extracting by manifest.
1463 silly tarball no local data for min-indent@https://registry.npmjs.org/min-indent/-/min-indent-1.0.1.tgz. Extracting by manifest.
1464 silly tarball no local data for mimic-function@https://registry.npmjs.org/mimic-function/-/mimic-function-5.0.1.tgz. Extracting by manifest.
1465 silly tarball no local data for mimic-fn@https://registry.npmjs.org/mimic-fn/-/mimic-fn-3.1.0.tgz. Extracting by manifest.
1466 silly tarball no local data for mime-types@https://registry.npmjs.org/mime-types/-/mime-types-3.0.2.tgz. Extracting by manifest.
1467 silly tarball no local data for mime-db@https://registry.npmjs.org/mime-db/-/mime-db-1.54.0.tgz. Extracting by manifest.
1468 silly tarball no local data for minimatch@https://registry.npmjs.org/minimatch/-/minimatch-3.1.5.tgz. Extracting by manifest.
1469 silly tarball no local data for micromatch@https://registry.npmjs.org/micromatch/-/micromatch-4.0.8.tgz. Extracting by manifest.
1470 silly tarball no local data for nanoid@https://registry.npmjs.org/nanoid/-/nanoid-5.1.14.tgz. Extracting by manifest.
1471 silly tarball no local data for micromark-util-types@https://registry.npmjs.org/micromark-util-types/-/micromark-util-types-2.0.2.tgz. Extracting by manifest.
1472 silly tarball no local data for micromark-util-symbol@https://registry.npmjs.org/micromark-util-symbol/-/micromark-util-symbol-2.0.1.tgz. Extracting by manifest.
1473 silly tarball no local data for micromark-util-resolve-all@https://registry.npmjs.org/micromark-util-resolve-all/-/micromark-util-resolve-all-2.0.1.tgz. Extracting by manifest.
1474 silly tarball no local data for micromark-util-sanitize-uri@https://registry.npmjs.org/micromark-util-sanitize-uri/-/micromark-util-sanitize-uri-2.0.1.tgz. Extracting by manifest.
1475 silly tarball no local data for micromark-util-normalize-identifier@https://registry.npmjs.org/micromark-util-normalize-identifier/-/micromark-util-normalize-identifier-2.0.1.tgz. Extracting by manifest.
1476 silly tarball no local data for micromark-util-subtokenize@https://registry.npmjs.org/micromark-util-subtokenize/-/micromark-util-subtokenize-2.1.0.tgz. Extracting by manifest.
1477 silly tarball no local data for micromark-util-html-tag-name@https://registry.npmjs.org/micromark-util-html-tag-name/-/micromark-util-html-tag-name-2.0.1.tgz. Extracting by manifest.
1478 silly tarball no local data for micromark-util-encode@https://registry.npmjs.org/micromark-util-encode/-/micromark-util-encode-2.0.1.tgz. Extracting by manifest.
1479 silly tarball no local data for micromark-util-decode-string@https://registry.npmjs.org/micromark-util-decode-string/-/micromark-util-decode-string-2.0.1.tgz. Extracting by manifest.
1480 silly tarball no local data for micromark-util-combine-extensions@https://registry.npmjs.org/micromark-util-combine-extensions/-/micromark-util-combine-extensions-2.0.1.tgz. Extracting by manifest.
1481 silly tarball no local data for micromark-util-decode-numeric-character-reference@https://registry.npmjs.org/micromark-util-decode-numeric-character-reference/-/micromark-util-decode-numeric-character-reference-2.0.2.tgz. Extracting by manifest.
1482 silly tarball no local data for micromark-util-classify-character@https://registry.npmjs.org/micromark-util-classify-character/-/micromark-util-classify-character-2.0.1.tgz. Extracting by manifest.
1483 silly tarball no local data for micromark-util-chunked@https://registry.npmjs.org/micromark-util-chunked/-/micromark-util-chunked-2.0.1.tgz. Extracting by manifest.
1484 silly tarball no local data for micromark-factory-whitespace@https://registry.npmjs.org/micromark-factory-whitespace/-/micromark-factory-whitespace-2.0.1.tgz. Extracting by manifest.
1485 silly tarball no local data for micromark-factory-title@https://registry.npmjs.org/micromark-factory-title/-/micromark-factory-title-2.0.1.tgz. Extracting by manifest.
1486 silly tarball no local data for micromark-util-character@https://registry.npmjs.org/micromark-util-character/-/micromark-util-character-2.1.1.tgz. Extracting by manifest.
1487 silly tarball no local data for micromark-factory-space@https://registry.npmjs.org/micromark-factory-space/-/micromark-factory-space-2.0.1.tgz. Extracting by manifest.
1488 silly tarball no local data for micromark-factory-label@https://registry.npmjs.org/micromark-factory-label/-/micromark-factory-label-2.0.1.tgz. Extracting by manifest.
1489 silly tarball no local data for micromark-extension-math@https://registry.npmjs.org/micromark-extension-math/-/micromark-extension-math-3.1.0.tgz. Extracting by manifest.
1490 silly tarball no local data for micromark-extension-gfm-task-list-item@https://registry.npmjs.org/micromark-extension-gfm-task-list-item/-/micromark-extension-gfm-task-list-item-2.1.0.tgz. Extracting by manifest.
1491 silly tarball no local data for micromark-extension-gfm-tagfilter@https://registry.npmjs.org/micromark-extension-gfm-tagfilter/-/micromark-extension-gfm-tagfilter-2.0.0.tgz. Extracting by manifest.
1492 silly tarball no local data for micromark-extension-gfm-table@https://registry.npmjs.org/micromark-extension-gfm-table/-/micromark-extension-gfm-table-2.1.1.tgz. Extracting by manifest.
1493 silly tarball no local data for micromark-extension-gfm-strikethrough@https://registry.npmjs.org/micromark-extension-gfm-strikethrough/-/micromark-extension-gfm-strikethrough-2.1.0.tgz. Extracting by manifest.
1494 silly tarball no local data for micromark-extension-gfm-footnote@https://registry.npmjs.org/micromark-extension-gfm-footnote/-/micromark-extension-gfm-footnote-2.1.0.tgz. Extracting by manifest.
1495 silly tarball no local data for micromark-extension-gfm-autolink-literal@https://registry.npmjs.org/micromark-extension-gfm-autolink-literal/-/micromark-extension-gfm-autolink-literal-2.1.0.tgz. Extracting by manifest.
1496 silly tarball no local data for micromark-extension-gfm@https://registry.npmjs.org/micromark-extension-gfm/-/micromark-extension-gfm-3.0.0.tgz. Extracting by manifest.
1497 silly tarball no local data for micromark-extension-cjk-friendly-util@https://registry.npmjs.org/micromark-extension-cjk-friendly-util/-/micromark-extension-cjk-friendly-util-3.0.1.tgz. Extracting by manifest.
1498 silly tarball no local data for micromark-extension-cjk-friendly-gfm-strikethrough@https://registry.npmjs.org/micromark-extension-cjk-friendly-gfm-strikethrough/-/micromark-extension-cjk-friendly-gfm-strikethrough-2.0.1.tgz. Extracting by manifest.
1499 silly tarball no local data for micromark-extension-cjk-friendly@https://registry.npmjs.org/micromark-extension-cjk-friendly/-/micromark-extension-cjk-friendly-2.0.1.tgz. Extracting by manifest.
1500 silly tarball no local data for mermaid@https://registry.npmjs.org/mermaid/-/mermaid-11.15.0.tgz. Extracting by manifest.
1501 silly tarball no local data for micromark-core-commonmark@https://registry.npmjs.org/micromark-core-commonmark/-/micromark-core-commonmark-2.0.3.tgz. Extracting by manifest.
1502 silly tarball no local data for micromark@https://registry.npmjs.org/micromark/-/micromark-4.0.2.tgz. Extracting by manifest.
1503 silly tarball no local data for merge-stream@https://registry.npmjs.org/merge-stream/-/merge-stream-2.0.0.tgz. Extracting by manifest.
1504 silly tarball no local data for merge2@https://registry.npmjs.org/merge2/-/merge2-1.4.1.tgz. Extracting by manifest.
1505 silly tarball no local data for media-typer@https://registry.npmjs.org/media-typer/-/media-typer-1.1.0.tgz. Extracting by manifest.
1506 silly tarball no local data for merge-descriptors@https://registry.npmjs.org/merge-descriptors/-/merge-descriptors-2.0.0.tgz. Extracting by manifest.
1507 silly tarball no local data for mdn-data@https://registry.npmjs.org/mdn-data/-/mdn-data-2.12.2.tgz. Extracting by manifest.
1508 silly tarball no local data for mdast-util-to-string@https://registry.npmjs.org/mdast-util-to-string/-/mdast-util-to-string-4.0.0.tgz. Extracting by manifest.
1509 silly tarball no local data for media-chrome@https://registry.npmjs.org/media-chrome/-/media-chrome-4.19.2.tgz. Extracting by manifest.
1510 silly tarball no local data for mdast-util-to-markdown-cjk-friendly-gfm-strikethrough@https://registry.npmjs.org/mdast-util-to-markdown-cjk-friendly-gfm-strikethrough/-/mdast-util-to-markdown-cjk-friendly-gfm-strikethrough-1.0.0.tgz. Extracting by manifest.
1511 silly tarball no local data for mdast-util-to-markdown@https://registry.npmjs.org/mdast-util-to-markdown/-/mdast-util-to-markdown-2.1.2.tgz. Extracting by manifest.
1512 silly tarball no local data for mdast-util-to-markdown-cjk-friendly@https://registry.npmjs.org/mdast-util-to-markdown-cjk-friendly/-/mdast-util-to-markdown-cjk-friendly-1.0.0.tgz. Extracting by manifest.
1513 silly tarball no local data for mdast-util-to-hast@https://registry.npmjs.org/mdast-util-to-hast/-/mdast-util-to-hast-13.2.1.tgz. Extracting by manifest.
1514 silly tarball no local data for mdast-util-mdxjs-esm@https://registry.npmjs.org/mdast-util-mdxjs-esm/-/mdast-util-mdxjs-esm-2.0.1.tgz. Extracting by manifest.
1515 silly tarball no local data for mdast-util-phrasing@https://registry.npmjs.org/mdast-util-phrasing/-/mdast-util-phrasing-4.1.0.tgz. Extracting by manifest.
1516 silly tarball no local data for mdast-util-mdx-jsx@https://registry.npmjs.org/mdast-util-mdx-jsx/-/mdast-util-mdx-jsx-3.2.0.tgz. Extracting by manifest.
1517 silly tarball no local data for mdast-util-math@https://registry.npmjs.org/mdast-util-math/-/mdast-util-math-3.0.0.tgz. Extracting by manifest.
1518 silly tarball no local data for mdast-util-mdx-expression@https://registry.npmjs.org/mdast-util-mdx-expression/-/mdast-util-mdx-expression-2.0.1.tgz. Extracting by manifest.
1519 silly tarball no local data for mdast-util-gfm-task-list-item@https://registry.npmjs.org/mdast-util-gfm-task-list-item/-/mdast-util-gfm-task-list-item-2.0.0.tgz. Extracting by manifest.
1520 silly tarball no local data for mdast-util-gfm-table@https://registry.npmjs.org/mdast-util-gfm-table/-/mdast-util-gfm-table-2.0.0.tgz. Extracting by manifest.
1521 silly tarball no local data for mdast-util-gfm-strikethrough@https://registry.npmjs.org/mdast-util-gfm-strikethrough/-/mdast-util-gfm-strikethrough-2.0.0.tgz. Extracting by manifest.
1522 silly tarball no local data for mdast-util-gfm-footnote@https://registry.npmjs.org/mdast-util-gfm-footnote/-/mdast-util-gfm-footnote-2.1.0.tgz. Extracting by manifest.
1523 silly tarball no local data for mdast-util-gfm@https://registry.npmjs.org/mdast-util-gfm/-/mdast-util-gfm-3.1.0.tgz. Extracting by manifest.
1524 silly tarball no local data for mdast-util-from-markdown@https://registry.npmjs.org/mdast-util-from-markdown/-/mdast-util-from-markdown-2.0.3.tgz. Extracting by manifest.
1525 silly tarball no local data for mdast-util-find-and-replace@https://registry.npmjs.org/mdast-util-find-and-replace/-/mdast-util-find-and-replace-3.0.2.tgz. Extracting by manifest.
1526 silly tarball no local data for math-intrinsics@https://registry.npmjs.org/math-intrinsics/-/math-intrinsics-1.1.0.tgz. Extracting by manifest.
1527 silly tarball no local data for marked@https://registry.npmjs.org/marked/-/marked-16.4.2.tgz. Extracting by manifest.
1528 silly tarball no local data for mdast-util-gfm-autolink-literal@https://registry.npmjs.org/mdast-util-gfm-autolink-literal/-/mdast-util-gfm-autolink-literal-2.0.1.tgz. Extracting by manifest.
1529 silly tarball no local data for magic-string@https://registry.npmjs.org/magic-string/-/magic-string-0.30.21.tgz. Extracting by manifest.
1530 silly tarball no local data for lz-string@https://registry.npmjs.org/lz-string/-/lz-string-1.5.0.tgz. Extracting by manifest.
1531 silly tarball no local data for markdown-table@https://registry.npmjs.org/markdown-table/-/markdown-table-3.0.4.tgz. Extracting by manifest.
1532 silly tarball no local data for lucide-react@https://registry.npmjs.org/lucide-react/-/lucide-react-1.21.0.tgz. Extracting by manifest.
1533 silly tarball no local data for lowlight@https://registry.npmjs.org/lowlight/-/lowlight-1.20.0.tgz. Extracting by manifest.
1534 silly tarball no local data for lru-cache@https://registry.npmjs.org/lru-cache/-/lru-cache-5.1.1.tgz. Extracting by manifest.
1535 silly tarball no local data for loupe@https://registry.npmjs.org/loupe/-/loupe-3.2.1.tgz. Extracting by manifest.
1536 silly tarball no local data for longest-streak@https://registry.npmjs.org/longest-streak/-/longest-streak-3.1.0.tgz. Extracting by manifest.
1537 silly tarball no local data for log-symbols@https://registry.npmjs.org/log-symbols/-/log-symbols-6.0.0.tgz. Extracting by manifest.
1538 silly tarball no local data for lodash.merge@https://registry.npmjs.org/lodash.merge/-/lodash.merge-4.6.2.tgz. Extracting by manifest.
1539 silly tarball no local data for lodash-es@https://registry.npmjs.org/lodash-es/-/lodash-es-4.18.1.tgz. Extracting by manifest.
1540 silly tarball no local data for lodash@https://registry.npmjs.org/lodash/-/lodash-4.18.1.tgz. Extracting by manifest.
1541 silly tarball no local data for locate-path@https://registry.npmjs.org/locate-path/-/locate-path-7.2.0.tgz. Extracting by manifest.
1542 silly tarball no local data for linkify-it@https://registry.npmjs.org/linkify-it/-/linkify-it-3.0.3.tgz. Extracting by manifest.
1543 silly tarball no local data for lines-and-columns@https://registry.npmjs.org/lines-and-columns/-/lines-and-columns-1.2.4.tgz. Extracting by manifest.
1544 silly tarball no local data for lightningcss-linux-x64-gnu@https://registry.npmjs.org/lightningcss-linux-x64-gnu/-/lightningcss-linux-x64-gnu-1.32.0.tgz. Extracting by manifest.
1545 silly tarball no local data for lightningcss@https://registry.npmjs.org/lightningcss/-/lightningcss-1.32.0.tgz. Extracting by manifest.
1546 silly tarball no local data for levn@https://registry.npmjs.org/levn/-/levn-0.4.1.tgz. Extracting by manifest.
1547 silly tarball no local data for layout-base@https://registry.npmjs.org/layout-base/-/layout-base-1.0.2.tgz. Extracting by manifest.
1548 silly tarball no local data for kleur@https://registry.npmjs.org/kleur/-/kleur-4.1.5.tgz. Extracting by manifest.
1549 silly tarball no local data for khroma@https://registry.npmjs.org/khroma/-/khroma-2.1.0.tgz. Extracting by manifest.
1550 silly tarball no local data for keyv@https://registry.npmjs.org/keyv/-/keyv-4.5.4.tgz. Extracting by manifest.
1551 silly tarball no local data for katex@https://registry.npmjs.org/katex/-/katex-0.16.47.tgz. Extracting by manifest.
1552 silly tarball no local data for jsonfile@https://registry.npmjs.org/jsonfile/-/jsonfile-6.2.1.tgz. Extracting by manifest.
1553 silly tarball no local data for json5@https://registry.npmjs.org/json5/-/json5-2.2.3.tgz. Extracting by manifest.
1554 silly tarball no local data for json-stable-stringify-without-jsonify@https://registry.npmjs.org/json-stable-stringify-without-jsonify/-/json-stable-stringify-without-jsonify-1.0.1.tgz. Extracting by manifest.
1555 silly tarball no local data for json-schema-typed@https://registry.npmjs.org/json-schema-typed/-/json-schema-typed-8.0.2.tgz. Extracting by manifest.
1556 silly tarball no local data for json-schema-traverse@https://registry.npmjs.org/json-schema-traverse/-/json-schema-traverse-1.0.0.tgz. Extracting by manifest.
1557 silly tarball no local data for json-schema-to-typescript@https://registry.npmjs.org/json-schema-to-typescript/-/json-schema-to-typescript-15.0.4.tgz. Extracting by manifest.
1558 silly tarball no local data for json-parse-even-better-errors@https://registry.npmjs.org/json-parse-even-better-errors/-/json-parse-even-better-errors-2.3.1.tgz. Extracting by manifest.
1559 silly tarball no local data for json-schema@https://registry.npmjs.org/json-schema/-/json-schema-0.4.0.tgz. Extracting by manifest.
1560 silly tarball no local data for json-buffer@https://registry.npmjs.org/json-buffer/-/json-buffer-3.0.1.tgz. Extracting by manifest.
1561 silly tarball no local data for jsdom@https://registry.npmjs.org/jsdom/-/jsdom-29.1.1.tgz. Extracting by manifest.
1562 silly tarball no local data for jsesc@https://registry.npmjs.org/jsesc/-/jsesc-3.1.0.tgz. Extracting by manifest.
1563 silly tarball no local data for js-yaml@https://registry.npmjs.org/js-yaml/-/js-yaml-4.2.0.tgz. Extracting by manifest.
1564 silly tarball no local data for js-tokens@https://registry.npmjs.org/js-tokens/-/js-tokens-4.0.0.tgz. Extracting by manifest.
1565 silly tarball no local data for jose@https://registry.npmjs.org/jose/-/jose-6.2.3.tgz. Extracting by manifest.
1566 silly tarball no local data for jiti@https://registry.npmjs.org/jiti/-/jiti-2.7.0.tgz. Extracting by manifest.
1567 silly tarball no local data for jackspeak@https://registry.npmjs.org/jackspeak/-/jackspeak-3.4.3.tgz. Extracting by manifest.
1568 silly tarball no local data for isexe@https://registry.npmjs.org/isexe/-/isexe-2.0.0.tgz. Extracting by manifest.
1569 silly tarball no local data for is-wsl@https://registry.npmjs.org/is-wsl/-/is-wsl-3.1.1.tgz. Extracting by manifest.
1570 silly tarball no local data for is-unicode-supported@https://registry.npmjs.org/is-unicode-supported/-/is-unicode-supported-2.1.0.tgz. Extracting by manifest.
1571 silly tarball no local data for is-stream@https://registry.npmjs.org/is-stream/-/is-stream-4.0.1.tgz. Extracting by manifest.
1572 silly tarball no local data for is-regexp@https://registry.npmjs.org/is-regexp/-/is-regexp-3.1.0.tgz. Extracting by manifest.
1573 silly tarball no local data for is-promise@https://registry.npmjs.org/is-promise/-/is-promise-4.0.0.tgz. Extracting by manifest.
1574 silly tarball no local data for is-potential-custom-element-name@https://registry.npmjs.org/is-potential-custom-element-name/-/is-potential-custom-element-name-1.0.1.tgz. Extracting by manifest.
1575 silly tarball no local data for is-plain-obj@https://registry.npmjs.org/is-plain-obj/-/is-plain-obj-4.1.0.tgz. Extracting by manifest.
1576 silly tarball no local data for is-number@https://registry.npmjs.org/is-number/-/is-number-7.0.0.tgz. Extracting by manifest.
1577 silly tarball no local data for is-node-process@https://registry.npmjs.org/is-node-process/-/is-node-process-1.2.0.tgz. Extracting by manifest.
1578 silly tarball no local data for is-obj@https://registry.npmjs.org/is-obj/-/is-obj-2.0.0.tgz. Extracting by manifest.
1579 silly tarball no local data for is-interactive@https://registry.npmjs.org/is-interactive/-/is-interactive-2.0.0.tgz. Extracting by manifest.
1580 silly tarball no local data for is-inside-container@https://registry.npmjs.org/is-inside-container/-/is-inside-container-1.0.0.tgz. Extracting by manifest.
1581 silly tarball no local data for is-in-ssh@https://registry.npmjs.org/is-in-ssh/-/is-in-ssh-1.0.0.tgz. Extracting by manifest.
1582 silly tarball no local data for is-hexadecimal@https://registry.npmjs.org/is-hexadecimal/-/is-hexadecimal-2.0.1.tgz. Extracting by manifest.
1583 silly tarball no local data for is-glob@https://registry.npmjs.org/is-glob/-/is-glob-4.0.3.tgz. Extracting by manifest.
1584 silly tarball no local data for is-fullwidth-code-point@https://registry.npmjs.org/is-fullwidth-code-point/-/is-fullwidth-code-point-3.0.0.tgz. Extracting by manifest.
1585 silly tarball no local data for is-extglob@https://registry.npmjs.org/is-extglob/-/is-extglob-2.1.1.tgz. Extracting by manifest.
1586 silly tarball no local data for is-docker@https://registry.npmjs.org/is-docker/-/is-docker-3.0.0.tgz. Extracting by manifest.
1587 silly tarball no local data for is-core-module@https://registry.npmjs.org/is-core-module/-/is-core-module-2.16.2.tgz. Extracting by manifest.
1588 silly tarball no local data for is-arrayish@https://registry.npmjs.org/is-arrayish/-/is-arrayish-0.2.1.tgz. Extracting by manifest.
1589 silly tarball no local data for is-alphanumerical@https://registry.npmjs.org/is-alphanumerical/-/is-alphanumerical-2.0.1.tgz. Extracting by manifest.
1590 silly tarball no local data for is-decimal@https://registry.npmjs.org/is-decimal/-/is-decimal-2.0.1.tgz. Extracting by manifest.
1591 silly tarball no local data for ipaddr.js@https://registry.npmjs.org/ipaddr.js/-/ipaddr.js-1.9.1.tgz. Extracting by manifest.
1592 silly tarball no local data for ip-address@https://registry.npmjs.org/ip-address/-/ip-address-10.2.0.tgz. Extracting by manifest.
1593 silly tarball no local data for internmap@https://registry.npmjs.org/internmap/-/internmap-2.0.3.tgz. Extracting by manifest.
1594 silly tarball no local data for inline-style-parser@https://registry.npmjs.org/inline-style-parser/-/inline-style-parser-0.2.7.tgz. Extracting by manifest.
1595 silly tarball no local data for inherits@https://registry.npmjs.org/inherits/-/inherits-2.0.4.tgz. Extracting by manifest.
1596 silly tarball no local data for is-alphabetical@https://registry.npmjs.org/is-alphabetical/-/is-alphabetical-2.0.1.tgz. Extracting by manifest.
1597 silly tarball no local data for indent-string@https://registry.npmjs.org/indent-string/-/indent-string-4.0.0.tgz. Extracting by manifest.
1598 silly tarball no local data for imurmurhash@https://registry.npmjs.org/imurmurhash/-/imurmurhash-0.1.4.tgz. Extracting by manifest.
1599 silly tarball no local data for micromark-factory-destination@https://registry.npmjs.org/micromark-factory-destination/-/micromark-factory-destination-2.0.1.tgz. Extracting by manifest.
1600 silly tarball no local data for import-meta-resolve@https://registry.npmjs.org/import-meta-resolve/-/import-meta-resolve-4.2.0.tgz. Extracting by manifest.
1601 silly tarball no local data for ignore@https://registry.npmjs.org/ignore/-/ignore-5.3.2.tgz. Extracting by manifest.
1602 silly tarball no local data for human-signals@https://registry.npmjs.org/human-signals/-/human-signals-8.0.1.tgz. Extracting by manifest.
1603 silly tarball no local data for import-fresh@https://registry.npmjs.org/import-fresh/-/import-fresh-3.3.1.tgz. Extracting by manifest.
1604 silly tarball no local data for https-proxy-agent@https://registry.npmjs.org/https-proxy-agent/-/https-proxy-agent-7.0.6.tgz. Extracting by manifest.
1605 silly tarball no local data for http-errors@https://registry.npmjs.org/http-errors/-/http-errors-2.0.1.tgz. Extracting by manifest.
1606 silly tarball no local data for html-void-elements@https://registry.npmjs.org/html-void-elements/-/html-void-elements-3.0.0.tgz. Extracting by manifest.
1607 silly tarball no local data for html-url-attributes@https://registry.npmjs.org/html-url-attributes/-/html-url-attributes-3.0.1.tgz. Extracting by manifest.
1608 silly tarball no local data for html-encoding-sniffer@https://registry.npmjs.org/html-encoding-sniffer/-/html-encoding-sniffer-6.0.0.tgz. Extracting by manifest.
1609 silly tarball no local data for highlight.js@https://registry.npmjs.org/highlight.js/-/highlight.js-10.7.3.tgz. Extracting by manifest.
1610 silly tarball no local data for hermes-parser@https://registry.npmjs.org/hermes-parser/-/hermes-parser-0.25.1.tgz. Extracting by manifest.
1611 silly tarball no local data for hermes-estree@https://registry.npmjs.org/hermes-estree/-/hermes-estree-0.25.1.tgz. Extracting by manifest.
1612 silly tarball no local data for headers-polyfill@https://registry.npmjs.org/headers-polyfill/-/headers-polyfill-5.0.1.tgz. Extracting by manifest.
1613 silly tarball no local data for hastscript@https://registry.npmjs.org/hastscript/-/hastscript-6.0.0.tgz. Extracting by manifest.
1614 silly tarball no local data for highlightjs-vue@https://registry.npmjs.org/highlightjs-vue/-/highlightjs-vue-1.0.0.tgz. Extracting by manifest.
1615 silly tarball no local data for hono@https://registry.npmjs.org/hono/-/hono-4.12.26.tgz. Extracting by manifest.
1616 silly tarball no local data for hast-util-whitespace@https://registry.npmjs.org/hast-util-whitespace/-/hast-util-whitespace-3.0.0.tgz. Extracting by manifest.
1617 silly tarball no local data for hast-util-to-text@https://registry.npmjs.org/hast-util-to-text/-/hast-util-to-text-4.0.2.tgz. Extracting by manifest.
1618 silly tarball no local data for hast-util-to-parse5@https://registry.npmjs.org/hast-util-to-parse5/-/hast-util-to-parse5-8.0.1.tgz. Extracting by manifest.
1619 silly tarball no local data for hast-util-to-jsx-runtime@https://registry.npmjs.org/hast-util-to-jsx-runtime/-/hast-util-to-jsx-runtime-2.3.6.tgz. Extracting by manifest.
1620 silly tarball no local data for hast-util-to-html@https://registry.npmjs.org/hast-util-to-html/-/hast-util-to-html-9.0.5.tgz. Extracting by manifest.
1621 silly tarball no local data for hast-util-sanitize@https://registry.npmjs.org/hast-util-sanitize/-/hast-util-sanitize-5.0.2.tgz. Extracting by manifest.
1622 silly tarball no local data for hast-util-raw@https://registry.npmjs.org/hast-util-raw/-/hast-util-raw-9.1.0.tgz. Extracting by manifest.
1623 silly tarball no local data for hast-util-parse-selector@https://registry.npmjs.org/hast-util-parse-selector/-/hast-util-parse-selector-2.2.5.tgz. Extracting by manifest.
1624 silly tarball no local data for hast-util-is-element@https://registry.npmjs.org/hast-util-is-element/-/hast-util-is-element-3.0.0.tgz. Extracting by manifest.
1625 silly tarball no local data for hast-util-from-parse5@https://registry.npmjs.org/hast-util-from-parse5/-/hast-util-from-parse5-8.0.3.tgz. Extracting by manifest.
1626 silly tarball no local data for hast-util-from-html-isomorphic@https://registry.npmjs.org/hast-util-from-html-isomorphic/-/hast-util-from-html-isomorphic-2.0.0.tgz. Extracting by manifest.
1627 silly tarball no local data for hast-util-from-html@https://registry.npmjs.org/hast-util-from-html/-/hast-util-from-html-2.0.3.tgz. Extracting by manifest.
1628 silly tarball no local data for hasown@https://registry.npmjs.org/hasown/-/hasown-2.0.4.tgz. Extracting by manifest.
1629 silly tarball no local data for has-symbols@https://registry.npmjs.org/has-symbols/-/has-symbols-1.1.0.tgz. Extracting by manifest.
1630 silly tarball no local data for has-flag@https://registry.npmjs.org/has-flag/-/has-flag-4.0.0.tgz. Extracting by manifest.
1631 silly tarball no local data for hast-util-from-dom@https://registry.npmjs.org/hast-util-from-dom/-/hast-util-from-dom-5.0.1.tgz. Extracting by manifest.
1632 silly tarball no local data for graphql@https://registry.npmjs.org/graphql/-/graphql-16.14.2.tgz. Extracting by manifest.
1633 silly tarball no local data for hachure-fill@https://registry.npmjs.org/hachure-fill/-/hachure-fill-0.5.2.tgz. Extracting by manifest.
1634 silly tarball no local data for graphology-utils@https://registry.npmjs.org/graphology-utils/-/graphology-utils-2.5.2.tgz. Extracting by manifest.
1635 silly tarball no local data for graphology-types@https://registry.npmjs.org/graphology-types/-/graphology-types-0.24.8.tgz. Extracting by manifest.
1636 silly tarball no local data for graphology-layout-noverlap@https://registry.npmjs.org/graphology-layout-noverlap/-/graphology-layout-noverlap-0.4.2.tgz. Extracting by manifest.
1637 silly tarball no local data for graphology-indices@https://registry.npmjs.org/graphology-indices/-/graphology-indices-0.17.0.tgz. Extracting by manifest.
1638 silly tarball no local data for graphology-layout-forceatlas2@https://registry.npmjs.org/graphology-layout-forceatlas2/-/graphology-layout-forceatlas2-0.10.1.tgz. Extracting by manifest.
1639 silly tarball no local data for graphology@https://registry.npmjs.org/graphology/-/graphology-0.26.0.tgz. Extracting by manifest.
1640 silly tarball no local data for iconv-lite@https://registry.npmjs.org/iconv-lite/-/iconv-lite-0.7.2.tgz. Extracting by manifest.
1641 silly tarball no local data for graceful-fs@https://registry.npmjs.org/graceful-fs/-/graceful-fs-4.2.11.tgz. Extracting by manifest.
1642 silly tarball no local data for gopd@https://registry.npmjs.org/gopd/-/gopd-1.2.0.tgz. Extracting by manifest.
1643 silly tarball no local data for globals@https://registry.npmjs.org/globals/-/globals-17.6.0.tgz. Extracting by manifest.
1644 silly tarball no local data for glob-parent@https://registry.npmjs.org/glob-parent/-/glob-parent-6.0.2.tgz. Extracting by manifest.
1645 silly tarball no local data for glob@https://registry.npmjs.org/glob/-/glob-10.5.0.tgz. Extracting by manifest.
1646 silly tarball no local data for graphology-communities-louvain@https://registry.npmjs.org/graphology-communities-louvain/-/graphology-communities-louvain-2.0.2.tgz. Extracting by manifest.
1647 silly tarball no local data for get-stream@https://registry.npmjs.org/get-stream/-/get-stream-9.0.1.tgz. Extracting by manifest.
1648 silly tarball no local data for get-proto@https://registry.npmjs.org/get-proto/-/get-proto-1.0.1.tgz. Extracting by manifest.
1649 silly tarball no local data for get-own-enumerable-keys@https://registry.npmjs.org/get-own-enumerable-keys/-/get-own-enumerable-keys-1.0.0.tgz. Extracting by manifest.
1650 silly tarball no local data for get-nonce@https://registry.npmjs.org/get-nonce/-/get-nonce-1.0.1.tgz. Extracting by manifest.
1651 silly tarball no local data for get-east-asian-width@https://registry.npmjs.org/get-east-asian-width/-/get-east-asian-width-1.6.0.tgz. Extracting by manifest.
1652 silly tarball no local data for gensync@https://registry.npmjs.org/gensync/-/gensync-1.0.0-beta.2.tgz. Extracting by manifest.
1653 silly tarball no local data for get-intrinsic@https://registry.npmjs.org/get-intrinsic/-/get-intrinsic-1.3.0.tgz. Extracting by manifest.
1654 silly tarball no local data for get-caller-file@https://registry.npmjs.org/get-caller-file/-/get-caller-file-2.0.5.tgz. Extracting by manifest.
1655 silly tarball no local data for fzf@https://registry.npmjs.org/fzf/-/fzf-0.5.2.tgz. Extracting by manifest.
1656 silly tarball no local data for fuzzysort@https://registry.npmjs.org/fuzzysort/-/fuzzysort-3.1.0.tgz. Extracting by manifest.
1657 silly tarball no local data for function-bind@https://registry.npmjs.org/function-bind/-/function-bind-1.1.2.tgz. Extracting by manifest.
1658 silly tarball no local data for fs-extra@https://registry.npmjs.org/fs-extra/-/fs-extra-11.3.5.tgz. Extracting by manifest.
1659 silly tarball no local data for fresh@https://registry.npmjs.org/fresh/-/fresh-2.0.0.tgz. Extracting by manifest.
1660 silly tarball no local data for framer-motion@https://registry.npmjs.org/framer-motion/-/framer-motion-12.40.0.tgz. Extracting by manifest.
1661 silly tarball no local data for forwarded@https://registry.npmjs.org/forwarded/-/forwarded-0.2.0.tgz. Extracting by manifest.
1662 silly tarball no local data for formdata-polyfill@https://registry.npmjs.org/formdata-polyfill/-/formdata-polyfill-4.0.10.tgz. Extracting by manifest.
1663 silly tarball no local data for foreground-child@https://registry.npmjs.org/foreground-child/-/foreground-child-3.3.1.tgz. Extracting by manifest.
1664 silly tarball no local data for flatted@https://registry.npmjs.org/flatted/-/flatted-3.4.2.tgz. Extracting by manifest.
1665 silly tarball no local data for flat-cache@https://registry.npmjs.org/flat-cache/-/flat-cache-4.0.1.tgz. Extracting by manifest.
1666 silly tarball no local data for find-up@https://registry.npmjs.org/find-up/-/find-up-7.0.0.tgz. Extracting by manifest.
1667 silly tarball no local data for finalhandler@https://registry.npmjs.org/finalhandler/-/finalhandler-2.1.1.tgz. Extracting by manifest.
1668 silly tarball no local data for fill-range@https://registry.npmjs.org/fill-range/-/fill-range-7.1.1.tgz. Extracting by manifest.
1669 silly tarball no local data for file-entry-cache@https://registry.npmjs.org/file-entry-cache/-/file-entry-cache-8.0.0.tgz. Extracting by manifest.
1670 silly tarball no local data for format@https://registry.npmjs.org/format/-/format-0.2.2.tgz. Extracting by manifest.
1671 silly tarball no local data for figures@https://registry.npmjs.org/figures/-/figures-6.1.0.tgz. Extracting by manifest.
1672 silly tarball no local data for fetch-blob@https://registry.npmjs.org/fetch-blob/-/fetch-blob-3.2.0.tgz. Extracting by manifest.
1673 silly tarball no local data for fdir@https://registry.npmjs.org/fdir/-/fdir-6.5.0.tgz. Extracting by manifest.
1674 silly tarball no local data for fault@https://registry.npmjs.org/fault/-/fault-1.0.4.tgz. Extracting by manifest.
1675 silly tarball no local data for fast-wrap-ansi@https://registry.npmjs.org/fast-wrap-ansi/-/fast-wrap-ansi-0.2.2.tgz. Extracting by manifest.
1676 silly tarball no local data for fastq@https://registry.npmjs.org/fastq/-/fastq-1.20.1.tgz. Extracting by manifest.
1677 silly tarball no local data for fast-string-width@https://registry.npmjs.org/fast-string-width/-/fast-string-width-3.0.2.tgz. Extracting by manifest.
1678 silly tarball no local data for fast-string-truncated-width@https://registry.npmjs.org/fast-string-truncated-width/-/fast-string-truncated-width-3.0.3.tgz. Extracting by manifest.
1679 silly tarball no local data for fast-levenshtein@https://registry.npmjs.org/fast-levenshtein/-/fast-levenshtein-2.0.6.tgz. Extracting by manifest.
1680 silly tarball no local data for fast-json-stable-stringify@https://registry.npmjs.org/fast-json-stable-stringify/-/fast-json-stable-stringify-2.1.0.tgz. Extracting by manifest.
1681 silly tarball no local data for fast-glob@https://registry.npmjs.org/fast-glob/-/fast-glob-3.3.3.tgz. Extracting by manifest.
1682 silly tarball no local data for fast-deep-equal@https://registry.npmjs.org/fast-deep-equal/-/fast-deep-equal-3.1.3.tgz. Extracting by manifest.
1683 silly tarball no local data for extend@https://registry.npmjs.org/extend/-/extend-3.0.2.tgz. Extracting by manifest.
1684 silly tarball no local data for express@https://registry.npmjs.org/express/-/express-5.2.1.tgz. Extracting by manifest.
1685 silly tarball no local data for express-rate-limit@https://registry.npmjs.org/express-rate-limit/-/express-rate-limit-8.5.2.tgz. Extracting by manifest.
1686 silly tarball no local data for expect-type@https://registry.npmjs.org/expect-type/-/expect-type-1.3.0.tgz. Extracting by manifest.
1687 silly tarball no local data for fast-uri@https://registry.npmjs.org/fast-uri/-/fast-uri-3.1.2.tgz. Extracting by manifest.
1688 silly tarball no local data for execa@https://registry.npmjs.org/execa/-/execa-9.6.1.tgz. Extracting by manifest.
1689 silly tarball no local data for eventsource-parser@https://registry.npmjs.org/eventsource-parser/-/eventsource-parser-3.1.0.tgz. Extracting by manifest.
1690 silly tarball no local data for eventsource@https://registry.npmjs.org/eventsource/-/eventsource-3.0.7.tgz. Extracting by manifest.
1691 silly tarball no local data for events@https://registry.npmjs.org/events/-/events-3.3.0.tgz. Extracting by manifest.
1692 silly tarball no local data for etag@https://registry.npmjs.org/etag/-/etag-1.8.1.tgz. Extracting by manifest.
1693 silly tarball no local data for esutils@https://registry.npmjs.org/esutils/-/esutils-2.0.3.tgz. Extracting by manifest.
1694 silly tarball no local data for estree-walker@https://registry.npmjs.org/estree-walker/-/estree-walker-2.0.2.tgz. Extracting by manifest.
1695 silly tarball no local data for estree-util-is-identifier-name@https://registry.npmjs.org/estree-util-is-identifier-name/-/estree-util-is-identifier-name-3.0.0.tgz. Extracting by manifest.
1696 silly tarball no local data for estraverse@https://registry.npmjs.org/estraverse/-/estraverse-5.3.0.tgz. Extracting by manifest.
1697 silly tarball no local data for esrecurse@https://registry.npmjs.org/esrecurse/-/esrecurse-4.3.0.tgz. Extracting by manifest.
1698 silly tarball no local data for esquery@https://registry.npmjs.org/esquery/-/esquery-1.7.0.tgz. Extracting by manifest.
1699 silly tarball no local data for esprima@https://registry.npmjs.org/esprima/-/esprima-4.0.1.tgz. Extracting by manifest.
1700 silly tarball no local data for espree@https://registry.npmjs.org/espree/-/espree-10.4.0.tgz. Extracting by manifest.
1701 silly tarball no local data for eslint-visitor-keys@https://registry.npmjs.org/eslint-visitor-keys/-/eslint-visitor-keys-4.2.1.tgz. Extracting by manifest.
1702 silly tarball no local data for eslint-plugin-storybook@https://registry.npmjs.org/eslint-plugin-storybook/-/eslint-plugin-storybook-9.1.19.tgz. Extracting by manifest.
1703 silly tarball no local data for eslint-plugin-react-refresh@https://registry.npmjs.org/eslint-plugin-react-refresh/-/eslint-plugin-react-refresh-0.4.26.tgz. Extracting by manifest.
1704 silly tarball no local data for eslint-plugin-react-hooks@https://registry.npmjs.org/eslint-plugin-react-hooks/-/eslint-plugin-react-hooks-7.1.1.tgz. Extracting by manifest.
1705 silly tarball no local data for eslint-scope@https://registry.npmjs.org/eslint-scope/-/eslint-scope-8.4.0.tgz. Extracting by manifest.
1706 silly tarball no local data for eslint@https://registry.npmjs.org/eslint/-/eslint-9.39.4.tgz. Extracting by manifest.
1707 silly tarball no local data for escape-string-regexp@https://registry.npmjs.org/escape-string-regexp/-/escape-string-regexp-4.0.0.tgz. Extracting by manifest.
1708 silly tarball no local data for escape-html@https://registry.npmjs.org/escape-html/-/escape-html-1.0.3.tgz. Extracting by manifest.
1709 silly tarball no local data for escape-carriage@https://registry.npmjs.org/escape-carriage/-/escape-carriage-1.3.1.tgz. Extracting by manifest.
1710 silly tarball no local data for escalade@https://registry.npmjs.org/escalade/-/escalade-3.2.0.tgz. Extracting by manifest.
1711 silly tarball no local data for esbuild-register@https://registry.npmjs.org/esbuild-register/-/esbuild-register-3.6.0.tgz. Extracting by manifest.
1712 silly tarball no local data for esbuild@https://registry.npmjs.org/esbuild/-/esbuild-0.25.12.tgz. Extracting by manifest.
1713 silly tarball no local data for es-toolkit@https://registry.npmjs.org/es-toolkit/-/es-toolkit-1.47.1.tgz. Extracting by manifest.
1714 silly tarball no local data for es-object-atoms@https://registry.npmjs.org/es-object-atoms/-/es-object-atoms-1.1.2.tgz. Extracting by manifest.
1715 silly tarball no local data for es-module-lexer@https://registry.npmjs.org/es-module-lexer/-/es-module-lexer-2.1.0.tgz. Extracting by manifest.
1716 silly tarball no local data for es-errors@https://registry.npmjs.org/es-errors/-/es-errors-1.3.0.tgz. Extracting by manifest.
1717 silly tarball no local data for es-define-property@https://registry.npmjs.org/es-define-property/-/es-define-property-1.0.1.tgz. Extracting by manifest.
1718 silly tarball no local data for error-ex@https://registry.npmjs.org/error-ex/-/error-ex-1.3.4.tgz. Extracting by manifest.
1719 silly tarball no local data for entities@https://registry.npmjs.org/entities/-/entities-8.0.0.tgz. Extracting by manifest.
1720 silly tarball no local data for enquirer@https://registry.npmjs.org/enquirer/-/enquirer-2.4.1.tgz. Extracting by manifest.
1721 silly tarball no local data for enhanced-resolve@https://registry.npmjs.org/enhanced-resolve/-/enhanced-resolve-5.21.6.tgz. Extracting by manifest.
1722 silly tarball no local data for encodeurl@https://registry.npmjs.org/encodeurl/-/encodeurl-2.0.0.tgz. Extracting by manifest.
1723 silly tarball no local data for env-paths@https://registry.npmjs.org/env-paths/-/env-paths-2.2.1.tgz. Extracting by manifest.
1724 silly tarball no local data for emoji-regex@https://registry.npmjs.org/emoji-regex/-/emoji-regex-9.2.2.tgz. Extracting by manifest.
1725 silly tarball no local data for embla-carousel@https://registry.npmjs.org/embla-carousel/-/embla-carousel-8.6.0.tgz. Extracting by manifest.
1726 silly tarball no local data for embla-carousel-react@https://registry.npmjs.org/embla-carousel-react/-/embla-carousel-react-8.6.0.tgz. Extracting by manifest.
1727 silly tarball no local data for elkjs@https://registry.npmjs.org/elkjs/-/elkjs-0.11.1.tgz. Extracting by manifest.
1728 silly tarball no local data for electron-to-chromium@https://registry.npmjs.org/electron-to-chromium/-/electron-to-chromium-1.5.375.tgz. Extracting by manifest.
1729 silly tarball no local data for eciesjs@https://registry.npmjs.org/eciesjs/-/eciesjs-0.4.18.tgz. Extracting by manifest.
1730 silly tarball no local data for ee-first@https://registry.npmjs.org/ee-first/-/ee-first-1.1.1.tgz. Extracting by manifest.
1731 silly tarball no local data for eastasianwidth@https://registry.npmjs.org/eastasianwidth/-/eastasianwidth-0.2.0.tgz. Extracting by manifest.
1732 silly tarball no local data for dunder-proto@https://registry.npmjs.org/dunder-proto/-/dunder-proto-1.0.1.tgz. Extracting by manifest.
1733 silly tarball no local data for dotenv@https://registry.npmjs.org/dotenv/-/dotenv-17.4.2.tgz. Extracting by manifest.
1734 silly tarball no local data for dot-prop@https://registry.npmjs.org/dot-prop/-/dot-prop-6.0.1.tgz. Extracting by manifest.
1735 silly tarball no local data for dompurify@https://registry.npmjs.org/dompurify/-/dompurify-3.4.11.tgz. Extracting by manifest.
1736 silly tarball no local data for dom-accessibility-api@https://registry.npmjs.org/dom-accessibility-api/-/dom-accessibility-api-0.5.16.tgz. Extracting by manifest.
1737 silly tarball no local data for embla-carousel-reactive-utils@https://registry.npmjs.org/embla-carousel-reactive-utils/-/embla-carousel-reactive-utils-8.6.0.tgz. Extracting by manifest.
1738 silly tarball no local data for doctrine@https://registry.npmjs.org/doctrine/-/doctrine-3.0.0.tgz. Extracting by manifest.
1739 silly tarball no local data for diff@https://registry.npmjs.org/diff/-/diff-8.0.4.tgz. Extracting by manifest.
1740 silly tarball no local data for detect-node-es@https://registry.npmjs.org/detect-node-es/-/detect-node-es-1.1.0.tgz. Extracting by manifest.
1741 silly tarball no local data for devlop@https://registry.npmjs.org/devlop/-/devlop-1.1.0.tgz. Extracting by manifest.
1742 silly tarball no local data for detect-libc@https://registry.npmjs.org/detect-libc/-/detect-libc-2.1.2.tgz. Extracting by manifest.
1743 silly tarball no local data for dequal@https://registry.npmjs.org/dequal/-/dequal-2.0.3.tgz. Extracting by manifest.
1744 silly tarball no local data for depd@https://registry.npmjs.org/depd/-/depd-2.0.0.tgz. Extracting by manifest.
1745 silly tarball no local data for delaunator@https://registry.npmjs.org/delaunator/-/delaunator-5.1.0.tgz. Extracting by manifest.
1746 silly tarball no local data for define-lazy-prop@https://registry.npmjs.org/define-lazy-prop/-/define-lazy-prop-3.0.0.tgz. Extracting by manifest.
1747 silly tarball no local data for default-browser-id@https://registry.npmjs.org/default-browser-id/-/default-browser-id-5.0.1.tgz. Extracting by manifest.
1748 silly tarball no local data for default-browser@https://registry.npmjs.org/default-browser/-/default-browser-5.5.0.tgz. Extracting by manifest.
1749 silly tarball no local data for deepmerge@https://registry.npmjs.org/deepmerge/-/deepmerge-4.3.1.tgz. Extracting by manifest.
1750 silly tarball no local data for dedent@https://registry.npmjs.org/dedent/-/dedent-1.7.2.tgz. Extracting by manifest.
1751 silly tarball no local data for deep-eql@https://registry.npmjs.org/deep-eql/-/deep-eql-5.0.2.tgz. Extracting by manifest.
1752 silly tarball no local data for decode-named-character-reference@https://registry.npmjs.org/decode-named-character-reference/-/decode-named-character-reference-1.3.0.tgz. Extracting by manifest.
1753 silly tarball no local data for decimal.js@https://registry.npmjs.org/decimal.js/-/decimal.js-10.6.0.tgz. Extracting by manifest.
1754 silly tarball no local data for deep-is@https://registry.npmjs.org/deep-is/-/deep-is-0.1.4.tgz. Extracting by manifest.
1755 silly tarball no local data for debug@https://registry.npmjs.org/debug/-/debug-4.4.3.tgz. Extracting by manifest.
1756 silly tarball no local data for dayjs@https://registry.npmjs.org/dayjs/-/dayjs-1.11.21.tgz. Extracting by manifest.
1757 silly tarball no local data for data-urls@https://registry.npmjs.org/data-urls/-/data-urls-7.0.0.tgz. Extracting by manifest.
1758 silly tarball no local data for debounce-fn@https://registry.npmjs.org/debounce-fn/-/debounce-fn-4.0.0.tgz. Extracting by manifest.
1759 silly tarball no local data for data-uri-to-buffer@https://registry.npmjs.org/data-uri-to-buffer/-/data-uri-to-buffer-4.0.1.tgz. Extracting by manifest.
1760 silly tarball no local data for dagre-d3-es@https://registry.npmjs.org/dagre-d3-es/-/dagre-d3-es-7.0.14.tgz. Extracting by manifest.
1761 silly tarball no local data for d3-zoom@https://registry.npmjs.org/d3-zoom/-/d3-zoom-3.0.0.tgz. Extracting by manifest.
1762 silly tarball no local data for d3-transition@https://registry.npmjs.org/d3-transition/-/d3-transition-3.0.1.tgz. Extracting by manifest.
1763 silly tarball no local data for d3-timer@https://registry.npmjs.org/d3-timer/-/d3-timer-3.0.1.tgz. Extracting by manifest.
1764 silly tarball no local data for d3-time-format@https://registry.npmjs.org/d3-time-format/-/d3-time-format-3.0.0.tgz. Extracting by manifest.
1765 silly tarball no local data for d3-time@https://registry.npmjs.org/d3-time/-/d3-time-1.1.0.tgz. Extracting by manifest.
1766 silly tarball no local data for d3-shape@https://registry.npmjs.org/d3-shape/-/d3-shape-3.2.0.tgz. Extracting by manifest.
1767 silly tarball no local data for d3-selection@https://registry.npmjs.org/d3-selection/-/d3-selection-3.0.0.tgz. Extracting by manifest.
1768 silly tarball no local data for d3-scale-chromatic@https://registry.npmjs.org/d3-scale-chromatic/-/d3-scale-chromatic-3.1.0.tgz. Extracting by manifest.
1769 silly tarball no local data for d3-scale@https://registry.npmjs.org/d3-scale/-/d3-scale-4.0.2.tgz. Extracting by manifest.
1770 silly tarball no local data for d3-sankey@https://registry.npmjs.org/d3-sankey/-/d3-sankey-0.12.3.tgz. Extracting by manifest.
1771 silly tarball no local data for d3-random@https://registry.npmjs.org/d3-random/-/d3-random-3.0.1.tgz. Extracting by manifest.
1772 silly tarball no local data for d3-quadtree@https://registry.npmjs.org/d3-quadtree/-/d3-quadtree-3.0.1.tgz. Extracting by manifest.
1773 silly tarball no local data for d3-polygon@https://registry.npmjs.org/d3-polygon/-/d3-polygon-3.0.1.tgz. Extracting by manifest.
1774 silly tarball no local data for d3-path@https://registry.npmjs.org/d3-path/-/d3-path-3.1.0.tgz. Extracting by manifest.
1775 silly tarball no local data for d3-interpolate@https://registry.npmjs.org/d3-interpolate/-/d3-interpolate-3.0.1.tgz. Extracting by manifest.
1776 silly tarball no local data for d3-hierarchy@https://registry.npmjs.org/d3-hierarchy/-/d3-hierarchy-3.1.2.tgz. Extracting by manifest.
1777 silly tarball no local data for d3-format@https://registry.npmjs.org/d3-format/-/d3-format-1.4.5.tgz. Extracting by manifest.
1778 silly tarball no local data for d3-force@https://registry.npmjs.org/d3-force/-/d3-force-3.0.0.tgz. Extracting by manifest.
1779 silly tarball no local data for d3-fetch@https://registry.npmjs.org/d3-fetch/-/d3-fetch-3.0.1.tgz. Extracting by manifest.
1780 silly tarball no local data for d3-geo@https://registry.npmjs.org/d3-geo/-/d3-geo-3.1.1.tgz. Extracting by manifest.
1781 silly tarball no local data for d3-ease@https://registry.npmjs.org/d3-ease/-/d3-ease-3.0.1.tgz. Extracting by manifest.
1782 silly tarball no local data for d3-dsv@https://registry.npmjs.org/d3-dsv/-/d3-dsv-3.0.1.tgz. Extracting by manifest.
1783 silly tarball no local data for d3-drag@https://registry.npmjs.org/d3-drag/-/d3-drag-3.0.0.tgz. Extracting by manifest.
1784 silly tarball no local data for d3-dispatch@https://registry.npmjs.org/d3-dispatch/-/d3-dispatch-3.0.1.tgz. Extracting by manifest.
1785 silly tarball no local data for d3-delaunay@https://registry.npmjs.org/d3-delaunay/-/d3-delaunay-6.0.4.tgz. Extracting by manifest.
1786 silly tarball no local data for d3-contour@https://registry.npmjs.org/d3-contour/-/d3-contour-4.0.2.tgz. Extracting by manifest.
1787 silly tarball no local data for d3-color@https://registry.npmjs.org/d3-color/-/d3-color-3.1.0.tgz. Extracting by manifest.
1788 silly tarball no local data for d3-chord@https://registry.npmjs.org/d3-chord/-/d3-chord-3.0.1.tgz. Extracting by manifest.
1789 silly tarball no local data for d3-brush@https://registry.npmjs.org/d3-brush/-/d3-brush-3.0.0.tgz. Extracting by manifest.
1790 silly tarball no local data for d3-axis@https://registry.npmjs.org/d3-axis/-/d3-axis-3.0.0.tgz. Extracting by manifest.
1791 silly tarball no local data for d3-array@https://registry.npmjs.org/d3-array/-/d3-array-3.2.4.tgz. Extracting by manifest.
1792 silly tarball no local data for d3@https://registry.npmjs.org/d3/-/d3-7.9.0.tgz. Extracting by manifest.
1793 silly tarball no local data for cytoscape-fcose@https://registry.npmjs.org/cytoscape-fcose/-/cytoscape-fcose-2.2.0.tgz. Extracting by manifest.
1794 silly tarball no local data for cytoscape-cose-bilkent@https://registry.npmjs.org/cytoscape-cose-bilkent/-/cytoscape-cose-bilkent-4.1.0.tgz. Extracting by manifest.
1795 silly tarball no local data for cytoscape@https://registry.npmjs.org/cytoscape/-/cytoscape-3.34.0.tgz. Extracting by manifest.
1796 silly tarball no local data for geist@https://registry.npmjs.org/geist/-/geist-1.7.2.tgz. Extracting by manifest.
1797 silly tarball no local data for cssesc@https://registry.npmjs.org/cssesc/-/cssesc-3.0.0.tgz. Extracting by manifest.
1798 silly tarball no local data for css.escape@https://registry.npmjs.org/css.escape/-/css.escape-1.5.1.tgz. Extracting by manifest.
1799 silly tarball no local data for css-tree@https://registry.npmjs.org/css-tree/-/css-tree-3.1.0.tgz. Extracting by manifest.
1800 silly tarball no local data for cross-spawn@https://registry.npmjs.org/cross-spawn/-/cross-spawn-7.0.6.tgz. Extracting by manifest.
1801 silly tarball no local data for cosmiconfig@https://registry.npmjs.org/cosmiconfig/-/cosmiconfig-9.0.2.tgz. Extracting by manifest.
1802 silly tarball no local data for cose-base@https://registry.npmjs.org/cose-base/-/cose-base-1.0.3.tgz. Extracting by manifest.
1803 silly tarball no local data for cors@https://registry.npmjs.org/cors/-/cors-2.8.6.tgz. Extracting by manifest.
1804 silly tarball no local data for cookie-signature@https://registry.npmjs.org/cookie-signature/-/cookie-signature-1.2.2.tgz. Extracting by manifest.
1805 silly tarball no local data for cookie@https://registry.npmjs.org/cookie/-/cookie-0.7.2.tgz. Extracting by manifest.
1806 silly tarball no local data for convert-source-map@https://registry.npmjs.org/convert-source-map/-/convert-source-map-2.0.0.tgz. Extracting by manifest.
1807 silly tarball no local data for content-type@https://registry.npmjs.org/content-type/-/content-type-1.0.5.tgz. Extracting by manifest.
1808 silly tarball no local data for content-disposition@https://registry.npmjs.org/content-disposition/-/content-disposition-1.1.0.tgz. Extracting by manifest.
1809 silly tarball no local data for conf@https://registry.npmjs.org/conf/-/conf-10.2.0.tgz. Extracting by manifest.
1810 silly tarball no local data for concat-map@https://registry.npmjs.org/concat-map/-/concat-map-0.0.1.tgz. Extracting by manifest.
1811 silly tarball no local data for commander@https://registry.npmjs.org/commander/-/commander-8.3.0.tgz. Extracting by manifest.
1812 silly tarball no local data for comma-separated-tokens@https://registry.npmjs.org/comma-separated-tokens/-/comma-separated-tokens-2.0.3.tgz. Extracting by manifest.
1813 silly tarball no local data for color-convert@https://registry.npmjs.org/color-convert/-/color-convert-2.0.1.tgz. Extracting by manifest.
1814 silly tarball no local data for code-block-writer@https://registry.npmjs.org/code-block-writer/-/code-block-writer-13.0.3.tgz. Extracting by manifest.
1815 silly tarball no local data for color-name@https://registry.npmjs.org/color-name/-/color-name-1.1.4.tgz. Extracting by manifest.
1816 silly tarball no local data for cmdk@https://registry.npmjs.org/cmdk/-/cmdk-1.1.1.tgz. Extracting by manifest.
1817 silly tarball no local data for cliui@https://registry.npmjs.org/cliui/-/cliui-8.0.1.tgz. Extracting by manifest.
1818 silly tarball no local data for clsx@https://registry.npmjs.org/clsx/-/clsx-2.1.1.tgz. Extracting by manifest.
1819 silly tarball no local data for cli-width@https://registry.npmjs.org/cli-width/-/cli-width-4.1.0.tgz. Extracting by manifest.
1820 silly tarball no local data for client-only@https://registry.npmjs.org/client-only/-/client-only-0.0.1.tgz. Extracting by manifest.
1821 silly tarball no local data for cli-spinners@https://registry.npmjs.org/cli-spinners/-/cli-spinners-2.9.2.tgz. Extracting by manifest.
1822 silly tarball no local data for cli-cursor@https://registry.npmjs.org/cli-cursor/-/cli-cursor-5.0.0.tgz. Extracting by manifest.
1823 silly tarball no local data for classcat@https://registry.npmjs.org/classcat/-/classcat-5.0.5.tgz. Extracting by manifest.
1824 silly tarball no local data for csstype@https://registry.npmjs.org/csstype/-/csstype-3.2.3.tgz. Extracting by manifest.
1825 silly tarball no local data for class-variance-authority@https://registry.npmjs.org/class-variance-authority/-/class-variance-authority-0.7.1.tgz. Extracting by manifest.
1826 silly tarball no local data for character-reference-invalid@https://registry.npmjs.org/character-reference-invalid/-/character-reference-invalid-2.0.1.tgz. Extracting by manifest.
1827 silly tarball no local data for check-error@https://registry.npmjs.org/check-error/-/check-error-2.1.3.tgz. Extracting by manifest.
1828 silly tarball no local data for character-entities-legacy@https://registry.npmjs.org/character-entities-legacy/-/character-entities-legacy-3.0.0.tgz. Extracting by manifest.
1829 silly tarball no local data for character-entities-html4@https://registry.npmjs.org/character-entities-html4/-/character-entities-html4-2.1.0.tgz. Extracting by manifest.
1830 silly tarball no local data for character-entities@https://registry.npmjs.org/character-entities/-/character-entities-2.0.2.tgz. Extracting by manifest.
1831 silly tarball no local data for chalk@https://registry.npmjs.org/chalk/-/chalk-4.1.2.tgz. Extracting by manifest.
1832 silly tarball no local data for ce-la-react@https://registry.npmjs.org/ce-la-react/-/ce-la-react-0.3.2.tgz. Extracting by manifest.
1833 silly tarball no local data for chai@https://registry.npmjs.org/chai/-/chai-5.3.3.tgz. Extracting by manifest.
1834 silly tarball no local data for ccount@https://registry.npmjs.org/ccount/-/ccount-2.0.1.tgz. Extracting by manifest.
1835 silly tarball no local data for caniuse-lite@https://registry.npmjs.org/caniuse-lite/-/caniuse-lite-1.0.30001799.tgz. Extracting by manifest.
1836 silly tarball no local data for callsites@https://registry.npmjs.org/callsites/-/callsites-3.1.0.tgz. Extracting by manifest.
1837 silly tarball no local data for call-bound@https://registry.npmjs.org/call-bound/-/call-bound-1.0.4.tgz. Extracting by manifest.
1838 silly tarball no local data for call-bind-apply-helpers@https://registry.npmjs.org/call-bind-apply-helpers/-/call-bind-apply-helpers-1.0.2.tgz. Extracting by manifest.
1839 silly tarball no local data for bundle-name@https://registry.npmjs.org/bundle-name/-/bundle-name-4.1.0.tgz. Extracting by manifest.
1840 silly tarball no local data for browserslist@https://registry.npmjs.org/browserslist/-/browserslist-4.28.2.tgz. Extracting by manifest.
1841 silly tarball no local data for bytes@https://registry.npmjs.org/bytes/-/bytes-3.1.2.tgz. Extracting by manifest.
1842 silly tarball no local data for braces@https://registry.npmjs.org/braces/-/braces-3.0.3.tgz. Extracting by manifest.
1843 silly tarball no local data for brace-expansion@https://registry.npmjs.org/brace-expansion/-/brace-expansion-1.1.15.tgz. Extracting by manifest.
1844 silly tarball no local data for body-parser@https://registry.npmjs.org/body-parser/-/body-parser-2.3.0.tgz. Extracting by manifest.
1845 silly tarball no local data for bidi-js@https://registry.npmjs.org/bidi-js/-/bidi-js-1.0.3.tgz. Extracting by manifest.
1846 silly tarball no local data for better-opn@https://registry.npmjs.org/better-opn/-/better-opn-3.0.2.tgz. Extracting by manifest.
1847 silly tarball no local data for baseline-browser-mapping@https://registry.npmjs.org/baseline-browser-mapping/-/baseline-browser-mapping-2.10.38.tgz. Extracting by manifest.
1848 silly tarball no local data for balanced-match@https://registry.npmjs.org/balanced-match/-/balanced-match-1.0.2.tgz. Extracting by manifest.
1849 silly tarball no local data for axe-core@https://registry.npmjs.org/axe-core/-/axe-core-4.12.1.tgz. Extracting by manifest.
1850 silly tarball no local data for atomically@https://registry.npmjs.org/atomically/-/atomically-1.7.0.tgz. Extracting by manifest.
1851 silly tarball no local data for ast-types@https://registry.npmjs.org/ast-types/-/ast-types-0.16.1.tgz. Extracting by manifest.
1852 silly tarball no local data for assertion-error@https://registry.npmjs.org/assertion-error/-/assertion-error-2.0.1.tgz. Extracting by manifest.
1853 silly tarball no local data for aria-query@https://registry.npmjs.org/aria-query/-/aria-query-5.3.0.tgz. Extracting by manifest.
1854 silly tarball no local data for aria-hidden@https://registry.npmjs.org/aria-hidden/-/aria-hidden-1.2.6.tgz. Extracting by manifest.
1855 silly tarball no local data for argparse@https://registry.npmjs.org/argparse/-/argparse-2.0.1.tgz. Extracting by manifest.
1856 silly tarball no local data for ansis@https://registry.npmjs.org/ansis/-/ansis-4.3.1.tgz. Extracting by manifest.
1857 silly tarball no local data for ansi-to-react@https://registry.npmjs.org/ansi-to-react/-/ansi-to-react-6.2.6.tgz. Extracting by manifest.
1858 silly tarball no local data for ansi-styles@https://registry.npmjs.org/ansi-styles/-/ansi-styles-4.3.0.tgz. Extracting by manifest.
1859 silly tarball no local data for ansi-regex@https://registry.npmjs.org/ansi-regex/-/ansi-regex-5.0.1.tgz. Extracting by manifest.
1860 silly tarball no local data for ansi-colors@https://registry.npmjs.org/ansi-colors/-/ansi-colors-4.1.3.tgz. Extracting by manifest.
1861 silly tarball no local data for anser@https://registry.npmjs.org/anser/-/anser-2.3.5.tgz. Extracting by manifest.
1862 silly tarball no local data for ajv-formats@https://registry.npmjs.org/ajv-formats/-/ajv-formats-3.0.1.tgz. Extracting by manifest.
1863 silly tarball no local data for ajv@https://registry.npmjs.org/ajv/-/ajv-8.20.0.tgz. Extracting by manifest.
1864 silly tarball no local data for ai@https://registry.npmjs.org/ai/-/ai-6.0.208.tgz. Extracting by manifest.
1865 silly tarball no local data for agent-base@https://registry.npmjs.org/agent-base/-/agent-base-7.1.4.tgz. Extracting by manifest.
1866 silly tarball no local data for acorn-jsx@https://registry.npmjs.org/acorn-jsx/-/acorn-jsx-5.3.2.tgz. Extracting by manifest.
1867 silly tarball no local data for acorn@https://registry.npmjs.org/acorn/-/acorn-8.17.0.tgz. Extracting by manifest.
1868 silly tarball no local data for accepts@https://registry.npmjs.org/accepts/-/accepts-2.0.0.tgz. Extracting by manifest.
1869 silly tarball no local data for @xyflow/react@https://registry.npmjs.org/@xyflow/react/-/react-12.11.0.tgz. Extracting by manifest.
1870 silly tarball no local data for @xyflow/system@https://registry.npmjs.org/@xyflow/system/-/system-0.0.77.tgz. Extracting by manifest.
1871 silly tarball no local data for @vitest/utils@https://registry.npmjs.org/@vitest/utils/-/utils-3.2.4.tgz. Extracting by manifest.
1872 silly tarball no local data for @vitest/spy@https://registry.npmjs.org/@vitest/spy/-/spy-3.2.4.tgz. Extracting by manifest.
1873 silly tarball no local data for @vitest/snapshot@https://registry.npmjs.org/@vitest/snapshot/-/snapshot-4.1.9.tgz. Extracting by manifest.
1874 silly tarball no local data for @vitest/runner@https://registry.npmjs.org/@vitest/runner/-/runner-4.1.9.tgz. Extracting by manifest.
1875 silly tarball no local data for @vitest/pretty-format@https://registry.npmjs.org/@vitest/pretty-format/-/pretty-format-3.2.4.tgz. Extracting by manifest.
1876 silly tarball no local data for @vitest/mocker@https://registry.npmjs.org/@vitest/mocker/-/mocker-3.2.4.tgz. Extracting by manifest.
1877 silly tarball no local data for @vitest/expect@https://registry.npmjs.org/@vitest/expect/-/expect-3.2.4.tgz. Extracting by manifest.
1878 silly tarball no local data for @vercel/oidc@https://registry.npmjs.org/@vercel/oidc/-/oidc-3.2.0.tgz. Extracting by manifest.
1879 silly tarball no local data for @vitejs/plugin-react@https://registry.npmjs.org/@vitejs/plugin-react/-/plugin-react-5.2.0.tgz. Extracting by manifest.
1880 silly tarball no local data for @upsetjs/venn.js@https://registry.npmjs.org/@upsetjs/venn.js/-/venn.js-2.0.0.tgz. Extracting by manifest.
1881 silly tarball no local data for @ungap/structured-clone@https://registry.npmjs.org/@ungap/structured-clone/-/structured-clone-1.3.1.tgz. Extracting by manifest.
1882 silly tarball no local data for @typescript-eslint/visitor-keys@https://registry.npmjs.org/@typescript-eslint/visitor-keys/-/visitor-keys-8.61.1.tgz. Extracting by manifest.
1883 silly tarball no local data for @typescript-eslint/utils@https://registry.npmjs.org/@typescript-eslint/utils/-/utils-8.61.1.tgz. Extracting by manifest.
1884 silly tarball no local data for @typescript-eslint/typescript-estree@https://registry.npmjs.org/@typescript-eslint/typescript-estree/-/typescript-estree-8.61.1.tgz. Extracting by manifest.
1885 silly tarball no local data for @typescript-eslint/types@https://registry.npmjs.org/@typescript-eslint/types/-/types-8.61.1.tgz. Extracting by manifest.
1886 silly tarball no local data for @typescript-eslint/type-utils@https://registry.npmjs.org/@typescript-eslint/type-utils/-/type-utils-8.61.1.tgz. Extracting by manifest.
1887 silly tarball no local data for @typescript-eslint/tsconfig-utils@https://registry.npmjs.org/@typescript-eslint/tsconfig-utils/-/tsconfig-utils-8.61.1.tgz. Extracting by manifest.
1888 silly tarball no local data for @typescript-eslint/scope-manager@https://registry.npmjs.org/@typescript-eslint/scope-manager/-/scope-manager-8.61.1.tgz. Extracting by manifest.
1889 silly tarball no local data for @typescript-eslint/project-service@https://registry.npmjs.org/@typescript-eslint/project-service/-/project-service-8.61.1.tgz. Extracting by manifest.
1890 silly tarball no local data for @typescript-eslint/parser@https://registry.npmjs.org/@typescript-eslint/parser/-/parser-8.61.1.tgz. Extracting by manifest.
1891 silly tarball no local data for @typescript-eslint/eslint-plugin@https://registry.npmjs.org/@typescript-eslint/eslint-plugin/-/eslint-plugin-8.61.1.tgz. Extracting by manifest.
1892 silly tarball no local data for @types/validate-npm-package-name@https://registry.npmjs.org/@types/validate-npm-package-name/-/validate-npm-package-name-4.0.2.tgz. Extracting by manifest.
1893 silly tarball no local data for @types/unist@https://registry.npmjs.org/@types/unist/-/unist-3.0.3.tgz. Extracting by manifest.
1894 silly tarball no local data for @types/trusted-types@https://registry.npmjs.org/@types/trusted-types/-/trusted-types-2.0.7.tgz. Extracting by manifest.
1895 silly tarball no local data for @types/statuses@https://registry.npmjs.org/@types/statuses/-/statuses-2.0.6.tgz. Extracting by manifest.
1896 silly tarball no local data for @types/set-cookie-parser@https://registry.npmjs.org/@types/set-cookie-parser/-/set-cookie-parser-2.4.10.tgz. Extracting by manifest.
1897 silly tarball no local data for @types/resolve@https://registry.npmjs.org/@types/resolve/-/resolve-1.20.6.tgz. Extracting by manifest.
1898 silly tarball no local data for bail@https://registry.npmjs.org/bail/-/bail-2.0.2.tgz. Extracting by manifest.
1899 silly tarball no local data for @types/react-syntax-highlighter@https://registry.npmjs.org/@types/react-syntax-highlighter/-/react-syntax-highlighter-15.5.13.tgz. Extracting by manifest.
1900 silly tarball no local data for @types/react-router-dom@https://registry.npmjs.org/@types/react-router-dom/-/react-router-dom-5.3.3.tgz. Extracting by manifest.
1901 silly tarball no local data for @types/react-router@https://registry.npmjs.org/@types/react-router/-/react-router-5.1.20.tgz. Extracting by manifest.
1902 silly tarball no local data for @types/react-dom@https://registry.npmjs.org/@types/react-dom/-/react-dom-19.2.3.tgz. Extracting by manifest.
1903 silly tarball no local data for @types/react@https://registry.npmjs.org/@types/react/-/react-19.2.17.tgz. Extracting by manifest.
1904 silly tarball no local data for @types/prop-types@https://registry.npmjs.org/@types/prop-types/-/prop-types-15.7.15.tgz. Extracting by manifest.
1905 silly tarball no local data for @types/node@https://registry.npmjs.org/@types/node/-/node-25.9.3.tgz. Extracting by manifest.
1906 silly tarball no local data for @types/ms@https://registry.npmjs.org/@types/ms/-/ms-2.1.0.tgz. Extracting by manifest.
1907 silly tarball no local data for @types/mdx@https://registry.npmjs.org/@types/mdx/-/mdx-2.0.14.tgz. Extracting by manifest.
1908 silly tarball no local data for @types/mdast@https://registry.npmjs.org/@types/mdast/-/mdast-4.0.4.tgz. Extracting by manifest.
1909 silly tarball no local data for @types/lodash@https://registry.npmjs.org/@types/lodash/-/lodash-4.17.24.tgz. Extracting by manifest.
1910 silly tarball no local data for @types/katex@https://registry.npmjs.org/@types/katex/-/katex-0.16.8.tgz. Extracting by manifest.
1911 silly tarball no local data for @types/history@https://registry.npmjs.org/@types/history/-/history-4.7.11.tgz. Extracting by manifest.
1912 silly tarball no local data for @types/hast@https://registry.npmjs.org/@types/hast/-/hast-3.0.4.tgz. Extracting by manifest.
1913 silly tarball no local data for @types/geojson@https://registry.npmjs.org/@types/geojson/-/geojson-7946.0.16.tgz. Extracting by manifest.
1914 silly tarball no local data for @types/estree-jsx@https://registry.npmjs.org/@types/estree-jsx/-/estree-jsx-1.0.5.tgz. Extracting by manifest.
1915 silly tarball no local data for @types/estree@https://registry.npmjs.org/@types/estree/-/estree-1.0.9.tgz. Extracting by manifest.
1916 silly tarball no local data for @types/dompurify@https://registry.npmjs.org/@types/dompurify/-/dompurify-3.2.0.tgz. Extracting by manifest.
1917 silly tarball no local data for @types/json-schema@https://registry.npmjs.org/@types/json-schema/-/json-schema-7.0.15.tgz. Extracting by manifest.
1918 silly tarball no local data for @types/doctrine@https://registry.npmjs.org/@types/doctrine/-/doctrine-0.0.9.tgz. Extracting by manifest.
1919 silly tarball no local data for @types/debug@https://registry.npmjs.org/@types/debug/-/debug-4.1.13.tgz. Extracting by manifest.
1920 silly tarball no local data for @types/deep-eql@https://registry.npmjs.org/@types/deep-eql/-/deep-eql-4.0.2.tgz. Extracting by manifest.
1921 silly tarball no local data for @types/d3-zoom@https://registry.npmjs.org/@types/d3-zoom/-/d3-zoom-3.0.8.tgz. Extracting by manifest.
1922 silly tarball no local data for @types/d3-transition@https://registry.npmjs.org/@types/d3-transition/-/d3-transition-3.0.9.tgz. Extracting by manifest.
1923 silly tarball no local data for @types/d3-timer@https://registry.npmjs.org/@types/d3-timer/-/d3-timer-3.0.2.tgz. Extracting by manifest.
1924 silly tarball no local data for @types/d3-time-format@https://registry.npmjs.org/@types/d3-time-format/-/d3-time-format-2.3.4.tgz. Extracting by manifest.
1925 silly tarball no local data for @types/d3-time@https://registry.npmjs.org/@types/d3-time/-/d3-time-1.1.4.tgz. Extracting by manifest.
1926 silly tarball no local data for @types/d3-shape@https://registry.npmjs.org/@types/d3-shape/-/d3-shape-3.1.8.tgz. Extracting by manifest.
1927 silly tarball no local data for @types/d3-selection@https://registry.npmjs.org/@types/d3-selection/-/d3-selection-3.0.11.tgz. Extracting by manifest.
1928 silly tarball no local data for @types/d3-scale-chromatic@https://registry.npmjs.org/@types/d3-scale-chromatic/-/d3-scale-chromatic-3.1.0.tgz. Extracting by manifest.
1929 silly tarball no local data for @types/d3-scale@https://registry.npmjs.org/@types/d3-scale/-/d3-scale-4.0.9.tgz. Extracting by manifest.
1930 silly tarball no local data for @types/d3-random@https://registry.npmjs.org/@types/d3-random/-/d3-random-3.0.3.tgz. Extracting by manifest.
1931 silly tarball no local data for @types/d3-quadtree@https://registry.npmjs.org/@types/d3-quadtree/-/d3-quadtree-3.0.6.tgz. Extracting by manifest.
1932 silly tarball no local data for @types/d3-polygon@https://registry.npmjs.org/@types/d3-polygon/-/d3-polygon-3.0.2.tgz. Extracting by manifest.
1933 silly tarball no local data for @types/d3-path@https://registry.npmjs.org/@types/d3-path/-/d3-path-3.1.1.tgz. Extracting by manifest.
1934 silly tarball no local data for @types/d3-interpolate@https://registry.npmjs.org/@types/d3-interpolate/-/d3-interpolate-3.0.4.tgz. Extracting by manifest.
1935 silly tarball no local data for @types/d3-hierarchy@https://registry.npmjs.org/@types/d3-hierarchy/-/d3-hierarchy-3.1.7.tgz. Extracting by manifest.
1936 silly tarball no local data for @types/d3-geo@https://registry.npmjs.org/@types/d3-geo/-/d3-geo-3.1.0.tgz. Extracting by manifest.
1937 silly tarball no local data for @types/d3-format@https://registry.npmjs.org/@types/d3-format/-/d3-format-1.4.5.tgz. Extracting by manifest.
1938 silly tarball no local data for @types/d3-force@https://registry.npmjs.org/@types/d3-force/-/d3-force-3.0.10.tgz. Extracting by manifest.
1939 silly tarball no local data for @types/d3-fetch@https://registry.npmjs.org/@types/d3-fetch/-/d3-fetch-3.0.7.tgz. Extracting by manifest.
1940 silly tarball no local data for @types/d3-ease@https://registry.npmjs.org/@types/d3-ease/-/d3-ease-3.0.2.tgz. Extracting by manifest.
1941 silly tarball no local data for @types/d3-dsv@https://registry.npmjs.org/@types/d3-dsv/-/d3-dsv-3.0.7.tgz. Extracting by manifest.
1942 silly tarball no local data for @types/d3-dispatch@https://registry.npmjs.org/@types/d3-dispatch/-/d3-dispatch-3.0.7.tgz. Extracting by manifest.
1943 silly tarball no local data for @types/d3-delaunay@https://registry.npmjs.org/@types/d3-delaunay/-/d3-delaunay-6.0.4.tgz. Extracting by manifest.
1944 silly tarball no local data for @types/d3-contour@https://registry.npmjs.org/@types/d3-contour/-/d3-contour-3.0.6.tgz. Extracting by manifest.
1945 silly tarball no local data for @types/d3-drag@https://registry.npmjs.org/@types/d3-drag/-/d3-drag-3.0.7.tgz. Extracting by manifest.
1946 silly tarball no local data for @types/d3-color@https://registry.npmjs.org/@types/d3-color/-/d3-color-3.1.3.tgz. Extracting by manifest.
1947 silly tarball no local data for @types/d3-chord@https://registry.npmjs.org/@types/d3-chord/-/d3-chord-3.0.6.tgz. Extracting by manifest.
1948 silly tarball no local data for @types/d3-brush@https://registry.npmjs.org/@types/d3-brush/-/d3-brush-3.0.6.tgz. Extracting by manifest.
1949 silly tarball no local data for @types/d3-axis@https://registry.npmjs.org/@types/d3-axis/-/d3-axis-3.0.6.tgz. Extracting by manifest.
1950 silly tarball no local data for @types/d3@https://registry.npmjs.org/@types/d3/-/d3-7.4.3.tgz. Extracting by manifest.
1951 silly tarball no local data for @types/chai@https://registry.npmjs.org/@types/chai/-/chai-5.2.3.tgz. Extracting by manifest.
1952 silly tarball no local data for @types/babel__traverse@https://registry.npmjs.org/@types/babel__traverse/-/babel__traverse-7.28.0.tgz. Extracting by manifest.
1953 silly tarball no local data for @types/babel__template@https://registry.npmjs.org/@types/babel__template/-/babel__template-7.4.4.tgz. Extracting by manifest.
1954 silly tarball no local data for @types/babel__generator@https://registry.npmjs.org/@types/babel__generator/-/babel__generator-7.27.0.tgz. Extracting by manifest.
1955 silly tarball no local data for @types/babel__core@https://registry.npmjs.org/@types/babel__core/-/babel__core-7.20.5.tgz. Extracting by manifest.
1956 silly tarball no local data for @types/d3-array@https://registry.npmjs.org/@types/d3-array/-/d3-array-3.2.2.tgz. Extracting by manifest.
1957 silly tarball no local data for @types/aria-query@https://registry.npmjs.org/@types/aria-query/-/aria-query-5.0.4.tgz. Extracting by manifest.
1958 silly tarball no local data for @ts-morph/common@https://registry.npmjs.org/@ts-morph/common/-/common-0.27.0.tgz. Extracting by manifest.
1959 silly tarball no local data for @tokenlens/helpers@https://registry.npmjs.org/@tokenlens/helpers/-/helpers-1.3.1.tgz. Extracting by manifest.
1960 silly tarball no local data for @tokenlens/models@https://registry.npmjs.org/@tokenlens/models/-/models-1.3.0.tgz. Extracting by manifest.
1961 silly tarball no local data for @tokenlens/fetch@https://registry.npmjs.org/@tokenlens/fetch/-/fetch-1.3.0.tgz. Extracting by manifest.
1962 silly tarball no local data for @tokenlens/core@https://registry.npmjs.org/@tokenlens/core/-/core-1.3.0.tgz. Extracting by manifest.
1963 silly tarball no local data for @testing-library/user-event@https://registry.npmjs.org/@testing-library/user-event/-/user-event-14.6.1.tgz. Extracting by manifest.
1964 silly tarball no local data for @testing-library/react@https://registry.npmjs.org/@testing-library/react/-/react-16.3.2.tgz. Extracting by manifest.
1965 silly tarball no local data for @testing-library/dom@https://registry.npmjs.org/@testing-library/dom/-/dom-10.4.1.tgz. Extracting by manifest.
1966 silly tarball no local data for @tanstack/react-query@https://registry.npmjs.org/@tanstack/react-query/-/react-query-5.101.0.tgz. Extracting by manifest.
1967 silly tarball no local data for @testing-library/jest-dom@https://registry.npmjs.org/@testing-library/jest-dom/-/jest-dom-6.9.1.tgz. Extracting by manifest.
1968 silly tarball no local data for @tanstack/query-core@https://registry.npmjs.org/@tanstack/query-core/-/query-core-5.101.0.tgz. Extracting by manifest.
1969 silly tarball no local data for @tailwindcss/vite@https://registry.npmjs.org/@tailwindcss/vite/-/vite-4.3.1.tgz. Extracting by manifest.
1970 silly tarball no local data for @tailwindcss/typography@https://registry.npmjs.org/@tailwindcss/typography/-/typography-0.5.20.tgz. Extracting by manifest.
1971 silly tarball no local data for @tailwindcss/oxide-linux-x64-gnu@https://registry.npmjs.org/@tailwindcss/oxide-linux-x64-gnu/-/oxide-linux-x64-gnu-4.3.1.tgz. Extracting by manifest.
1972 silly tarball no local data for @tailwindcss/oxide@https://registry.npmjs.org/@tailwindcss/oxide/-/oxide-4.3.1.tgz. Extracting by manifest.
1973 silly tarball no local data for @tailwindcss/node@https://registry.npmjs.org/@tailwindcss/node/-/node-4.3.1.tgz. Extracting by manifest.
1974 silly tarball no local data for @streamdown/mermaid@https://registry.npmjs.org/@streamdown/mermaid/-/mermaid-1.0.2.tgz. Extracting by manifest.
1975 silly tarball no local data for @swc/helpers@https://registry.npmjs.org/@swc/helpers/-/helpers-0.5.15.tgz. Extracting by manifest.
1976 silly tarball no local data for @streamdown/math@https://registry.npmjs.org/@streamdown/math/-/math-1.0.2.tgz. Extracting by manifest.
1977 silly tarball no local data for @streamdown/code@https://registry.npmjs.org/@streamdown/code/-/code-1.1.1.tgz. Extracting by manifest.
1978 silly tarball no local data for @streamdown/cjk@https://registry.npmjs.org/@streamdown/cjk/-/cjk-1.0.3.tgz. Extracting by manifest.
1979 silly tarball no local data for @storybook/react-vite@https://registry.npmjs.org/@storybook/react-vite/-/react-vite-9.1.19.tgz. Extracting by manifest.
1980 silly tarball no local data for @storybook/react-dom-shim@https://registry.npmjs.org/@storybook/react-dom-shim/-/react-dom-shim-9.1.19.tgz. Extracting by manifest.
1981 silly tarball no local data for @storybook/react@https://registry.npmjs.org/@storybook/react/-/react-9.1.19.tgz. Extracting by manifest.
1982 silly tarball no local data for @storybook/icons@https://registry.npmjs.org/@storybook/icons/-/icons-1.6.0.tgz. Extracting by manifest.
1983 silly tarball no local data for @storybook/global@https://registry.npmjs.org/@storybook/global/-/global-5.0.0.tgz. Extracting by manifest.
1984 silly tarball no local data for @storybook/builder-vite@https://registry.npmjs.org/@storybook/builder-vite/-/builder-vite-9.1.19.tgz. Extracting by manifest.
1985 silly tarball no local data for @storybook/csf-plugin@https://registry.npmjs.org/@storybook/csf-plugin/-/csf-plugin-9.1.19.tgz. Extracting by manifest.
1986 silly tarball no local data for @storybook/addon-links@https://registry.npmjs.org/@storybook/addon-links/-/addon-links-9.1.19.tgz. Extracting by manifest.
1987 silly tarball no local data for @storybook/addon-docs@https://registry.npmjs.org/@storybook/addon-docs/-/addon-docs-9.1.19.tgz. Extracting by manifest.
1988 silly tarball no local data for @storybook/addon-a11y@https://registry.npmjs.org/@storybook/addon-a11y/-/addon-a11y-9.1.19.tgz. Extracting by manifest.
1989 silly tarball no local data for @standard-schema/spec@https://registry.npmjs.org/@standard-schema/spec/-/spec-1.1.0.tgz. Extracting by manifest.
1990 silly tarball no local data for @sigma/edge-curve@https://registry.npmjs.org/@sigma/edge-curve/-/edge-curve-3.1.0.tgz. Extracting by manifest.
1991 silly tarball no local data for @shikijs/vscode-textmate@https://registry.npmjs.org/@shikijs/vscode-textmate/-/vscode-textmate-10.0.2.tgz. Extracting by manifest.
1992 silly tarball no local data for @shikijs/types@https://registry.npmjs.org/@shikijs/types/-/types-4.2.0.tgz. Extracting by manifest.
1993 silly tarball no local data for @shikijs/themes@https://registry.npmjs.org/@shikijs/themes/-/themes-4.2.0.tgz. Extracting by manifest.
1994 silly tarball no local data for @sindresorhus/merge-streams@https://registry.npmjs.org/@sindresorhus/merge-streams/-/merge-streams-4.0.0.tgz. Extracting by manifest.
1995 silly tarball no local data for @shikijs/primitive@https://registry.npmjs.org/@shikijs/primitive/-/primitive-4.2.0.tgz. Extracting by manifest.
1996 silly tarball no local data for @shikijs/langs@https://registry.npmjs.org/@shikijs/langs/-/langs-4.2.0.tgz. Extracting by manifest.
1997 silly tarball no local data for @shikijs/engine-oniguruma@https://registry.npmjs.org/@shikijs/engine-oniguruma/-/engine-oniguruma-4.2.0.tgz. Extracting by manifest.
1998 silly tarball no local data for @shikijs/core@https://registry.npmjs.org/@shikijs/core/-/core-4.2.0.tgz. Extracting by manifest.
1999 silly tarball no local data for @sec-ant/readable-stream@https://registry.npmjs.org/@sec-ant/readable-stream/-/readable-stream-0.4.1.tgz. Extracting by manifest.
2000 silly tarball no local data for @rollup/rollup-linux-x64-gnu@https://registry.npmjs.org/@rollup/rollup-linux-x64-gnu/-/rollup-linux-x64-gnu-4.62.0.tgz. Extracting by manifest.
2001 silly tarball no local data for @rollup/pluginutils@https://registry.npmjs.org/@rollup/pluginutils/-/pluginutils-5.4.0.tgz. Extracting by manifest.
2002 silly tarball no local data for @shikijs/engine-javascript@https://registry.npmjs.org/@shikijs/engine-javascript/-/engine-javascript-4.2.0.tgz. Extracting by manifest.
2003 silly tarball no local data for @rolldown/pluginutils@https://registry.npmjs.org/@rolldown/pluginutils/-/pluginutils-1.0.0-rc.3.tgz. Extracting by manifest.
2004 silly tarball no local data for @rive-app/react-webgl2@https://registry.npmjs.org/@rive-app/react-webgl2/-/react-webgl2-4.29.1.tgz. Extracting by manifest.
2005 silly tarball no local data for @react-spring/web@https://registry.npmjs.org/@react-spring/web/-/web-10.1.1.tgz. Extracting by manifest.
2006 silly tarball no local data for @react-spring/types@https://registry.npmjs.org/@react-spring/types/-/types-10.1.1.tgz. Extracting by manifest.
2007 silly tarball no local data for @react-spring/shared@https://registry.npmjs.org/@react-spring/shared/-/shared-10.1.1.tgz. Extracting by manifest.
2008 silly tarball no local data for @react-spring/rafz@https://registry.npmjs.org/@react-spring/rafz/-/rafz-10.1.1.tgz. Extracting by manifest.
2009 silly tarball no local data for @react-spring/core@https://registry.npmjs.org/@react-spring/core/-/core-10.1.1.tgz. Extracting by manifest.
2010 silly tarball no local data for @react-spring/animated@https://registry.npmjs.org/@react-spring/animated/-/animated-10.1.1.tgz. Extracting by manifest.
2011 silly tarball no local data for @radix-ui/rect@https://registry.npmjs.org/@radix-ui/rect/-/rect-1.1.2.tgz. Extracting by manifest.
2012 silly tarball no local data for @radix-ui/react-visually-hidden@https://registry.npmjs.org/@radix-ui/react-visually-hidden/-/react-visually-hidden-1.2.6.tgz. Extracting by manifest.
2013 silly tarball no local data for @radix-ui/react-use-size@https://registry.npmjs.org/@radix-ui/react-use-size/-/react-use-size-1.1.2.tgz. Extracting by manifest.
2014 silly tarball no local data for @rive-app/webgl2@https://registry.npmjs.org/@rive-app/webgl2/-/webgl2-2.38.1.tgz. Extracting by manifest.
2015 silly tarball no local data for @radix-ui/react-use-rect@https://registry.npmjs.org/@radix-ui/react-use-rect/-/react-use-rect-1.1.2.tgz. Extracting by manifest.
2016 silly tarball no local data for @radix-ui/react-use-previous@https://registry.npmjs.org/@radix-ui/react-use-previous/-/react-use-previous-1.1.2.tgz. Extracting by manifest.
2017 silly tarball no local data for @radix-ui/react-use-layout-effect@https://registry.npmjs.org/@radix-ui/react-use-layout-effect/-/react-use-layout-effect-1.1.2.tgz. Extracting by manifest.
2018 silly tarball no local data for @radix-ui/react-use-is-hydrated@https://registry.npmjs.org/@radix-ui/react-use-is-hydrated/-/react-use-is-hydrated-0.1.1.tgz. Extracting by manifest.
2019 silly tarball no local data for @radix-ui/react-use-escape-keydown@https://registry.npmjs.org/@radix-ui/react-use-escape-keydown/-/react-use-escape-keydown-1.1.2.tgz. Extracting by manifest.
2020 silly tarball no local data for @radix-ui/react-use-effect-event@https://registry.npmjs.org/@radix-ui/react-use-effect-event/-/react-use-effect-event-0.0.3.tgz. Extracting by manifest.
2021 silly tarball no local data for @radix-ui/react-use-callback-ref@https://registry.npmjs.org/@radix-ui/react-use-callback-ref/-/react-use-callback-ref-1.1.2.tgz. Extracting by manifest.
2022 silly tarball no local data for @radix-ui/react-tooltip@https://registry.npmjs.org/@radix-ui/react-tooltip/-/react-tooltip-1.2.10.tgz. Extracting by manifest.
2023 silly tarball no local data for @radix-ui/react-toolbar@https://registry.npmjs.org/@radix-ui/react-toolbar/-/react-toolbar-1.1.13.tgz. Extracting by manifest.
2024 silly tarball no local data for @radix-ui/react-use-controllable-state@https://registry.npmjs.org/@radix-ui/react-use-controllable-state/-/react-use-controllable-state-1.2.3.tgz. Extracting by manifest.
2025 silly tarball no local data for @radix-ui/react-toggle-group@https://registry.npmjs.org/@radix-ui/react-toggle-group/-/react-toggle-group-1.1.13.tgz. Extracting by manifest.
2026 silly tarball no local data for @radix-ui/react-toggle@https://registry.npmjs.org/@radix-ui/react-toggle/-/react-toggle-1.1.12.tgz. Extracting by manifest.
2027 silly tarball no local data for @radix-ui/react-toast@https://registry.npmjs.org/@radix-ui/react-toast/-/react-toast-1.2.17.tgz. Extracting by manifest.
2028 silly tarball no local data for @radix-ui/react-tabs@https://registry.npmjs.org/@radix-ui/react-tabs/-/react-tabs-1.1.15.tgz. Extracting by manifest.
2029 silly tarball no local data for @radix-ui/react-switch@https://registry.npmjs.org/@radix-ui/react-switch/-/react-switch-1.3.1.tgz. Extracting by manifest.
2030 silly tarball no local data for @radix-ui/react-slot@https://registry.npmjs.org/@radix-ui/react-slot/-/react-slot-1.3.0.tgz. Extracting by manifest.
2031 silly tarball no local data for @radix-ui/react-slider@https://registry.npmjs.org/@radix-ui/react-slider/-/react-slider-1.4.1.tgz. Extracting by manifest.
2032 silly tarball no local data for @radix-ui/react-separator@https://registry.npmjs.org/@radix-ui/react-separator/-/react-separator-1.1.10.tgz. Extracting by manifest.
2033 silly tarball no local data for @radix-ui/react-select@https://registry.npmjs.org/@radix-ui/react-select/-/react-select-2.3.1.tgz. Extracting by manifest.
2034 silly tarball no local data for @radix-ui/react-scroll-area@https://registry.npmjs.org/@radix-ui/react-scroll-area/-/react-scroll-area-1.2.12.tgz. Extracting by manifest.
2035 silly tarball no local data for @radix-ui/react-roving-focus@https://registry.npmjs.org/@radix-ui/react-roving-focus/-/react-roving-focus-1.1.13.tgz. Extracting by manifest.
2036 silly tarball no local data for @radix-ui/react-radio-group@https://registry.npmjs.org/@radix-ui/react-radio-group/-/react-radio-group-1.4.1.tgz. Extracting by manifest.
2037 silly tarball no local data for @radix-ui/react-progress@https://registry.npmjs.org/@radix-ui/react-progress/-/react-progress-1.1.10.tgz. Extracting by manifest.
2038 silly tarball no local data for @radix-ui/react-primitive@https://registry.npmjs.org/@radix-ui/react-primitive/-/react-primitive-2.1.6.tgz. Extracting by manifest.
2039 silly tarball no local data for @radix-ui/react-portal@https://registry.npmjs.org/@radix-ui/react-portal/-/react-portal-1.1.12.tgz. Extracting by manifest.
2040 silly tarball no local data for @radix-ui/react-popper@https://registry.npmjs.org/@radix-ui/react-popper/-/react-popper-1.3.1.tgz. Extracting by manifest.
2041 silly tarball no local data for @radix-ui/react-popover@https://registry.npmjs.org/@radix-ui/react-popover/-/react-popover-1.1.17.tgz. Extracting by manifest.
2042 silly tarball no local data for @radix-ui/react-password-toggle-field@https://registry.npmjs.org/@radix-ui/react-password-toggle-field/-/react-password-toggle-field-0.1.5.tgz. Extracting by manifest.
2043 silly tarball no local data for @radix-ui/react-one-time-password-field@https://registry.npmjs.org/@radix-ui/react-one-time-password-field/-/react-one-time-password-field-0.1.10.tgz. Extracting by manifest.
2044 silly tarball no local data for @radix-ui/react-navigation-menu@https://registry.npmjs.org/@radix-ui/react-navigation-menu/-/react-navigation-menu-1.2.16.tgz. Extracting by manifest.
2045 silly tarball no local data for @radix-ui/react-menubar@https://registry.npmjs.org/@radix-ui/react-menubar/-/react-menubar-1.1.18.tgz. Extracting by manifest.
2046 silly tarball no local data for @radix-ui/react-label@https://registry.npmjs.org/@radix-ui/react-label/-/react-label-2.1.10.tgz. Extracting by manifest.
2047 silly tarball no local data for @radix-ui/react-id@https://registry.npmjs.org/@radix-ui/react-id/-/react-id-1.1.2.tgz. Extracting by manifest.
2048 silly tarball no local data for @radix-ui/react-hover-card@https://registry.npmjs.org/@radix-ui/react-hover-card/-/react-hover-card-1.1.17.tgz. Extracting by manifest.
2049 silly tarball no local data for @radix-ui/react-form@https://registry.npmjs.org/@radix-ui/react-form/-/react-form-0.1.10.tgz. Extracting by manifest.
2050 silly tarball no local data for @radix-ui/react-presence@https://registry.npmjs.org/@radix-ui/react-presence/-/react-presence-1.1.6.tgz. Extracting by manifest.
2051 silly tarball no local data for @radix-ui/react-focus-scope@https://registry.npmjs.org/@radix-ui/react-focus-scope/-/react-focus-scope-1.1.10.tgz. Extracting by manifest.
2052 silly tarball no local data for @radix-ui/react-focus-guards@https://registry.npmjs.org/@radix-ui/react-focus-guards/-/react-focus-guards-1.1.4.tgz. Extracting by manifest.
2053 silly tarball no local data for @radix-ui/react-dropdown-menu@https://registry.npmjs.org/@radix-ui/react-dropdown-menu/-/react-dropdown-menu-2.1.18.tgz. Extracting by manifest.
2054 silly tarball no local data for @radix-ui/react-dismissable-layer@https://registry.npmjs.org/@radix-ui/react-dismissable-layer/-/react-dismissable-layer-1.1.13.tgz. Extracting by manifest.
2055 silly tarball no local data for @radix-ui/react-direction@https://registry.npmjs.org/@radix-ui/react-direction/-/react-direction-1.1.2.tgz. Extracting by manifest.
2056 silly tarball no local data for @radix-ui/react-dialog@https://registry.npmjs.org/@radix-ui/react-dialog/-/react-dialog-1.1.17.tgz. Extracting by manifest.
2057 silly tarball no local data for @radix-ui/react-context-menu@https://registry.npmjs.org/@radix-ui/react-context-menu/-/react-context-menu-2.3.1.tgz. Extracting by manifest.
2058 silly tarball no local data for @radix-ui/react-context@https://registry.npmjs.org/@radix-ui/react-context/-/react-context-1.1.4.tgz. Extracting by manifest.
2059 silly tarball no local data for @radix-ui/react-compose-refs@https://registry.npmjs.org/@radix-ui/react-compose-refs/-/react-compose-refs-1.1.3.tgz. Extracting by manifest.
2060 silly tarball no local data for @radix-ui/react-collection@https://registry.npmjs.org/@radix-ui/react-collection/-/react-collection-1.1.10.tgz. Extracting by manifest.
2061 silly tarball no local data for @radix-ui/react-collapsible@https://registry.npmjs.org/@radix-ui/react-collapsible/-/react-collapsible-1.1.14.tgz. Extracting by manifest.
2062 silly tarball no local data for @radix-ui/react-checkbox@https://registry.npmjs.org/@radix-ui/react-checkbox/-/react-checkbox-1.3.5.tgz. Extracting by manifest.
2063 silly tarball no local data for @radix-ui/react-avatar@https://registry.npmjs.org/@radix-ui/react-avatar/-/react-avatar-1.2.0.tgz. Extracting by manifest.
2064 silly tarball no local data for @radix-ui/react-arrow@https://registry.npmjs.org/@radix-ui/react-arrow/-/react-arrow-1.1.10.tgz. Extracting by manifest.
2065 silly tarball no local data for @radix-ui/react-alert-dialog@https://registry.npmjs.org/@radix-ui/react-alert-dialog/-/react-alert-dialog-1.1.17.tgz. Extracting by manifest.
2066 silly tarball no local data for @radix-ui/react-menu@https://registry.npmjs.org/@radix-ui/react-menu/-/react-menu-2.1.18.tgz. Extracting by manifest.
2067 silly tarball no local data for @radix-ui/react-accordion@https://registry.npmjs.org/@radix-ui/react-accordion/-/react-accordion-1.2.14.tgz. Extracting by manifest.
2068 silly tarball no local data for @radix-ui/react-aspect-ratio@https://registry.npmjs.org/@radix-ui/react-aspect-ratio/-/react-aspect-ratio-1.1.10.tgz. Extracting by manifest.
2069 silly tarball no local data for @radix-ui/react-accessible-icon@https://registry.npmjs.org/@radix-ui/react-accessible-icon/-/react-accessible-icon-1.1.10.tgz. Extracting by manifest.
2070 silly tarball no local data for @radix-ui/primitive@https://registry.npmjs.org/@radix-ui/primitive/-/primitive-1.1.4.tgz. Extracting by manifest.
2071 silly tarball no local data for @radix-ui/number@https://registry.npmjs.org/@radix-ui/number/-/number-1.1.2.tgz. Extracting by manifest.
2072 silly tarball no local data for @pkgjs/parseargs@https://registry.npmjs.org/@pkgjs/parseargs/-/parseargs-0.11.0.tgz. Extracting by manifest.
2073 silly tarball no local data for @open-draft/until@https://registry.npmjs.org/@open-draft/until/-/until-2.1.0.tgz. Extracting by manifest.
2074 silly tarball no local data for @open-draft/logger@https://registry.npmjs.org/@open-draft/logger/-/logger-0.3.0.tgz. Extracting by manifest.
2075 silly tarball no local data for @opentelemetry/api@https://registry.npmjs.org/@opentelemetry/api/-/api-1.9.1.tgz. Extracting by manifest.
2076 silly tarball no local data for @open-draft/deferred-promise@https://registry.npmjs.org/@open-draft/deferred-promise/-/deferred-promise-3.0.0.tgz. Extracting by manifest.
2077 silly tarball no local data for @nodelib/fs.walk@https://registry.npmjs.org/@nodelib/fs.walk/-/fs.walk-1.2.8.tgz. Extracting by manifest.
2078 silly tarball no local data for @nodelib/fs.stat@https://registry.npmjs.org/@nodelib/fs.stat/-/fs.stat-2.0.5.tgz. Extracting by manifest.
2079 silly tarball no local data for @nodelib/fs.scandir@https://registry.npmjs.org/@nodelib/fs.scandir/-/fs.scandir-2.1.5.tgz. Extracting by manifest.
2080 silly tarball no local data for @noble/hashes@https://registry.npmjs.org/@noble/hashes/-/hashes-1.8.0.tgz. Extracting by manifest.
2081 silly tarball no local data for @noble/curves@https://registry.npmjs.org/@noble/curves/-/curves-1.9.7.tgz. Extracting by manifest.
2082 silly tarball no local data for @noble/ciphers@https://registry.npmjs.org/@noble/ciphers/-/ciphers-1.3.0.tgz. Extracting by manifest.
2083 silly tarball no local data for @nivo/voronoi@https://registry.npmjs.org/@nivo/voronoi/-/voronoi-0.99.0.tgz. Extracting by manifest.
2084 silly tarball no local data for @nivo/tooltip@https://registry.npmjs.org/@nivo/tooltip/-/tooltip-0.99.0.tgz. Extracting by manifest.
2085 silly tarball no local data for @nivo/theming@https://registry.npmjs.org/@nivo/theming/-/theming-0.99.0.tgz. Extracting by manifest.
2086 silly tarball no local data for @nivo/text@https://registry.npmjs.org/@nivo/text/-/text-0.99.0.tgz. Extracting by manifest.
2087 silly tarball no local data for @nivo/scales@https://registry.npmjs.org/@nivo/scales/-/scales-0.99.0.tgz. Extracting by manifest.
2088 silly tarball no local data for @nivo/radar@https://registry.npmjs.org/@nivo/radar/-/radar-0.99.0.tgz. Extracting by manifest.
2089 silly tarball no local data for @nivo/line@https://registry.npmjs.org/@nivo/line/-/line-0.99.0.tgz. Extracting by manifest.
2090 silly tarball no local data for @nivo/legends@https://registry.npmjs.org/@nivo/legends/-/legends-0.99.0.tgz. Extracting by manifest.
2091 silly tarball no local data for @nivo/core@https://registry.npmjs.org/@nivo/core/-/core-0.99.0.tgz. Extracting by manifest.
2092 silly tarball no local data for @nivo/colors@https://registry.npmjs.org/@nivo/colors/-/colors-0.99.0.tgz. Extracting by manifest.
2093 silly tarball no local data for @nivo/canvas@https://registry.npmjs.org/@nivo/canvas/-/canvas-0.99.0.tgz. Extracting by manifest.
2094 silly tarball no local data for @nivo/bar@https://registry.npmjs.org/@nivo/bar/-/bar-0.99.0.tgz. Extracting by manifest.
2095 silly tarball no local data for @nivo/axes@https://registry.npmjs.org/@nivo/axes/-/axes-0.99.0.tgz. Extracting by manifest.
2096 silly tarball no local data for @nivo/annotations@https://registry.npmjs.org/@nivo/annotations/-/annotations-0.99.0.tgz. Extracting by manifest.
2097 silly tarball no local data for @next/swc-linux-x64-gnu@https://registry.npmjs.org/@next/swc-linux-x64-gnu/-/swc-linux-x64-gnu-16.2.9.tgz. Extracting by manifest.
2098 silly tarball no local data for @mswjs/interceptors@https://registry.npmjs.org/@mswjs/interceptors/-/interceptors-0.41.9.tgz. Extracting by manifest.
2099 silly tarball no local data for @next/env@https://registry.npmjs.org/@next/env/-/env-16.2.9.tgz. Extracting by manifest.
2100 silly tarball no local data for @modelcontextprotocol/sdk@https://registry.npmjs.org/@modelcontextprotocol/sdk/-/sdk-1.29.0.tgz. Extracting by manifest.
2101 silly tarball no local data for @mermaid-js/parser@https://registry.npmjs.org/@mermaid-js/parser/-/parser-1.1.1.tgz. Extracting by manifest.
2102 silly tarball no local data for @mdx-js/react@https://registry.npmjs.org/@mdx-js/react/-/react-3.1.1.tgz. Extracting by manifest.
2103 silly tarball no local data for @jsdevtools/ono@https://registry.npmjs.org/@jsdevtools/ono/-/ono-7.1.3.tgz. Extracting by manifest.
2104 silly tarball no local data for @jridgewell/sourcemap-codec@https://registry.npmjs.org/@jridgewell/sourcemap-codec/-/sourcemap-codec-1.5.5.tgz. Extracting by manifest.
2105 silly tarball no local data for @jridgewell/resolve-uri@https://registry.npmjs.org/@jridgewell/resolve-uri/-/resolve-uri-3.1.2.tgz. Extracting by manifest.
2106 silly tarball no local data for @jridgewell/remapping@https://registry.npmjs.org/@jridgewell/remapping/-/remapping-2.3.5.tgz. Extracting by manifest.
2107 silly tarball no local data for @jridgewell/gen-mapping@https://registry.npmjs.org/@jridgewell/gen-mapping/-/gen-mapping-0.3.13.tgz. Extracting by manifest.
2108 silly tarball no local data for @joshwooding/vite-plugin-react-docgen-typescript@https://registry.npmjs.org/@joshwooding/vite-plugin-react-docgen-typescript/-/vite-plugin-react-docgen-typescript-0.6.1.tgz. Extracting by manifest.
2109 silly tarball no local data for @isaacs/cliui@https://registry.npmjs.org/@isaacs/cliui/-/cliui-8.0.2.tgz. Extracting by manifest.
2110 silly tarball no local data for @inquirer/type@https://registry.npmjs.org/@inquirer/type/-/type-4.0.7.tgz. Extracting by manifest.
2111 silly tarball no local data for @inquirer/figures@https://registry.npmjs.org/@inquirer/figures/-/figures-2.0.7.tgz. Extracting by manifest.
2112 silly tarball no local data for @jridgewell/trace-mapping@https://registry.npmjs.org/@jridgewell/trace-mapping/-/trace-mapping-0.3.31.tgz. Extracting by manifest.
2113 silly tarball no local data for @inquirer/core@https://registry.npmjs.org/@inquirer/core/-/core-11.2.1.tgz. Extracting by manifest.
2114 silly tarball no local data for @inquirer/confirm@https://registry.npmjs.org/@inquirer/confirm/-/confirm-6.1.1.tgz. Extracting by manifest.
2115 silly tarball no local data for @inquirer/ansi@https://registry.npmjs.org/@inquirer/ansi/-/ansi-2.0.7.tgz. Extracting by manifest.
2116 silly tarball no local data for @img/sharp-linux-x64@https://registry.npmjs.org/@img/sharp-linux-x64/-/sharp-linux-x64-0.34.5.tgz. Extracting by manifest.
2117 silly tarball no local data for @iconify/utils@https://registry.npmjs.org/@iconify/utils/-/utils-3.1.3.tgz. Extracting by manifest.
2118 silly tarball no local data for @iconify/types@https://registry.npmjs.org/@iconify/types/-/types-2.0.0.tgz. Extracting by manifest.
2119 silly tarball no local data for @img/colour@https://registry.npmjs.org/@img/colour/-/colour-1.1.0.tgz. Extracting by manifest.
2120 silly tarball no local data for @humanwhocodes/retry@https://registry.npmjs.org/@humanwhocodes/retry/-/retry-0.4.3.tgz. Extracting by manifest.
2121 silly tarball no local data for @humanfs/types@https://registry.npmjs.org/@humanfs/types/-/types-0.15.0.tgz. Extracting by manifest.
2122 silly tarball no local data for @humanfs/node@https://registry.npmjs.org/@humanfs/node/-/node-0.16.8.tgz. Extracting by manifest.
2123 silly tarball no local data for @humanfs/core@https://registry.npmjs.org/@humanfs/core/-/core-0.19.2.tgz. Extracting by manifest.
2124 silly tarball no local data for @hugeicons/react@https://registry.npmjs.org/@hugeicons/react/-/react-1.1.7.tgz. Extracting by manifest.
2125 silly tarball no local data for @hugeicons/core-free-icons@https://registry.npmjs.org/@hugeicons/core-free-icons/-/core-free-icons-3.3.0.tgz. Extracting by manifest.
2126 silly tarball no local data for @hono/node-server@https://registry.npmjs.org/@hono/node-server/-/node-server-1.19.14.tgz. Extracting by manifest.
2127 silly tarball no local data for @fontsource-variable/geist@https://registry.npmjs.org/@fontsource-variable/geist/-/geist-5.2.9.tgz. Extracting by manifest.
2128 silly tarball no local data for @fontsource-variable/geist-mono@https://registry.npmjs.org/@fontsource-variable/geist-mono/-/geist-mono-5.2.8.tgz. Extracting by manifest.
2129 silly tarball no local data for @floating-ui/utils@https://registry.npmjs.org/@floating-ui/utils/-/utils-0.2.11.tgz. Extracting by manifest.
2130 silly tarball no local data for @floating-ui/react-dom@https://registry.npmjs.org/@floating-ui/react-dom/-/react-dom-2.1.8.tgz. Extracting by manifest.
2131 silly tarball no local data for @floating-ui/dom@https://registry.npmjs.org/@floating-ui/dom/-/dom-1.7.6.tgz. Extracting by manifest.
2132 silly tarball no local data for @floating-ui/core@https://registry.npmjs.org/@floating-ui/core/-/core-1.7.5.tgz. Extracting by manifest.
2133 silly tarball no local data for @humanwhocodes/module-importer@https://registry.npmjs.org/@humanwhocodes/module-importer/-/module-importer-1.0.1.tgz. Extracting by manifest.
2134 silly tarball no local data for @exodus/bytes@https://registry.npmjs.org/@exodus/bytes/-/bytes-1.15.1.tgz. Extracting by manifest.
2135 silly tarball no local data for @eslint/plugin-kit@https://registry.npmjs.org/@eslint/plugin-kit/-/plugin-kit-0.4.1.tgz. Extracting by manifest.
2136 silly tarball no local data for @eslint/object-schema@https://registry.npmjs.org/@eslint/object-schema/-/object-schema-2.1.7.tgz. Extracting by manifest.
2137 silly tarball no local data for @eslint/js@https://registry.npmjs.org/@eslint/js/-/js-9.39.4.tgz. Extracting by manifest.
2138 silly tarball no local data for @eslint/eslintrc@https://registry.npmjs.org/@eslint/eslintrc/-/eslintrc-3.3.5.tgz. Extracting by manifest.
2139 silly tarball no local data for @eslint/config-helpers@https://registry.npmjs.org/@eslint/config-helpers/-/config-helpers-0.4.2.tgz. Extracting by manifest.
2140 silly tarball no local data for @eslint/config-array@https://registry.npmjs.org/@eslint/config-array/-/config-array-0.21.2.tgz. Extracting by manifest.
2141 silly tarball no local data for @eslint-community/regexpp@https://registry.npmjs.org/@eslint-community/regexpp/-/regexpp-4.12.2.tgz. Extracting by manifest.
2142 silly tarball no local data for @eslint/core@https://registry.npmjs.org/@eslint/core/-/core-0.17.0.tgz. Extracting by manifest.
2143 silly tarball no local data for @eslint-community/eslint-utils@https://registry.npmjs.org/@eslint-community/eslint-utils/-/eslint-utils-4.9.1.tgz. Extracting by manifest.
2144 silly tarball no local data for @esbuild/linux-x64@https://registry.npmjs.org/@esbuild/linux-x64/-/linux-x64-0.25.12.tgz. Extracting by manifest.
2145 silly tarball no local data for @ecies/ciphers@https://registry.npmjs.org/@ecies/ciphers/-/ciphers-0.2.6.tgz. Extracting by manifest.
2146 silly tarball no local data for @dotenvx/dotenvx@https://registry.npmjs.org/@dotenvx/dotenvx/-/dotenvx-1.73.1.tgz. Extracting by manifest.
2147 silly tarball no local data for @csstools/css-tokenizer@https://registry.npmjs.org/@csstools/css-tokenizer/-/css-tokenizer-4.0.0.tgz. Extracting by manifest.
2148 silly tarball no local data for @csstools/css-parser-algorithms@https://registry.npmjs.org/@csstools/css-parser-algorithms/-/css-parser-algorithms-4.0.0.tgz. Extracting by manifest.
2149 silly tarball no local data for @csstools/css-color-parser@https://registry.npmjs.org/@csstools/css-color-parser/-/css-color-parser-4.1.7.tgz. Extracting by manifest.
2150 silly tarball no local data for @csstools/css-calc@https://registry.npmjs.org/@csstools/css-calc/-/css-calc-3.2.1.tgz. Extracting by manifest.
2151 silly tarball no local data for @csstools/color-helpers@https://registry.npmjs.org/@csstools/color-helpers/-/color-helpers-6.0.2.tgz. Extracting by manifest.
2152 silly tarball no local data for @chevrotain/types@https://registry.npmjs.org/@chevrotain/types/-/types-11.1.2.tgz. Extracting by manifest.
2153 silly tarball no local data for @bramus/specificity@https://registry.npmjs.org/@bramus/specificity/-/specificity-2.4.2.tgz. Extracting by manifest.
2154 silly tarball no local data for @braintree/sanitize-url@https://registry.npmjs.org/@braintree/sanitize-url/-/sanitize-url-7.1.2.tgz. Extracting by manifest.
2155 silly tarball no local data for @base-ui/utils@https://registry.npmjs.org/@base-ui/utils/-/utils-0.3.1.tgz. Extracting by manifest.
2156 silly tarball no local data for @base-ui/react@https://registry.npmjs.org/@base-ui/react/-/react-1.6.0.tgz. Extracting by manifest.
2157 silly tarball no local data for @babel/types@https://registry.npmjs.org/@babel/types/-/types-7.29.7.tgz. Extracting by manifest.
2158 silly tarball no local data for @babel/traverse@https://registry.npmjs.org/@babel/traverse/-/traverse-7.29.7.tgz. Extracting by manifest.
2159 silly tarball no local data for @babel/template@https://registry.npmjs.org/@babel/template/-/template-7.29.7.tgz. Extracting by manifest.
2160 silly tarball no local data for @babel/runtime@https://registry.npmjs.org/@babel/runtime/-/runtime-7.29.7.tgz. Extracting by manifest.
2161 silly tarball no local data for @babel/preset-typescript@https://registry.npmjs.org/@babel/preset-typescript/-/preset-typescript-7.29.7.tgz. Extracting by manifest.
2162 silly tarball no local data for @babel/plugin-transform-typescript@https://registry.npmjs.org/@babel/plugin-transform-typescript/-/plugin-transform-typescript-7.29.7.tgz. Extracting by manifest.
2163 silly tarball no local data for @babel/plugin-transform-react-jsx-source@https://registry.npmjs.org/@babel/plugin-transform-react-jsx-source/-/plugin-transform-react-jsx-source-7.29.7.tgz. Extracting by manifest.
2164 silly tarball no local data for @babel/plugin-transform-react-jsx-self@https://registry.npmjs.org/@babel/plugin-transform-react-jsx-self/-/plugin-transform-react-jsx-self-7.29.7.tgz. Extracting by manifest.
2165 silly tarball no local data for @babel/plugin-transform-modules-commonjs@https://registry.npmjs.org/@babel/plugin-transform-modules-commonjs/-/plugin-transform-modules-commonjs-7.29.7.tgz. Extracting by manifest.
2166 silly tarball no local data for @babel/plugin-syntax-typescript@https://registry.npmjs.org/@babel/plugin-syntax-typescript/-/plugin-syntax-typescript-7.29.7.tgz. Extracting by manifest.
2167 silly tarball no local data for @babel/plugin-syntax-jsx@https://registry.npmjs.org/@babel/plugin-syntax-jsx/-/plugin-syntax-jsx-7.29.7.tgz. Extracting by manifest.
2168 silly tarball no local data for @babel/parser@https://registry.npmjs.org/@babel/parser/-/parser-7.29.7.tgz. Extracting by manifest.
2169 silly tarball no local data for @babel/helpers@https://registry.npmjs.org/@babel/helpers/-/helpers-7.29.7.tgz. Extracting by manifest.
2170 silly tarball no local data for @babel/helper-validator-option@https://registry.npmjs.org/@babel/helper-validator-option/-/helper-validator-option-7.29.7.tgz. Extracting by manifest.
2171 silly tarball no local data for @babel/helper-validator-identifier@https://registry.npmjs.org/@babel/helper-validator-identifier/-/helper-validator-identifier-7.29.7.tgz. Extracting by manifest.
2172 silly tarball no local data for @babel/helper-string-parser@https://registry.npmjs.org/@babel/helper-string-parser/-/helper-string-parser-7.29.7.tgz. Extracting by manifest.
2173 silly tarball no local data for @babel/helper-skip-transparent-expression-wrappers@https://registry.npmjs.org/@babel/helper-skip-transparent-expression-wrappers/-/helper-skip-transparent-expression-wrappers-7.29.7.tgz. Extracting by manifest.
2174 silly tarball no local data for @babel/helper-replace-supers@https://registry.npmjs.org/@babel/helper-replace-supers/-/helper-replace-supers-7.29.7.tgz. Extracting by manifest.
2175 silly tarball no local data for @babel/helper-plugin-utils@https://registry.npmjs.org/@babel/helper-plugin-utils/-/helper-plugin-utils-7.29.7.tgz. Extracting by manifest.
2176 silly tarball no local data for @babel/helper-optimise-call-expression@https://registry.npmjs.org/@babel/helper-optimise-call-expression/-/helper-optimise-call-expression-7.29.7.tgz. Extracting by manifest.
2177 silly tarball no local data for @img/sharp-libvips-linux-x64@https://registry.npmjs.org/@img/sharp-libvips-linux-x64/-/sharp-libvips-linux-x64-1.2.4.tgz. Extracting by manifest.
2178 silly tarball no local data for @babel/helper-module-transforms@https://registry.npmjs.org/@babel/helper-module-transforms/-/helper-module-transforms-7.29.7.tgz. Extracting by manifest.
2179 silly tarball no local data for @babel/helper-module-imports@https://registry.npmjs.org/@babel/helper-module-imports/-/helper-module-imports-7.29.7.tgz. Extracting by manifest.
2180 silly tarball no local data for @babel/helper-member-expression-to-functions@https://registry.npmjs.org/@babel/helper-member-expression-to-functions/-/helper-member-expression-to-functions-7.29.7.tgz. Extracting by manifest.
2181 silly tarball no local data for @babel/helper-globals@https://registry.npmjs.org/@babel/helper-globals/-/helper-globals-7.29.7.tgz. Extracting by manifest.
2182 silly tarball no local data for @babel/helper-create-class-features-plugin@https://registry.npmjs.org/@babel/helper-create-class-features-plugin/-/helper-create-class-features-plugin-7.29.7.tgz. Extracting by manifest.
2183 silly tarball no local data for @babel/helper-compilation-targets@https://registry.npmjs.org/@babel/helper-compilation-targets/-/helper-compilation-targets-7.29.7.tgz. Extracting by manifest.
2184 silly tarball no local data for @babel/helper-annotate-as-pure@https://registry.npmjs.org/@babel/helper-annotate-as-pure/-/helper-annotate-as-pure-7.29.7.tgz. Extracting by manifest.
2185 silly tarball no local data for @babel/generator@https://registry.npmjs.org/@babel/generator/-/generator-7.29.7.tgz. Extracting by manifest.
2186 silly tarball no local data for @babel/core@https://registry.npmjs.org/@babel/core/-/core-7.29.7.tgz. Extracting by manifest.
2187 silly tarball no local data for @babel/compat-data@https://registry.npmjs.org/@babel/compat-data/-/compat-data-7.29.7.tgz. Extracting by manifest.
2188 silly tarball no local data for @babel/code-frame@https://registry.npmjs.org/@babel/code-frame/-/code-frame-7.29.7.tgz. Extracting by manifest.
2189 silly tarball no local data for @asamuzakjp/nwsapi@https://registry.npmjs.org/@asamuzakjp/nwsapi/-/nwsapi-2.3.9.tgz. Extracting by manifest.
2190 silly tarball no local data for @asamuzakjp/generational-cache@https://registry.npmjs.org/@asamuzakjp/generational-cache/-/generational-cache-1.0.1.tgz. Extracting by manifest.
2191 silly tarball no local data for @asamuzakjp/css-color@https://registry.npmjs.org/@asamuzakjp/css-color/-/css-color-5.1.11.tgz. Extracting by manifest.
2192 silly tarball no local data for @asamuzakjp/dom-selector@https://registry.npmjs.org/@asamuzakjp/dom-selector/-/dom-selector-7.1.1.tgz. Extracting by manifest.
2193 silly tarball no local data for @apidevtools/json-schema-ref-parser@https://registry.npmjs.org/@apidevtools/json-schema-ref-parser/-/json-schema-ref-parser-11.9.3.tgz. Extracting by manifest.
2194 silly tarball no local data for @antfu/ni@https://registry.npmjs.org/@antfu/ni/-/ni-25.0.0.tgz. Extracting by manifest.
2195 silly tarball no local data for @antfu/install-pkg@https://registry.npmjs.org/@antfu/install-pkg/-/install-pkg-1.1.0.tgz. Extracting by manifest.
2196 silly tarball no local data for @ai-sdk/provider-utils@https://registry.npmjs.org/@ai-sdk/provider-utils/-/provider-utils-4.0.30.tgz. Extracting by manifest.
2197 silly tarball no local data for @ai-sdk/provider@https://registry.npmjs.org/@ai-sdk/provider/-/provider-3.0.10.tgz. Extracting by manifest.
2198 silly tarball no local data for @ai-sdk/gateway@https://registry.npmjs.org/@ai-sdk/gateway/-/gateway-3.0.133.tgz. Extracting by manifest.
2199 silly tarball no local data for @adobe/css-tools@https://registry.npmjs.org/@adobe/css-tools/-/css-tools-4.5.0.tgz. Extracting by manifest.
2200 silly tarball no local data for string-width@https://registry.npmjs.org/string-width/-/string-width-4.2.3.tgz. Extracting by manifest.
2201 silly tarball no local data for strip-ansi@https://registry.npmjs.org/strip-ansi/-/strip-ansi-6.0.1.tgz. Extracting by manifest.
2202 silly tarball no local data for string-width@https://registry.npmjs.org/string-width/-/string-width-4.2.3.tgz. Extracting by manifest.
2203 silly tarball no local data for emoji-regex@https://registry.npmjs.org/emoji-regex/-/emoji-regex-8.0.0.tgz. Extracting by manifest.
2204 silly tarball no local data for strip-ansi@https://registry.npmjs.org/strip-ansi/-/strip-ansi-6.0.1.tgz. Extracting by manifest.
2205 silly tarball no local data for emoji-regex@https://registry.npmjs.org/emoji-regex/-/emoji-regex-8.0.0.tgz. Extracting by manifest.
2206 silly tarball no local data for ansi-styles@https://registry.npmjs.org/ansi-styles/-/ansi-styles-6.2.3.tgz. Extracting by manifest.
2207 silly tarball no local data for tinyrainbow@https://registry.npmjs.org/tinyrainbow/-/tinyrainbow-3.1.0.tgz. Extracting by manifest.
2208 silly tarball no local data for @vitest/utils@https://registry.npmjs.org/@vitest/utils/-/utils-4.1.9.tgz. Extracting by manifest.
2209 silly tarball no local data for estree-walker@https://registry.npmjs.org/estree-walker/-/estree-walker-3.0.3.tgz. Extracting by manifest.
2210 silly tarball no local data for @vitest/spy@https://registry.npmjs.org/@vitest/spy/-/spy-4.1.9.tgz. Extracting by manifest.
2211 silly tarball no local data for @vitest/pretty-format@https://registry.npmjs.org/@vitest/pretty-format/-/pretty-format-4.1.9.tgz. Extracting by manifest.
2212 silly tarball no local data for @vitest/mocker@https://registry.npmjs.org/@vitest/mocker/-/mocker-4.1.9.tgz. Extracting by manifest.
2213 silly tarball no local data for @vitest/expect@https://registry.npmjs.org/@vitest/expect/-/expect-4.1.9.tgz. Extracting by manifest.
2214 silly tarball no local data for postcss@https://registry.npmjs.org/postcss/-/postcss-8.5.15.tgz. Extracting by manifest.
2215 silly tarball no local data for nanoid@https://registry.npmjs.org/nanoid/-/nanoid-3.3.13.tgz. Extracting by manifest.
2216 silly tarball no local data for chai@https://registry.npmjs.org/chai/-/chai-6.2.2.tgz. Extracting by manifest.
2217 silly tarball no local data for @esbuild/linux-x64@https://registry.npmjs.org/@esbuild/linux-x64/-/linux-x64-0.27.7.tgz. Extracting by manifest.
2218 silly tarball no local data for content-type@https://registry.npmjs.org/content-type/-/content-type-2.0.0.tgz. Extracting by manifest.
2219 silly tarball no local data for esbuild@https://registry.npmjs.org/esbuild/-/esbuild-0.28.1.tgz. Extracting by manifest.
2220 silly tarball no local data for @esbuild/linux-x64@https://registry.npmjs.org/@esbuild/linux-x64/-/linux-x64-0.28.1.tgz. Extracting by manifest.
2221 silly tarball no local data for esbuild@https://registry.npmjs.org/esbuild/-/esbuild-0.27.7.tgz. Extracting by manifest.
2222 silly tarball no local data for ansi-regex@https://registry.npmjs.org/ansi-regex/-/ansi-regex-6.2.2.tgz. Extracting by manifest.
2223 silly tarball no local data for strip-ansi@https://registry.npmjs.org/strip-ansi/-/strip-ansi-6.0.1.tgz. Extracting by manifest.
2224 silly tarball no local data for is-obj@https://registry.npmjs.org/is-obj/-/is-obj-3.0.0.tgz. Extracting by manifest.
2225 silly tarball no local data for emoji-regex@https://registry.npmjs.org/emoji-regex/-/emoji-regex-8.0.0.tgz. Extracting by manifest.
2226 silly tarball no local data for semver@https://registry.npmjs.org/semver/-/semver-7.8.4.tgz. Extracting by manifest.
2227 silly tarball no local data for marked@https://registry.npmjs.org/marked/-/marked-17.0.6.tgz. Extracting by manifest.
2228 silly tarball no local data for semver@https://registry.npmjs.org/semver/-/semver-7.8.4.tgz. Extracting by manifest.
2229 silly tarball no local data for zod@https://registry.npmjs.org/zod/-/zod-3.25.76.tgz. Extracting by manifest.
2230 silly tarball no local data for postcss-selector-parser@https://registry.npmjs.org/postcss-selector-parser/-/postcss-selector-parser-7.1.4.tgz. Extracting by manifest.
2231 silly tarball no local data for postcss@https://registry.npmjs.org/postcss/-/postcss-8.5.15.tgz. Extracting by manifest.
2232 silly tarball no local data for nanoid@https://registry.npmjs.org/nanoid/-/nanoid-3.3.13.tgz. Extracting by manifest.
2233 silly tarball no local data for commander@https://registry.npmjs.org/commander/-/commander-14.0.3.tgz. Extracting by manifest.
2234 silly tarball no local data for onetime@https://registry.npmjs.org/onetime/-/onetime-7.0.0.tgz. Extracting by manifest.
2235 silly tarball no local data for lowlight@https://registry.npmjs.org/lowlight/-/lowlight-3.3.0.tgz. Extracting by manifest.
2236 silly tarball no local data for highlight.js@https://registry.npmjs.org/highlight.js/-/highlight.js-11.11.1.tgz. Extracting by manifest.
2237 silly tarball no local data for prismjs@https://registry.npmjs.org/prismjs/-/prismjs-1.27.0.tgz. Extracting by manifest.
2238 silly tarball no local data for parse-entities@https://registry.npmjs.org/parse-entities/-/parse-entities-2.0.0.tgz. Extracting by manifest.
2239 silly tarball no local data for is-decimal@https://registry.npmjs.org/is-decimal/-/is-decimal-1.0.4.tgz. Extracting by manifest.
2240 silly tarball no local data for is-alphanumerical@https://registry.npmjs.org/is-alphanumerical/-/is-alphanumerical-1.0.4.tgz. Extracting by manifest.
2241 silly tarball no local data for is-alphabetical@https://registry.npmjs.org/is-alphabetical/-/is-alphabetical-1.0.4.tgz. Extracting by manifest.
2242 silly tarball no local data for character-reference-invalid@https://registry.npmjs.org/character-reference-invalid/-/character-reference-invalid-1.1.4.tgz. Extracting by manifest.
2243 silly tarball no local data for character-entities-legacy@https://registry.npmjs.org/character-entities-legacy/-/character-entities-legacy-1.1.4.tgz. Extracting by manifest.
2244 silly tarball no local data for character-entities@https://registry.npmjs.org/character-entities/-/character-entities-1.2.4.tgz. Extracting by manifest.
2245 silly tarball no local data for strip-indent@https://registry.npmjs.org/strip-indent/-/strip-indent-3.0.0.tgz. Extracting by manifest.
2246 silly tarball no local data for cookie@https://registry.npmjs.org/cookie/-/cookie-1.1.1.tgz. Extracting by manifest.
2247 silly tarball no local data for @types/react-dom@https://registry.npmjs.org/@types/react-dom/-/react-dom-18.3.7.tgz. Extracting by manifest.
2248 silly tarball no local data for @types/react@https://registry.npmjs.org/@types/react/-/react-18.3.31.tgz. Extracting by manifest.
2249 silly tarball no local data for kleur@https://registry.npmjs.org/kleur/-/kleur-3.0.3.tgz. Extracting by manifest.
2250 silly tarball no local data for ansi-styles@https://registry.npmjs.org/ansi-styles/-/ansi-styles-5.2.0.tgz. Extracting by manifest.
2251 silly tarball no local data for path-exists@https://registry.npmjs.org/path-exists/-/path-exists-3.0.0.tgz. Extracting by manifest.
2252 silly tarball no local data for p-locate@https://registry.npmjs.org/p-locate/-/p-locate-3.0.0.tgz. Extracting by manifest.
2253 silly tarball no local data for p-limit@https://registry.npmjs.org/p-limit/-/p-limit-2.3.0.tgz. Extracting by manifest.
2254 silly tarball no local data for nanoid@https://registry.npmjs.org/nanoid/-/nanoid-3.3.13.tgz. Extracting by manifest.
2255 silly tarball no local data for locate-path@https://registry.npmjs.org/locate-path/-/locate-path-3.0.0.tgz. Extracting by manifest.
2256 silly tarball no local data for find-up@https://registry.npmjs.org/find-up/-/find-up-3.0.0.tgz. Extracting by manifest.
2257 silly tarball no local data for lru-cache@https://registry.npmjs.org/lru-cache/-/lru-cache-10.4.3.tgz. Extracting by manifest.
2258 silly tarball no local data for @types/unist@https://registry.npmjs.org/@types/unist/-/unist-2.0.11.tgz. Extracting by manifest.
2259 silly tarball no local data for string-width@https://registry.npmjs.org/string-width/-/string-width-7.2.0.tgz. Extracting by manifest.
2260 silly tarball no local data for emoji-regex@https://registry.npmjs.org/emoji-regex/-/emoji-regex-10.6.0.tgz. Extracting by manifest.
2261 silly tarball no local data for chalk@https://registry.npmjs.org/chalk/-/chalk-5.6.2.tgz. Extracting by manifest.
2262 silly tarball no local data for mimic-fn@https://registry.npmjs.org/mimic-fn/-/mimic-fn-2.1.0.tgz. Extracting by manifest.
2263 silly tarball no local data for is-hexadecimal@https://registry.npmjs.org/is-hexadecimal/-/is-hexadecimal-1.0.4.tgz. Extracting by manifest.
2264 silly tarball no local data for unicorn-magic@https://registry.npmjs.org/unicorn-magic/-/unicorn-magic-0.3.0.tgz. Extracting by manifest.
2265 silly tarball no local data for path-key@https://registry.npmjs.org/path-key/-/path-key-4.0.0.tgz. Extracting by manifest.
2266 silly tarball no local data for path-to-regexp@https://registry.npmjs.org/path-to-regexp/-/path-to-regexp-6.3.0.tgz. Extracting by manifest.
2267 silly tarball no local data for picomatch@https://registry.npmjs.org/picomatch/-/picomatch-2.3.2.tgz. Extracting by manifest.
2268 silly tarball no local data for chalk@https://registry.npmjs.org/chalk/-/chalk-5.6.2.tgz. Extracting by manifest.
2269 silly tarball no local data for escape-string-regexp@https://registry.npmjs.org/escape-string-regexp/-/escape-string-regexp-5.0.0.tgz. Extracting by manifest.
2270 silly tarball no local data for is-unicode-supported@https://registry.npmjs.org/is-unicode-supported/-/is-unicode-supported-1.3.0.tgz. Extracting by manifest.
2271 silly tarball no local data for cookie@https://registry.npmjs.org/cookie/-/cookie-1.1.1.tgz. Extracting by manifest.
2272 silly tarball no local data for mdn-data@https://registry.npmjs.org/mdn-data/-/mdn-data-2.27.1.tgz. Extracting by manifest.
2273 silly tarball no local data for lru-cache@https://registry.npmjs.org/lru-cache/-/lru-cache-11.5.1.tgz. Extracting by manifest.
2274 silly tarball no local data for css-tree@https://registry.npmjs.org/css-tree/-/css-tree-3.2.1.tgz. Extracting by manifest.
2275 silly tarball no local data for @csstools/css-syntax-patches-for-csstree@https://registry.npmjs.org/@csstools/css-syntax-patches-for-csstree/-/css-syntax-patches-for-csstree-1.1.5.tgz. Extracting by manifest.
2276 silly tarball no local data for set-cookie-parser@https://registry.npmjs.org/set-cookie-parser/-/set-cookie-parser-3.1.0.tgz. Extracting by manifest.
2277 silly tarball no local data for space-separated-tokens@https://registry.npmjs.org/space-separated-tokens/-/space-separated-tokens-1.1.5.tgz. Extracting by manifest.
2278 silly tarball no local data for property-information@https://registry.npmjs.org/property-information/-/property-information-5.6.0.tgz. Extracting by manifest.
2279 silly tarball no local data for comma-separated-tokens@https://registry.npmjs.org/comma-separated-tokens/-/comma-separated-tokens-1.0.8.tgz. Extracting by manifest.
2280 silly tarball no local data for @types/unist@https://registry.npmjs.org/@types/unist/-/unist-2.0.11.tgz. Extracting by manifest.
2281 silly tarball no local data for @types/hast@https://registry.npmjs.org/@types/hast/-/hast-2.3.10.tgz. Extracting by manifest.
2282 silly tarball no local data for parse5@https://registry.npmjs.org/parse5/-/parse5-7.3.0.tgz. Extracting by manifest.
2283 silly tarball no local data for entities@https://registry.npmjs.org/entities/-/entities-6.0.1.tgz. Extracting by manifest.
2284 silly tarball no local data for hastscript@https://registry.npmjs.org/hastscript/-/hastscript-9.0.1.tgz. Extracting by manifest.
2285 silly tarball no local data for hast-util-parse-selector@https://registry.npmjs.org/hast-util-parse-selector/-/hast-util-parse-selector-4.0.0.tgz. Extracting by manifest.
2286 silly tarball no local data for parse5@https://registry.npmjs.org/parse5/-/parse5-7.3.0.tgz. Extracting by manifest.
2287 silly tarball no local data for entities@https://registry.npmjs.org/entities/-/entities-6.0.1.tgz. Extracting by manifest.
2288 silly tarball no local data for hastscript@https://registry.npmjs.org/hastscript/-/hastscript-9.0.1.tgz. Extracting by manifest.
2289 silly tarball no local data for minimatch@https://registry.npmjs.org/minimatch/-/minimatch-9.0.9.tgz. Extracting by manifest.
2290 silly tarball no local data for brace-expansion@https://registry.npmjs.org/brace-expansion/-/brace-expansion-2.1.1.tgz. Extracting by manifest.
2291 silly tarball no local data for glob-parent@https://registry.npmjs.org/glob-parent/-/glob-parent-5.1.2.tgz. Extracting by manifest.
2292 silly tarball no local data for yocto-queue@https://registry.npmjs.org/yocto-queue/-/yocto-queue-0.1.0.tgz. Extracting by manifest.
2293 silly tarball no local data for path-exists@https://registry.npmjs.org/path-exists/-/path-exists-4.0.0.tgz. Extracting by manifest.
2294 silly tarball no local data for p-locate@https://registry.npmjs.org/p-locate/-/p-locate-5.0.0.tgz. Extracting by manifest.
2295 silly tarball no local data for p-limit@https://registry.npmjs.org/p-limit/-/p-limit-3.1.0.tgz. Extracting by manifest.
2296 silly tarball no local data for json-schema-traverse@https://registry.npmjs.org/json-schema-traverse/-/json-schema-traverse-0.4.1.tgz. Extracting by manifest.
2297 silly tarball no local data for locate-path@https://registry.npmjs.org/locate-path/-/locate-path-6.0.0.tgz. Extracting by manifest.
2298 silly tarball no local data for find-up@https://registry.npmjs.org/find-up/-/find-up-5.0.0.tgz. Extracting by manifest.
2299 silly tarball no local data for ajv@https://registry.npmjs.org/ajv/-/ajv-6.15.0.tgz. Extracting by manifest.
2300 silly tarball no local data for strip-ansi@https://registry.npmjs.org/strip-ansi/-/strip-ansi-6.0.1.tgz. Extracting by manifest.
2301 silly tarball no local data for d3-time@https://registry.npmjs.org/d3-time/-/d3-time-3.1.0.tgz. Extracting by manifest.
2302 silly tarball no local data for internmap@https://registry.npmjs.org/internmap/-/internmap-1.0.1.tgz. Extracting by manifest.
2303 silly tarball no local data for d3-path@https://registry.npmjs.org/d3-path/-/d3-path-1.0.9.tgz. Extracting by manifest.
2304 silly tarball no local data for d3-array@https://registry.npmjs.org/d3-array/-/d3-array-2.12.1.tgz. Extracting by manifest.
2305 silly tarball no local data for d3-shape@https://registry.npmjs.org/d3-shape/-/d3-shape-1.3.7.tgz. Extracting by manifest.
2306 silly tarball no local data for iconv-lite@https://registry.npmjs.org/iconv-lite/-/iconv-lite-0.6.3.tgz. Extracting by manifest.
2307 silly tarball no local data for hast-util-parse-selector@https://registry.npmjs.org/hast-util-parse-selector/-/hast-util-parse-selector-4.0.0.tgz. Extracting by manifest.
2308 silly tarball no local data for commander@https://registry.npmjs.org/commander/-/commander-7.2.0.tgz. Extracting by manifest.
2309 silly tarball no local data for d3-time@https://registry.npmjs.org/d3-time/-/d3-time-3.1.0.tgz. Extracting by manifest.
2310 silly tarball no local data for d3-time-format@https://registry.npmjs.org/d3-time-format/-/d3-time-format-4.1.0.tgz. Extracting by manifest.
2311 silly tarball no local data for d3-format@https://registry.npmjs.org/d3-format/-/d3-format-3.1.2.tgz. Extracting by manifest.
2312 silly tarball no local data for layout-base@https://registry.npmjs.org/layout-base/-/layout-base-2.0.1.tgz. Extracting by manifest.
2313 silly tarball no local data for cose-base@https://registry.npmjs.org/cose-base/-/cose-base-2.2.0.tgz. Extracting by manifest.
2314 silly tarball no local data for semver@https://registry.npmjs.org/semver/-/semver-7.8.4.tgz. Extracting by manifest.
2315 silly tarball no local data for json-schema-typed@https://registry.npmjs.org/json-schema-typed/-/json-schema-typed-7.0.3.tgz. Extracting by manifest.
2316 silly tarball no local data for ajv-formats@https://registry.npmjs.org/ajv-formats/-/ajv-formats-2.1.1.tgz. Extracting by manifest.
2317 silly tarball no local data for strip-ansi@https://registry.npmjs.org/strip-ansi/-/strip-ansi-6.0.1.tgz. Extracting by manifest.
2318 silly tarball no local data for string-width@https://registry.npmjs.org/string-width/-/string-width-4.2.3.tgz. Extracting by manifest.
2319 silly tarball no local data for content-type@https://registry.npmjs.org/content-type/-/content-type-2.0.0.tgz. Extracting by manifest.
2320 silly tarball no local data for is-docker@https://registry.npmjs.org/is-docker/-/is-docker-2.2.1.tgz. Extracting by manifest.
2321 silly tarball no local data for open@https://registry.npmjs.org/open/-/open-8.4.2.tgz. Extracting by manifest.
2322 silly tarball no local data for emoji-regex@https://registry.npmjs.org/emoji-regex/-/emoji-regex-8.0.0.tgz. Extracting by manifest.
2323 silly tarball no local data for tinyrainbow@https://registry.npmjs.org/tinyrainbow/-/tinyrainbow-3.1.0.tgz. Extracting by manifest.
2324 silly tarball no local data for define-lazy-prop@https://registry.npmjs.org/define-lazy-prop/-/define-lazy-prop-2.0.0.tgz. Extracting by manifest.
2325 silly tarball no local data for zustand@https://registry.npmjs.org/zustand/-/zustand-4.5.7.tgz. Extracting by manifest.
2326 silly tarball no local data for @vitest/utils@https://registry.npmjs.org/@vitest/utils/-/utils-4.1.9.tgz. Extracting by manifest.
2327 silly tarball no local data for @vitest/pretty-format@https://registry.npmjs.org/@vitest/pretty-format/-/pretty-format-4.1.9.tgz. Extracting by manifest.
2328 silly tarball no local data for tinyrainbow@https://registry.npmjs.org/tinyrainbow/-/tinyrainbow-3.1.0.tgz. Extracting by manifest.
2329 silly tarball no local data for @vitest/utils@https://registry.npmjs.org/@vitest/utils/-/utils-4.1.9.tgz. Extracting by manifest.
2330 silly tarball no local data for @vitest/pretty-format@https://registry.npmjs.org/@vitest/pretty-format/-/pretty-format-4.1.9.tgz. Extracting by manifest.
2331 silly tarball no local data for estree-walker@https://registry.npmjs.org/estree-walker/-/estree-walker-3.0.3.tgz. Extracting by manifest.
2332 silly tarball no local data for eslint-visitor-keys@https://registry.npmjs.org/eslint-visitor-keys/-/eslint-visitor-keys-5.0.1.tgz. Extracting by manifest.
2333 silly tarball no local data for semver@https://registry.npmjs.org/semver/-/semver-7.8.4.tgz. Extracting by manifest.
2334 silly tarball no local data for minimatch@https://registry.npmjs.org/minimatch/-/minimatch-10.2.5.tgz. Extracting by manifest.
2335 silly tarball no local data for brace-expansion@https://registry.npmjs.org/brace-expansion/-/brace-expansion-5.0.6.tgz. Extracting by manifest.
2336 silly tarball no local data for wrap-ansi@https://registry.npmjs.org/wrap-ansi/-/wrap-ansi-7.0.0.tgz. Extracting by manifest.
2337 silly tarball no local data for balanced-match@https://registry.npmjs.org/balanced-match/-/balanced-match-4.0.4.tgz. Extracting by manifest.
2338 silly tarball no local data for is-wsl@https://registry.npmjs.org/is-wsl/-/is-wsl-2.2.0.tgz. Extracting by manifest.
2339 silly tarball no local data for ignore@https://registry.npmjs.org/ignore/-/ignore-7.0.5.tgz. Extracting by manifest.
2340 silly tarball no local data for minimatch@https://registry.npmjs.org/minimatch/-/minimatch-10.2.5.tgz. Extracting by manifest.
2341 silly tarball no local data for brace-expansion@https://registry.npmjs.org/brace-expansion/-/brace-expansion-5.0.6.tgz. Extracting by manifest.
2342 silly tarball no local data for balanced-match@https://registry.npmjs.org/balanced-match/-/balanced-match-4.0.4.tgz. Extracting by manifest.
2343 silly tarball no local data for shiki@https://registry.npmjs.org/shiki/-/shiki-3.23.0.tgz. Extracting by manifest.
2344 silly tarball no local data for dom-accessibility-api@https://registry.npmjs.org/dom-accessibility-api/-/dom-accessibility-api-0.6.3.tgz. Extracting by manifest.
2345 silly tarball no local data for @shikijs/types@https://registry.npmjs.org/@shikijs/types/-/types-3.23.0.tgz. Extracting by manifest.
2346 silly tarball no local data for @shikijs/themes@https://registry.npmjs.org/@shikijs/themes/-/themes-3.23.0.tgz. Extracting by manifest.
2347 silly tarball no local data for @shikijs/langs@https://registry.npmjs.org/@shikijs/langs/-/langs-3.23.0.tgz. Extracting by manifest.
2348 silly tarball no local data for @shikijs/core@https://registry.npmjs.org/@shikijs/core/-/core-3.23.0.tgz. Extracting by manifest.
2349 silly tarball no local data for @shikijs/engine-javascript@https://registry.npmjs.org/@shikijs/engine-javascript/-/engine-javascript-3.23.0.tgz. Extracting by manifest.
2350 silly tarball no local data for @shikijs/engine-oniguruma@https://registry.npmjs.org/@shikijs/engine-oniguruma/-/engine-oniguruma-3.23.0.tgz. Extracting by manifest.
2351 silly tarball no local data for @open-draft/deferred-promise@https://registry.npmjs.org/@open-draft/deferred-promise/-/deferred-promise-2.2.0.tgz. Extracting by manifest.
2352 silly tarball no local data for @types/d3-time-format@https://registry.npmjs.org/@types/d3-time-format/-/d3-time-format-3.0.4.tgz. Extracting by manifest.
2353 silly tarball no local data for json-schema-traverse@https://registry.npmjs.org/json-schema-traverse/-/json-schema-traverse-0.4.1.tgz. Extracting by manifest.
2354 silly tarball no local data for ajv@https://registry.npmjs.org/ajv/-/ajv-6.15.0.tgz. Extracting by manifest.
2355 silly tarball no local data for eslint-visitor-keys@https://registry.npmjs.org/eslint-visitor-keys/-/eslint-visitor-keys-3.4.3.tgz. Extracting by manifest.
2356 silly tarball no local data for globals@https://registry.npmjs.org/globals/-/globals-14.0.0.tgz. Extracting by manifest.
2357 silly tarball no local data for strip-final-newline@https://registry.npmjs.org/strip-final-newline/-/strip-final-newline-2.0.0.tgz. Extracting by manifest.
2358 silly tarball no local data for which@https://registry.npmjs.org/which/-/which-4.0.0.tgz. Extracting by manifest.
2359 silly tarball no local data for signal-exit@https://registry.npmjs.org/signal-exit/-/signal-exit-3.0.7.tgz. Extracting by manifest.
2360 silly tarball no local data for open@https://registry.npmjs.org/open/-/open-8.4.2.tgz. Extracting by manifest.
2361 silly tarball no local data for npm-run-path@https://registry.npmjs.org/npm-run-path/-/npm-run-path-4.0.1.tgz. Extracting by manifest.
2362 silly tarball no local data for is-wsl@https://registry.npmjs.org/is-wsl/-/is-wsl-2.2.0.tgz. Extracting by manifest.
2363 silly tarball no local data for is-stream@https://registry.npmjs.org/is-stream/-/is-stream-2.0.1.tgz. Extracting by manifest.
2364 silly tarball no local data for isexe@https://registry.npmjs.org/isexe/-/isexe-3.1.5.tgz. Extracting by manifest.
2365 silly tarball no local data for is-docker@https://registry.npmjs.org/is-docker/-/is-docker-2.2.1.tgz. Extracting by manifest.
2366 silly tarball no local data for human-signals@https://registry.npmjs.org/human-signals/-/human-signals-2.1.0.tgz. Extracting by manifest.
2367 silly tarball no local data for get-stream@https://registry.npmjs.org/get-stream/-/get-stream-6.0.1.tgz. Extracting by manifest.
2368 silly tarball no local data for execa@https://registry.npmjs.org/execa/-/execa-5.1.1.tgz. Extracting by manifest.
2369 silly tarball no local data for define-lazy-prop@https://registry.npmjs.org/define-lazy-prop/-/define-lazy-prop-2.0.0.tgz. Extracting by manifest.
2370 silly tarball no local data for mdn-data@https://registry.npmjs.org/mdn-data/-/mdn-data-2.27.1.tgz. Extracting by manifest.
2371 silly tarball no local data for css-tree@https://registry.npmjs.org/css-tree/-/css-tree-3.2.1.tgz. Extracting by manifest.
2372 silly tarball no local data for commander@https://registry.npmjs.org/commander/-/commander-11.1.0.tgz. Extracting by manifest.
2373 silly tarball no local data for node-fetch@https://registry.npmjs.org/node-fetch/-/node-fetch-3.3.2.tgz. Extracting by manifest.
2374 http fetch GET 200 https://registry.npmjs.org/zwitch/-/zwitch-2.0.4.tgz 2553ms (cache miss)
2375 http fetch GET 200 https://registry.npmjs.org/xtend/-/xtend-4.0.2.tgz 2672ms (cache miss)
2376 http fetch GET 200 https://registry.npmjs.org/xmlchars/-/xmlchars-2.2.0.tgz 2934ms (cache miss)
2377 http fetch GET 200 https://registry.npmjs.org/yocto-queue/-/yocto-queue-1.2.2.tgz 3065ms (cache miss)
2378 http fetch GET 200 https://registry.npmjs.org/word-wrap/-/word-wrap-1.2.5.tgz 3055ms (cache miss)
2379 http fetch GET 200 https://registry.npmjs.org/yoctocolors/-/yoctocolors-2.1.2.tgz 3119ms (cache miss)
2380 http fetch GET 200 https://registry.npmjs.org/vary/-/vary-1.1.2.tgz 3096ms (cache miss)
2381 http fetch GET 200 https://registry.npmjs.org/wrappy/-/wrappy-1.0.2.tgz 3116ms (cache miss)
2382 http fetch GET 200 https://registry.npmjs.org/yallist/-/yallist-3.1.1.tgz 3175ms (cache miss)
2383 http fetch GET 200 https://registry.npmjs.org/xml-name-validator/-/xml-name-validator-5.0.0.tgz 3173ms (cache miss)
2384 http fetch GET 200 https://registry.npmjs.org/why-is-node-running/-/why-is-node-running-2.3.0.tgz 3169ms (cache miss)
2385 http fetch GET 200 https://registry.npmjs.org/which/-/which-2.0.2.tgz 3167ms (cache miss)
2386 http fetch GET 200 https://registry.npmjs.org/yocto-spinner/-/yocto-spinner-1.2.0.tgz 3243ms (cache miss)
2387 http fetch GET 200 https://registry.npmjs.org/wrap-ansi/-/wrap-ansi-7.0.0.tgz 3237ms (cache miss)
2388 http fetch GET 200 https://registry.npmjs.org/wrap-ansi/-/wrap-ansi-8.1.0.tgz 3238ms (cache miss)
2389 http fetch GET 200 https://registry.npmjs.org/validate-npm-package-name/-/validate-npm-package-name-7.0.2.tgz 3227ms (cache miss)
2390 http fetch GET 200 https://registry.npmjs.org/util-deprecate/-/util-deprecate-1.0.2.tgz 3227ms (cache miss)
2391 http fetch GET 200 https://registry.npmjs.org/webidl-conversions/-/webidl-conversions-8.0.1.tgz 3307ms (cache miss)
2392 http fetch GET 200 https://registry.npmjs.org/web-namespaces/-/web-namespaces-2.0.1.tgz 3303ms (cache miss)
2393 http fetch GET 200 https://registry.npmjs.org/vfile-location/-/vfile-location-5.0.3.tgz 3304ms (cache miss)
2394 http fetch GET 200 https://registry.npmjs.org/unpipe/-/unpipe-1.0.0.tgz 3295ms (cache miss)
2395 http fetch GET 200 https://registry.npmjs.org/wsl-utils/-/wsl-utils-0.3.1.tgz 3329ms (cache miss)
2396 http fetch GET 200 https://registry.npmjs.org/universalify/-/universalify-2.0.1.tgz 3367ms (cache miss)
2397 http fetch GET 200 https://registry.npmjs.org/unist-util-stringify-position/-/unist-util-stringify-position-4.0.0.tgz 3440ms (cache miss)
2398 http fetch GET 200 https://registry.npmjs.org/ts-dedent/-/ts-dedent-2.3.0.tgz 3414ms (cache miss)
2399 http fetch GET 200 https://registry.npmjs.org/until-async/-/until-async-3.0.2.tgz 3554ms (cache miss)
2400 http fetch GET 200 https://registry.npmjs.org/unist-util-find-after/-/unist-util-find-after-5.0.0.tgz 3543ms (cache miss)
2401 http fetch GET 200 https://registry.npmjs.org/trough/-/trough-2.2.0.tgz 3519ms (cache miss)
2402 http fetch GET 200 https://registry.npmjs.org/unist-util-position/-/unist-util-position-5.0.0.tgz 3556ms (cache miss)
2403 http fetch GET 200 https://registry.npmjs.org/unicorn-magic/-/unicorn-magic-0.1.0.tgz 3550ms (cache miss)
2404 http fetch GET 200 https://registry.npmjs.org/tw-animate-css/-/tw-animate-css-1.4.0.tgz 3538ms (cache miss)
2405 http fetch GET 200 https://registry.npmjs.org/unist-util-remove-position/-/unist-util-remove-position-5.0.0.tgz 3616ms (cache miss)
2406 http fetch GET 200 https://registry.npmjs.org/y18n/-/y18n-5.0.8.tgz 3681ms (cache miss)
2407 http fetch GET 200 https://registry.npmjs.org/trim-lines/-/trim-lines-3.0.1.tgz 3604ms (cache miss)
2408 http fetch GET 200 https://registry.npmjs.org/tinyspy/-/tinyspy-4.0.4.tgz 3592ms (cache miss)
2409 http fetch GET 200 https://registry.npmjs.org/to-regex-range/-/to-regex-range-5.0.1.tgz 3620ms (cache miss)
2410 http fetch GET 200 https://registry.npmjs.org/whatwg-mimetype/-/whatwg-mimetype-5.0.0.tgz 3696ms (cache miss)
2411 http fetch GET 200 https://registry.npmjs.org/update-browserslist-db/-/update-browserslist-db-1.2.3.tgz 3684ms (cache miss)
2412 http fetch GET 200 https://registry.npmjs.org/tinyrainbow/-/tinyrainbow-2.0.0.tgz 3620ms (cache miss)
2413 http fetch GET 200 https://registry.npmjs.org/tinyexec/-/tinyexec-1.2.4.tgz 3619ms (cache miss)
2414 http fetch GET 200 https://registry.npmjs.org/toidentifier/-/toidentifier-1.0.1.tgz 3626ms (cache miss)
2415 http fetch GET 200 https://registry.npmjs.org/strip-bom/-/strip-bom-3.0.0.tgz 3594ms (cache miss)
2416 http fetch GET 200 https://registry.npmjs.org/prismjs 3822ms (cache miss)
2417 silly packumentCache corgi:https://registry.npmjs.org/prismjs set size:undefined disposed:false
2418 http fetch GET 200 https://registry.npmjs.org/tinyglobby/-/tinyglobby-0.2.17.tgz 3663ms (cache miss)
2419 http fetch GET 200 https://registry.npmjs.org/w3c-xmlserializer/-/w3c-xmlserializer-5.0.0.tgz 3778ms (cache miss)
2420 http fetch GET 200 https://registry.npmjs.org/vfile-message/-/vfile-message-4.0.3.tgz 3776ms (cache miss)
2421 http fetch GET 200 https://registry.npmjs.org/type-is/-/type-is-2.1.0.tgz 3742ms (cache miss)
2422 http fetch GET 200 https://registry.npmjs.org/supports-preserve-symlinks-flag/-/supports-preserve-symlinks-flag-1.0.0.tgz 3680ms (cache miss)
2423 http fetch GET 200 https://registry.npmjs.org/stringify-object/-/stringify-object-5.0.0.tgz 3674ms (cache miss)
2424 http fetch GET 200 https://registry.npmjs.org/strip-ansi/-/strip-ansi-6.0.1.tgz 3674ms (cache miss)
2425 http fetch GET 200 https://registry.npmjs.org/uc.micro/-/uc.micro-1.0.6.tgz 3803ms (cache miss)
2426 http fetch GET 200 https://registry.npmjs.org/tinybench/-/tinybench-2.9.0.tgz 3758ms (cache miss)
2427 http fetch GET 200 https://registry.npmjs.org/tagged-tag/-/tagged-tag-1.0.0.tgz 3740ms (cache miss)
2428 http fetch GET 200 https://registry.npmjs.org/supports-color/-/supports-color-7.2.0.tgz 3736ms (cache miss)
2429 http fetch GET 200 https://registry.npmjs.org/string-width/-/string-width-5.1.2.tgz 3731ms (cache miss)
2430 http fetch GET 200 https://registry.npmjs.org/stdin-discarder/-/stdin-discarder-0.2.2.tgz 3728ms (cache miss)
2431 http fetch GET 200 https://registry.npmjs.org/std-env/-/std-env-4.1.0.tgz 3727ms (cache miss)
2432 http fetch GET 200 https://registry.npmjs.org/strip-ansi/-/strip-ansi-7.2.0.tgz 3770ms (cache miss)
2433 http fetch GET 200 https://registry.npmjs.org/strip-indent/-/strip-indent-4.1.1.tgz 3785ms (cache miss)
2434 http fetch GET 200 https://registry.npmjs.org/strip-final-newline/-/strip-final-newline-4.0.0.tgz 3786ms (cache miss)
2435 http fetch GET 200 https://registry.npmjs.org/strip-json-comments/-/strip-json-comments-3.1.1.tgz 3787ms (cache miss)
2436 http fetch GET 200 https://registry.npmjs.org/unist-util-visit/-/unist-util-visit-5.1.0.tgz 3920ms (cache miss)
2437 http fetch GET 200 https://registry.npmjs.org/symbol-tree/-/symbol-tree-3.2.4.tgz 3836ms (cache miss)
2438 http fetch GET 200 https://registry.npmjs.org/stackback/-/stackback-0.0.2.tgz 3819ms (cache miss)
2439 http fetch GET 200 https://registry.npmjs.org/string-width/-/string-width-4.2.3.tgz 3828ms (cache miss)
2440 http fetch GET 200 https://registry.npmjs.org/side-channel-map/-/side-channel-map-1.0.1.tgz 3830ms (cache miss)
2441 http fetch GET 200 https://registry.npmjs.org/side-channel-weakmap/-/side-channel-weakmap-1.0.2.tgz 3831ms (cache miss)
2442 http fetch GET 200 https://registry.npmjs.org/side-channel/-/side-channel-1.1.1.tgz 3827ms (cache miss)
2443 http fetch GET 200 https://registry.npmjs.org/statuses/-/statuses-2.0.2.tgz 3860ms (cache miss)
2444 http fetch GET 200 https://registry.npmjs.org/space-separated-tokens/-/space-separated-tokens-2.0.2.tgz 3858ms (cache miss)
2445 http fetch GET 200 https://registry.npmjs.org/side-channel-list/-/side-channel-list-1.0.1.tgz 3878ms (cache miss)
2446 http fetch GET 200 https://registry.npmjs.org/shebang-regex/-/shebang-regex-3.0.0.tgz 3875ms (cache miss)
2447 http fetch GET 200 https://registry.npmjs.org/send/-/send-1.2.1.tgz 3867ms (cache miss)
2448 http fetch GET 200 https://registry.npmjs.org/sisteransi/-/sisteransi-1.0.5.tgz 3890ms (cache miss)
2449 http fetch GET 200 https://registry.npmjs.org/safer-buffer/-/safer-buffer-2.1.2.tgz 3920ms (cache miss)
2450 http fetch GET 200 https://registry.npmjs.org/siginfo/-/siginfo-2.0.0.tgz 4045ms (cache miss)
2451 http fetch GET 200 https://registry.npmjs.org/setprototypeof/-/setprototypeof-1.2.0.tgz 4041ms (cache miss)
2452 http fetch GET 200 https://registry.npmjs.org/shebang-command/-/shebang-command-2.0.0.tgz 4043ms (cache miss)
2453 http fetch GET 200 https://registry.npmjs.org/remark-rehype/-/remark-rehype-11.1.2.tgz 4010ms (cache miss)
2454 http fetch GET 200 https://registry.npmjs.org/type-check/-/type-check-0.4.0.tgz 4184ms (cache miss)
2455 http fetch GET 200 https://registry.npmjs.org/serve-static/-/serve-static-2.2.1.tgz 4148ms (cache miss)
2456 http fetch GET 200 https://registry.npmjs.org/router/-/router-2.2.0.tgz 4133ms (cache miss)
2457 http fetch GET 200 https://registry.npmjs.org/resolve-from/-/resolve-from-4.0.0.tgz 4128ms (cache miss)
2458 http fetch GET 200 https://registry.npmjs.org/require-from-string/-/require-from-string-2.0.2.tgz 4123ms (cache miss)
2459 http fetch GET 200 https://registry.npmjs.org/unist-util-is/-/unist-util-is-6.0.1.tgz 4295ms (cache miss)
2460 http fetch GET 200 https://registry.npmjs.org/strict-event-emitter/-/strict-event-emitter-0.5.1.tgz 4205ms (cache miss)
2461 http fetch GET 200 https://registry.npmjs.org/semver/-/semver-6.3.1.tgz 4314ms (cache miss)
2462 http fetch GET 200 https://registry.npmjs.org/run-applescript/-/run-applescript-7.1.0.tgz 4303ms (cache miss)
2463 http fetch GET 200 https://registry.npmjs.org/react-style-singleton/-/react-style-singleton-2.2.3.tgz 4278ms (cache miss)
2464 http fetch GET 200 https://registry.npmjs.org/typescript-eslint/-/typescript-eslint-8.61.1.tgz 4439ms (cache miss)
2465 http fetch GET 200 https://registry.npmjs.org/run-parallel/-/run-parallel-1.2.0.tgz 4369ms (cache miss)
2466 http fetch GET 200 https://registry.npmjs.org/restore-cursor/-/restore-cursor-5.1.0.tgz 4362ms (cache miss)
2467 http fetch GET 200 https://registry.npmjs.org/saxes/-/saxes-6.0.0.tgz 4376ms (cache miss)
2468 http fetch GET 200 https://registry.npmjs.org/regex-utilities/-/regex-utilities-2.3.0.tgz 4350ms (cache miss)
2469 http fetch GET 200 https://registry.npmjs.org/require-directory/-/require-directory-2.1.1.tgz 4436ms (cache miss)
2470 http fetch GET 200 https://registry.npmjs.org/remark-stringify/-/remark-stringify-11.0.0.tgz 4436ms (cache miss)
2471 http fetch GET 200 https://registry.npmjs.org/remark-math/-/remark-math-6.0.0.tgz 4436ms (cache miss)
2472 http fetch GET 200 https://registry.npmjs.org/react-router-dom/-/react-router-dom-7.18.0.tgz 4426ms (cache miss)
2473 http fetch GET 200 https://registry.npmjs.org/raw-body/-/raw-body-3.0.2.tgz 4419ms (cache miss)
2474 http fetch GET 200 https://registry.npmjs.org/webpack-virtual-modules/-/webpack-virtual-modules-0.6.2.tgz 4627ms (cache miss)
2475 http fetch GET 200 https://registry.npmjs.org/tslib/-/tslib-2.8.1.tgz 4582ms (cache miss)
2476 http fetch GET 200 https://registry.npmjs.org/remend/-/remend-1.3.0.tgz 4523ms (cache miss)
2477 http fetch GET 200 https://registry.npmjs.org/regex-recursion/-/regex-recursion-6.0.2.tgz 4514ms (cache miss)
2478 http fetch GET 200 https://registry.npmjs.org/remark-parse/-/remark-parse-11.0.0.tgz 4522ms (cache miss)
2479 http fetch GET 200 https://registry.npmjs.org/remark-cjk-friendly-gfm-strikethrough/-/remark-cjk-friendly-gfm-strikethrough-2.3.1.tgz 4521ms (cache miss)
2480 http fetch GET 200 https://registry.npmjs.org/rehype-harden/-/rehype-harden-1.1.8.tgz 4517ms (cache miss)
2481 http fetch GET 200 https://registry.npmjs.org/rehype-sanitize/-/rehype-sanitize-6.0.0.tgz 4521ms (cache miss)
2482 http fetch GET 200 https://registry.npmjs.org/redent/-/redent-3.0.0.tgz 4516ms (cache miss)
2483 http fetch GET 200 https://registry.npmjs.org/rehype-katex/-/rehype-katex-7.0.1.tgz 4520ms (cache miss)
2484 http fetch GET 200 https://registry.npmjs.org/rehype-raw/-/rehype-raw-7.0.0.tgz 4521ms (cache miss)
2485 http fetch GET 200 https://registry.npmjs.org/set-cookie-parser/-/set-cookie-parser-2.7.2.tgz 4775ms (cache miss)
2486 http fetch GET 200 https://registry.npmjs.org/rehype-highlight/-/rehype-highlight-7.0.2.tgz 4743ms (cache miss)
2487 http fetch GET 200 https://registry.npmjs.org/react-remove-scroll-bar/-/react-remove-scroll-bar-2.3.8.tgz 4736ms (cache miss)
2488 http fetch GET 200 https://registry.npmjs.org/pretty-ms/-/pretty-ms-9.3.0.tgz 4722ms (cache miss)
2489 http fetch GET 200 https://registry.npmjs.org/range-parser/-/range-parser-1.2.1.tgz 4729ms (cache miss)
2490 http fetch GET 200 https://registry.npmjs.org/proxy-addr/-/proxy-addr-2.0.7.tgz 4726ms (cache miss)
2491 http fetch GET 200 https://registry.npmjs.org/punycode/-/punycode-2.3.1.tgz 4727ms (cache miss)
2492 http fetch GET 200 https://registry.npmjs.org/use-stick-to-bottom/-/use-stick-to-bottom-1.1.6.tgz 4927ms (cache miss)
2493 http fetch GET 200 https://registry.npmjs.org/react-markdown/-/react-markdown-9.1.0.tgz 4806ms (cache miss)
2494 http fetch GET 200 https://registry.npmjs.org/react-is/-/react-is-17.0.2.tgz 4807ms (cache miss)
2495 http fetch GET 200 https://registry.npmjs.org/pkg-up/-/pkg-up-3.1.0.tgz 4796ms (cache miss)
2496 http fetch GET 200 https://registry.npmjs.org/queue-microtask/-/queue-microtask-1.2.3.tgz 4866ms (cache miss)
2497 http fetch GET 200 https://registry.npmjs.org/path-exists/-/path-exists-5.0.0.tgz 4866ms (cache miss)
2498 http fetch GET 200 https://registry.npmjs.org/path-browserify/-/path-browserify-1.0.1.tgz 4865ms (cache miss)
2499 http fetch GET 200 https://registry.npmjs.org/sonner/-/sonner-2.0.7.tgz 5023ms (cache miss)
2500 http fetch GET 200 https://registry.npmjs.org/powershell-utils/-/powershell-utils-0.1.0.tgz 4947ms (cache miss)
2501 http fetch GET 200 https://registry.npmjs.org/picocolors/-/picocolors-1.1.1.tgz 4950ms (cache miss)
2502 http fetch GET 200 https://registry.npmjs.org/path-parse/-/path-parse-1.0.7.tgz 4949ms (cache miss)
2503 http fetch GET 200 https://registry.npmjs.org/package-manager-detector/-/package-manager-detector-1.6.0.tgz 4934ms (cache miss)
2504 http fetch GET 200 https://registry.npmjs.org/unist-util-visit-parents/-/unist-util-visit-parents-6.0.2.tgz 5224ms (cache miss)
2505 http fetch GET 200 https://registry.npmjs.org/pathval/-/pathval-2.0.1.tgz 5026ms (cache miss)
2506 http fetch GET 200 https://registry.npmjs.org/parseurl/-/parseurl-1.3.3.tgz 5022ms (cache miss)
2507 http fetch GET 200 https://registry.npmjs.org/path-key/-/path-key-3.1.1.tgz 5026ms (cache miss)
2508 http fetch GET 200 https://registry.npmjs.org/reusify/-/reusify-1.1.0.tgz 5158ms (cache miss)
2509 http fetch GET 200 https://registry.npmjs.org/react-refresh/-/react-refresh-0.18.0.tgz 5133ms (cache miss)
2510 http fetch GET 200 https://registry.npmjs.org/points-on-path/-/points-on-path-0.2.1.tgz 5118ms (cache miss)
2511 http fetch GET 200 https://registry.npmjs.org/parse-ms/-/parse-ms-4.0.0.tgz 5116ms (cache miss)
2512 http fetch GET 200 https://registry.npmjs.org/parse-json/-/parse-json-5.2.0.tgz 5117ms (cache miss)
2513 http fetch GET 200 https://registry.npmjs.org/obliterator/-/obliterator-2.0.5.tgz 5093ms (cache miss)
2514 http fetch GET 200 https://registry.npmjs.org/onetime/-/onetime-5.1.2.tgz 5097ms (cache miss)
2515 http fetch GET 200 https://registry.npmjs.org/path-to-regexp/-/path-to-regexp-8.4.2.tgz 5280ms (cache miss)
2516 http fetch GET 200 https://registry.npmjs.org/path-data-parser/-/path-data-parser-0.1.0.tgz 5276ms (cache miss)
2517 http fetch GET 200 https://registry.npmjs.org/p-limit/-/p-limit-4.0.0.tgz 5259ms (cache miss)
2518 http fetch GET 200 https://registry.npmjs.org/p-locate/-/p-locate-6.0.0.tgz 5259ms (cache miss)
2519 http fetch GET 200 https://registry.npmjs.org/outvariant/-/outvariant-1.4.3.tgz 5259ms (cache miss)
2520 http fetch GET 200 https://registry.npmjs.org/open/-/open-11.0.0.tgz 5257ms (cache miss)
2521 http fetch GET 200 https://registry.npmjs.org/ora/-/ora-8.2.0.tgz 5259ms (cache miss)
2522 http fetch GET 200 https://registry.npmjs.org/npm-run-path/-/npm-run-path-6.0.0.tgz 5250ms (cache miss)
2523 http fetch GET 200 https://registry.npmjs.org/node-releases/-/node-releases-2.0.48.tgz 5251ms (cache miss)
2524 http fetch GET 200 https://registry.npmjs.org/whatwg-url/-/whatwg-url-16.0.1.tgz 5579ms (cache miss)
2525 http fetch GET 200 https://registry.npmjs.org/parse-entities/-/parse-entities-4.0.2.tgz 5353ms (cache miss)
2526 http fetch GET 200 https://registry.npmjs.org/p-try/-/p-try-2.2.0.tgz 5340ms (cache miss)
2527 http fetch GET 200 https://registry.npmjs.org/parent-module/-/parent-module-1.0.1.tgz 5353ms (cache miss)
2528 http fetch GET 200 https://registry.npmjs.org/package-json-from-dist/-/package-json-from-dist-1.0.1.tgz 5342ms (cache miss)
2529 http fetch GET 200 https://registry.npmjs.org/on-finished/-/on-finished-2.4.1.tgz 5333ms (cache miss)
2530 http fetch GET 200 https://registry.npmjs.org/object-treeify/-/object-treeify-1.1.33.tgz 5332ms (cache miss)
2531 http fetch GET 200 https://registry.npmjs.org/prelude-ls/-/prelude-ls-1.2.1.tgz 5408ms (cache miss)
2532 http fetch GET 200 https://registry.npmjs.org/rw/-/rw-1.3.3.tgz 5374ms (cache miss)
2533 http fetch GET 200 https://registry.npmjs.org/object-assign/-/object-assign-4.1.1.tgz 5373ms (cache miss)
2534 http fetch GET 200 https://registry.npmjs.org/mimic-function/-/mimic-function-5.0.1.tgz 5360ms (cache miss)
2535 http fetch GET 200 https://registry.npmjs.org/optionator/-/optionator-0.9.4.tgz 5452ms (cache miss)
2536 http fetch GET 200 https://registry.npmjs.org/once/-/once-1.4.0.tgz 5449ms (cache miss)
2537 http fetch GET 200 https://registry.npmjs.org/negotiator/-/negotiator-1.0.0.tgz 5439ms (cache miss)
2538 http fetch GET 200 https://registry.npmjs.org/ms/-/ms-2.1.3.tgz 5438ms (cache miss)
2539 http fetch GET 200 https://registry.npmjs.org/micromatch/-/micromatch-4.0.8.tgz 5432ms (cache miss)
2540 http fetch GET 200 https://registry.npmjs.org/points-on-curve/-/points-on-curve-0.2.0.tgz 5530ms (cache miss)
2541 http fetch GET 200 https://registry.npmjs.org/tr46/-/tr46-6.0.0.tgz 5683ms (cache miss)
2542 http fetch GET 200 https://registry.npmjs.org/tiny-invariant/-/tiny-invariant-1.3.3.tgz 5663ms (cache miss)
2543 http fetch GET 200 https://registry.npmjs.org/min-indent/-/min-indent-1.0.1.tgz 5484ms (cache miss)
2544 http fetch GET 200 https://registry.npmjs.org/micromark-util-types/-/micromark-util-types-2.0.2.tgz 5479ms (cache miss)
2545 http fetch GET 200 https://registry.npmjs.org/micromark-util-decode-string/-/micromark-util-decode-string-2.0.1.tgz 5473ms (cache miss)
2546 http fetch GET 200 https://registry.npmjs.org/micromark-util-combine-extensions/-/micromark-util-combine-extensions-2.0.1.tgz 5473ms (cache miss)
2547 http fetch GET 200 https://registry.npmjs.org/micromark-util-resolve-all/-/micromark-util-resolve-all-2.0.1.tgz 5480ms (cache miss)
2548 http fetch GET 200 https://registry.npmjs.org/micromark-util-subtokenize/-/micromark-util-subtokenize-2.1.0.tgz 5478ms (cache miss)
2549 http fetch GET 200 https://registry.npmjs.org/remark-cjk-friendly/-/remark-cjk-friendly-2.3.1.tgz 5634ms (cache miss)
2550 http fetch GET 200 https://registry.npmjs.org/remark-gfm/-/remark-gfm-4.0.1.tgz 5641ms (cache miss)
2551 http fetch GET 200 https://registry.npmjs.org/streamdown/-/streamdown-2.5.0.tgz 5710ms (cache miss)
2552 http fetch GET 200 https://registry.npmjs.org/natural-compare/-/natural-compare-1.4.0.tgz 5568ms (cache miss)
2553 http fetch GET 200 https://registry.npmjs.org/node-domexception/-/node-domexception-1.0.0.tgz 5570ms (cache miss)
2554 http fetch GET 200 https://registry.npmjs.org/mute-stream/-/mute-stream-3.0.0.tgz 5568ms (cache miss)
2555 http fetch GET 200 https://registry.npmjs.org/nanoid/-/nanoid-5.1.14.tgz 5557ms (cache miss)
2556 http fetch GET 200 https://registry.npmjs.org/mime-types/-/mime-types-3.0.2.tgz 5560ms (cache miss)
2557 http fetch GET 200 https://registry.npmjs.org/micromark-factory-space/-/micromark-factory-space-2.0.1.tgz 5546ms (cache miss)
2558 http fetch GET 200 https://registry.npmjs.org/pkce-challenge/-/pkce-challenge-5.0.1.tgz 5660ms (cache miss)
2559 http fetch GET 200 https://registry.npmjs.org/minimatch/-/minimatch-3.1.5.tgz 5607ms (cache miss)
2560 http fetch GET 200 https://registry.npmjs.org/micromark-util-sanitize-uri/-/micromark-util-sanitize-uri-2.0.1.tgz 5605ms (cache miss)
2561 http fetch GET 200 https://registry.npmjs.org/micromark-extension-gfm-tagfilter/-/micromark-extension-gfm-tagfilter-2.0.0.tgz 5593ms (cache miss)
2562 http fetch GET 200 https://registry.npmjs.org/micromark-factory-label/-/micromark-factory-label-2.0.1.tgz 5596ms (cache miss)
2563 http fetch GET 200 https://registry.npmjs.org/use-sync-external-store/-/use-sync-external-store-1.6.0.tgz 6032ms (cache miss)
2564 http fetch GET 200 https://registry.npmjs.org/micromark-factory-whitespace/-/micromark-factory-whitespace-2.0.1.tgz 5787ms (cache miss)
2565 http fetch GET 200 https://registry.npmjs.org/micromark-util-classify-character/-/micromark-util-classify-character-2.0.1.tgz 5792ms (cache miss)
2566 http fetch GET 200 https://registry.npmjs.org/micromark-factory-title/-/micromark-factory-title-2.0.1.tgz 5790ms (cache miss)
2567 http fetch GET 200 https://registry.npmjs.org/micromark-util-chunked/-/micromark-util-chunked-2.0.1.tgz 5792ms (cache miss)
2568 http fetch GET 200 https://registry.npmjs.org/micromark-util-character/-/micromark-util-character-2.1.1.tgz 5790ms (cache miss)
2569 http fetch GET 200 https://registry.npmjs.org/micromark-extension-cjk-friendly-gfm-strikethrough/-/micromark-extension-cjk-friendly-gfm-strikethrough-2.0.1.tgz 5782ms (cache miss)
2570 http fetch GET 200 https://registry.npmjs.org/micromark-extension-gfm/-/micromark-extension-gfm-3.0.0.tgz 5785ms (cache miss)
2571 http fetch GET 200 https://registry.npmjs.org/rettime/-/rettime-0.11.11.tgz 5931ms (cache miss)
2572 http fetch GET 200 https://registry.npmjs.org/picomatch/-/picomatch-4.0.4.tgz 5892ms (cache miss)
2573 http fetch GET 200 https://registry.npmjs.org/mimic-fn/-/mimic-fn-3.1.0.tgz 5854ms (cache miss)
2574 http fetch GET 200 https://registry.npmjs.org/micromark-util-encode/-/micromark-util-encode-2.0.1.tgz 5846ms (cache miss)
2575 http fetch GET 200 https://registry.npmjs.org/micromark-util-html-tag-name/-/micromark-util-html-tag-name-2.0.1.tgz 5849ms (cache miss)
2576 http fetch GET 200 https://registry.npmjs.org/micromark-extension-gfm-strikethrough/-/micromark-extension-gfm-strikethrough-2.1.0.tgz 5843ms (cache miss)
2577 http fetch GET 200 https://registry.npmjs.org/merge-stream/-/merge-stream-2.0.0.tgz 5836ms (cache miss)
2578 http fetch GET 200 https://registry.npmjs.org/merge-descriptors/-/merge-descriptors-2.0.0.tgz 5841ms (cache miss)
2579 http fetch GET 200 https://registry.npmjs.org/micromark-extension-gfm-task-list-item/-/micromark-extension-gfm-task-list-item-2.1.0.tgz 5858ms (cache miss)
2580 http fetch GET 200 https://registry.npmjs.org/scheduler/-/scheduler-0.27.0.tgz 6215ms (cache miss)
2581 http fetch GET 200 https://registry.npmjs.org/esbuild 6547ms (cache miss)
2582 silly packumentCache corgi:https://registry.npmjs.org/esbuild set size:undefined disposed:false
2583 http fetch GET 200 https://registry.npmjs.org/micromark-util-normalize-identifier/-/micromark-util-normalize-identifier-2.0.1.tgz 6213ms (cache miss)
2584 http fetch GET 200 https://registry.npmjs.org/micromark-util-decode-numeric-character-reference/-/micromark-util-decode-numeric-character-reference-2.0.2.tgz 6210ms (cache miss)
2585 http fetch GET 200 https://registry.npmjs.org/mdast-util-to-string/-/mdast-util-to-string-4.0.0.tgz 6190ms (cache miss)
2586 http fetch GET 200 https://registry.npmjs.org/mdast-util-to-markdown-cjk-friendly-gfm-strikethrough/-/mdast-util-to-markdown-cjk-friendly-gfm-strikethrough-1.0.0.tgz 6190ms (cache miss)
2587 http fetch GET 200 https://registry.npmjs.org/micromark-extension-cjk-friendly-util/-/micromark-extension-cjk-friendly-util-3.0.1.tgz 6200ms (cache miss)
2588 http fetch GET 200 https://registry.npmjs.org/mdast-util-mdxjs-esm/-/mdast-util-mdxjs-esm-2.0.1.tgz 6188ms (cache miss)
2589 http fetch GET 200 https://registry.npmjs.org/style-to-object/-/style-to-object-1.0.14.tgz 6446ms (cache miss)
2590 http fetch GET 200 https://registry.npmjs.org/merge2/-/merge2-1.4.1.tgz 6261ms (cache miss)
2591 http fetch GET 200 https://registry.npmjs.org/media-typer/-/media-typer-1.1.0.tgz 6260ms (cache miss)
2592 http fetch GET 200 https://registry.npmjs.org/mdast-util-gfm-task-list-item/-/mdast-util-gfm-task-list-item-2.0.0.tgz 6253ms (cache miss)
2593 http fetch GET 200 https://registry.npmjs.org/unified/-/unified-11.0.5.tgz 6756ms (cache miss)
2594 http fetch GET 200 https://registry.npmjs.org/mime-db/-/mime-db-1.54.0.tgz 6516ms (cache miss)
2595 http fetch GET 200 https://registry.npmjs.org/mdast-util-gfm-footnote/-/mdast-util-gfm-footnote-2.1.0.tgz 6479ms (cache miss)
2596 http fetch GET 200 https://registry.npmjs.org/mdast-util-gfm/-/mdast-util-gfm-3.1.0.tgz 6479ms (cache miss)
2597 http fetch GET 200 https://registry.npmjs.org/mdast-util-phrasing/-/mdast-util-phrasing-4.1.0.tgz 6485ms (cache miss)
2598 http fetch GET 200 https://registry.npmjs.org/micromark-extension-cjk-friendly/-/micromark-extension-cjk-friendly-2.0.1.tgz 6543ms (cache miss)
2599 http fetch GET 200 https://registry.npmjs.org/mdast-util-gfm-strikethrough/-/mdast-util-gfm-strikethrough-2.0.0.tgz 6529ms (cache miss)
2600 http fetch GET 200 https://registry.npmjs.org/obug/-/obug-2.1.3.tgz 6623ms (cache miss)
2601 http fetch GET 200 https://registry.npmjs.org/mdast-util-mdx-jsx/-/mdast-util-mdx-jsx-3.2.0.tgz 6575ms (cache miss)
2602 http fetch GET 200 https://registry.npmjs.org/mdast-util-gfm-table/-/mdast-util-gfm-table-2.0.0.tgz 6573ms (cache miss)
2603 http fetch GET 200 https://registry.npmjs.org/mdast-util-find-and-replace/-/mdast-util-find-and-replace-3.0.2.tgz 6571ms (cache miss)
2604 http fetch GET 200 https://registry.npmjs.org/math-intrinsics/-/math-intrinsics-1.1.0.tgz 6571ms (cache miss)
2605 http fetch GET 200 https://registry.npmjs.org/mdast-util-to-markdown-cjk-friendly/-/mdast-util-to-markdown-cjk-friendly-1.0.0.tgz 6589ms (cache miss)
2606 http fetch GET 200 https://registry.npmjs.org/yargs-parser/-/yargs-parser-21.1.1.tgz 6982ms (cache miss)
2607 http fetch GET 200 https://registry.npmjs.org/mdast-util-mdx-expression/-/mdast-util-mdx-expression-2.0.1.tgz 6662ms (cache miss)
2608 http fetch GET 200 https://registry.npmjs.org/mdast-util-gfm-autolink-literal/-/mdast-util-gfm-autolink-literal-2.0.1.tgz 6656ms (cache miss)
2609 http fetch GET 200 https://registry.npmjs.org/markdown-table/-/markdown-table-3.0.4.tgz 6656ms (cache miss)
2610 http fetch GET 200 https://registry.npmjs.org/lines-and-columns/-/lines-and-columns-1.2.4.tgz 6640ms (cache miss)
2611 http fetch GET 200 https://registry.npmjs.org/locate-path/-/locate-path-7.2.0.tgz 6643ms (cache miss)
2612 http fetch GET 200 https://registry.npmjs.org/lowlight/-/lowlight-1.20.0.tgz 6657ms (cache miss)
2613 http fetch GET 200 https://registry.npmjs.org/mdast-util-math/-/mdast-util-math-3.0.0.tgz 6714ms (cache miss)
2614 http fetch GET 200 https://registry.npmjs.org/log-symbols/-/log-symbols-6.0.0.tgz 6693ms (cache miss)
2615 http fetch GET 200 https://registry.npmjs.org/longest-streak/-/longest-streak-3.1.0.tgz 6694ms (cache miss)
2616 http fetch GET 200 https://registry.npmjs.org/json-stable-stringify-without-jsonify/-/json-stable-stringify-without-jsonify-1.0.1.tgz 6681ms (cache miss)
2617 http fetch GET 200 https://registry.npmjs.org/keyv/-/keyv-4.5.4.tgz 6685ms (cache miss)
2618 http fetch GET 200 https://registry.npmjs.org/jsonfile/-/jsonfile-6.2.1.tgz 6684ms (cache miss)
2619 http fetch GET 200 https://registry.npmjs.org/undici-types/-/undici-types-7.24.6.tgz 7036ms (cache miss)
2620 http fetch GET 200 https://registry.npmjs.org/levn/-/levn-0.4.1.tgz 6740ms (cache miss)
2621 http fetch GET 200 https://registry.npmjs.org/lodash.merge/-/lodash.merge-4.6.2.tgz 6746ms (cache miss)
2622 http fetch GET 200 https://registry.npmjs.org/linkify-it/-/linkify-it-3.0.3.tgz 6754ms (cache miss)
2623 http fetch GET 200 https://registry.npmjs.org/lru-cache/-/lru-cache-5.1.1.tgz 6883ms (cache miss)
2624 http fetch GET 200 https://registry.npmjs.org/kleur/-/kleur-4.1.5.tgz 6869ms (cache miss)
2625 http fetch GET 200 https://registry.npmjs.org/isexe/-/isexe-2.0.0.tgz 6844ms (cache miss)
2626 http fetch GET 200 https://registry.npmjs.org/jsesc/-/jsesc-3.1.0.tgz 6850ms (cache miss)
2627 http fetch GET 200 https://registry.npmjs.org/js-tokens/-/js-tokens-4.0.0.tgz 7255ms (cache miss)
2628 http fetch GET 200 https://registry.npmjs.org/json-schema/-/json-schema-0.4.0.tgz 7266ms (cache miss)
2629 http fetch GET 200 https://registry.npmjs.org/json-parse-even-better-errors/-/json-parse-even-better-errors-2.3.1.tgz 7331ms (cache miss)
2630 http fetch GET 200 https://registry.npmjs.org/json-buffer/-/json-buffer-3.0.1.tgz 7330ms (cache miss)
2631 http fetch GET 200 https://registry.npmjs.org/is-wsl/-/is-wsl-3.1.1.tgz 7325ms (cache miss)
2632 http fetch GET 200 https://registry.npmjs.org/is-potential-custom-element-name/-/is-potential-custom-element-name-1.0.1.tgz 7324ms (cache miss)
2633 http fetch GET 200 https://registry.npmjs.org/is-plain-obj/-/is-plain-obj-4.1.0.tgz 7326ms (cache miss)
2634 http fetch GET 200 https://registry.npmjs.org/is-node-process/-/is-node-process-1.2.0.tgz 7328ms (cache miss)
2635 http fetch GET 200 https://registry.npmjs.org/is-number/-/is-number-7.0.0.tgz 7330ms (cache miss)
2636 http fetch GET 200 https://registry.npmjs.org/is-obj/-/is-obj-2.0.0.tgz 7329ms (cache miss)
2637 http fetch GET 200 https://registry.npmjs.org/style-to-js/-/style-to-js-1.1.21.tgz 7632ms (cache miss)
2638 http fetch GET 200 https://registry.npmjs.org/is-hexadecimal/-/is-hexadecimal-2.0.1.tgz 7377ms (cache miss)
2639 http fetch GET 200 https://registry.npmjs.org/is-glob/-/is-glob-4.0.3.tgz 7378ms (cache miss)
2640 http fetch GET 200 https://registry.npmjs.org/is-docker/-/is-docker-3.0.0.tgz 7376ms (cache miss)
2641 http fetch GET 200 https://registry.npmjs.org/is-unicode-supported/-/is-unicode-supported-2.1.0.tgz 7395ms (cache miss)
2642 http fetch GET 200 https://registry.npmjs.org/ts-api-utils/-/ts-api-utils-2.5.0.tgz 7772ms (cache miss)
2643 http fetch GET 200 https://registry.npmjs.org/tapable/-/tapable-2.3.3.tgz 7737ms (cache miss)
2644 http fetch GET 200 https://registry.npmjs.org/is-regexp/-/is-regexp-3.1.0.tgz 7463ms (cache miss)
2645 http fetch GET 200 https://registry.npmjs.org/is-stream/-/is-stream-4.0.1.tgz 7465ms (cache miss)
2646 http fetch GET 200 https://registry.npmjs.org/is-interactive/-/is-interactive-2.0.0.tgz 7460ms (cache miss)
2647 http fetch GET 200 https://registry.npmjs.org/is-in-ssh/-/is-in-ssh-1.0.0.tgz 7459ms (cache miss)
2648 http fetch GET 200 https://registry.npmjs.org/is-fullwidth-code-point/-/is-fullwidth-code-point-3.0.0.tgz 7458ms (cache miss)
2649 http fetch GET 200 https://registry.npmjs.org/is-arrayish/-/is-arrayish-0.2.1.tgz 7456ms (cache miss)
2650 http fetch GET 200 https://registry.npmjs.org/inline-style-parser/-/inline-style-parser-0.2.7.tgz 7452ms (cache miss)
2651 http fetch GET 200 https://registry.npmjs.org/internmap/-/internmap-2.0.3.tgz 7453ms (cache miss)
2652 http fetch GET 200 https://registry.npmjs.org/is-decimal/-/is-decimal-2.0.1.tgz 7457ms (cache miss)
2653 http fetch GET 200 https://registry.npmjs.org/postcss 7974ms (cache miss)
2654 silly packumentCache corgi:https://registry.npmjs.org/postcss set size:undefined disposed:false
2655 http fetch GET 200 https://registry.npmjs.org/source-map-js/-/source-map-js-1.2.1.tgz 7774ms (cache miss)
2656 http fetch GET 200 https://registry.npmjs.org/is-core-module/-/is-core-module-2.16.2.tgz 7525ms (cache miss)
2657 http fetch GET 200 https://registry.npmjs.org/inherits/-/inherits-2.0.4.tgz 7521ms (cache miss)
2658 http fetch GET 200 https://registry.npmjs.org/is-inside-container/-/is-inside-container-1.0.0.tgz 7588ms (cache miss)
2659 http fetch GET 200 https://registry.npmjs.org/is-promise/-/is-promise-4.0.0.tgz 7593ms (cache miss)
2660 http fetch GET 200 https://registry.npmjs.org/is-alphanumerical/-/is-alphanumerical-2.0.1.tgz 7583ms (cache miss)
2661 http fetch GET 200 https://registry.npmjs.org/ipaddr.js/-/ipaddr.js-1.9.1.tgz 7581ms (cache miss)
2662 http fetch GET 200 https://registry.npmjs.org/imurmurhash/-/imurmurhash-0.1.4.tgz 7578ms (cache miss)
2663 http fetch GET 200 https://registry.npmjs.org/human-signals/-/human-signals-8.0.1.tgz 7576ms (cache miss)
2664 http fetch GET 200 https://registry.npmjs.org/micromark-factory-destination/-/micromark-factory-destination-2.0.1.tgz 7578ms (cache miss)
2665 http fetch GET 200 https://registry.npmjs.org/ignore/-/ignore-5.3.2.tgz 7578ms (cache miss)
2666 http fetch GET 200 https://registry.npmjs.org/http-errors/-/http-errors-2.0.1.tgz 7575ms (cache miss)
2667 http fetch GET 200 https://registry.npmjs.org/import-fresh/-/import-fresh-3.3.1.tgz 7577ms (cache miss)
2668 http fetch GET 200 https://registry.npmjs.org/html-void-elements/-/html-void-elements-3.0.0.tgz 7576ms (cache miss)
2669 http fetch GET 200 https://registry.npmjs.org/zod-validation-error/-/zod-validation-error-4.0.2.tgz 8040ms (cache miss)
2670 http fetch GET 200 https://registry.npmjs.org/html-url-attributes/-/html-url-attributes-3.0.1.tgz 7627ms (cache miss)
2671 http fetch GET 200 https://registry.npmjs.org/indent-string/-/indent-string-4.0.0.tgz 7640ms (cache miss)
2672 http fetch GET 200 https://registry.npmjs.org/highlightjs-vue/-/highlightjs-vue-1.0.0.tgz 7629ms (cache miss)
2673 http fetch GET 200 https://registry.npmjs.org/hastscript/-/hastscript-6.0.0.tgz 7630ms (cache miss)
2674 http fetch GET 200 https://registry.npmjs.org/hast-util-to-text/-/hast-util-to-text-4.0.2.tgz 7627ms (cache miss)
2675 http fetch GET 200 https://registry.npmjs.org/html-encoding-sniffer/-/html-encoding-sniffer-6.0.0.tgz 7634ms (cache miss)
2676 http fetch GET 200 https://registry.npmjs.org/hast-util-to-jsx-runtime/-/hast-util-to-jsx-runtime-2.3.6.tgz 7627ms (cache miss)
2677 http fetch GET 200 https://registry.npmjs.org/radix-ui/-/radix-ui-1.6.0.tgz 7864ms (cache miss)
2678 http fetch GET 200 https://registry.npmjs.org/is-extglob/-/is-extglob-2.1.1.tgz 7694ms (cache miss)
2679 http fetch GET 200 https://registry.npmjs.org/json-schema-typed/-/json-schema-typed-8.0.2.tgz 7771ms (cache miss)
2680 http fetch GET 200 https://registry.npmjs.org/is-alphabetical/-/is-alphabetical-2.0.1.tgz 7731ms (cache miss)
2681 http fetch GET 200 https://registry.npmjs.org/hast-util-whitespace/-/hast-util-whitespace-3.0.0.tgz 7717ms (cache miss)
2682 http fetch GET 200 https://registry.npmjs.org/hast-util-to-parse5/-/hast-util-to-parse5-8.0.1.tgz 7716ms (cache miss)
2683 http fetch GET 200 https://registry.npmjs.org/hast-util-parse-selector/-/hast-util-parse-selector-2.2.5.tgz 7713ms (cache miss)
2684 http fetch GET 200 https://registry.npmjs.org/has-flag/-/has-flag-4.0.0.tgz 7705ms (cache miss)
2685 http fetch GET 200 https://registry.npmjs.org/hasown/-/hasown-2.0.4.tgz 7707ms (cache miss)
2686 http fetch GET 200 https://registry.npmjs.org/hast-util-raw/-/hast-util-raw-9.1.0.tgz 7717ms (cache miss)
2687 http fetch GET 200 https://registry.npmjs.org/stylis/-/stylis-4.4.0.tgz 8093ms (cache miss)
2688 http fetch GET 200 https://registry.npmjs.org/hast-util-from-html-isomorphic/-/hast-util-from-html-isomorphic-2.0.0.tgz 7792ms (cache miss)
2689 http fetch GET 200 https://registry.npmjs.org/hast-util-is-element/-/hast-util-is-element-3.0.0.tgz 7793ms (cache miss)
2690 http fetch GET 200 https://registry.npmjs.org/hast-util-from-dom/-/hast-util-from-dom-5.0.1.tgz 7790ms (cache miss)
2691 http fetch GET 200 https://registry.npmjs.org/pathe/-/pathe-2.0.3.tgz 8032ms (cache miss)
2692 http fetch GET 200 https://registry.npmjs.org/json-schema-traverse/-/json-schema-traverse-1.0.0.tgz 7898ms (cache miss)
2693 http fetch GET 200 https://registry.npmjs.org/hast-util-from-parse5/-/hast-util-from-parse5-8.0.3.tgz 7845ms (cache miss)
2694 http fetch GET 200 https://registry.npmjs.org/hachure-fill/-/hachure-fill-0.5.2.tgz 7840ms (cache miss)
2695 http fetch GET 200 https://registry.npmjs.org/graceful-fs/-/graceful-fs-4.2.11.tgz 7835ms (cache miss)
2696 http fetch GET 200 https://registry.npmjs.org/gopd/-/gopd-1.2.0.tgz 7836ms (cache miss)
2697 http fetch GET 200 https://registry.npmjs.org/get-stream/-/get-stream-9.0.1.tgz 7834ms (cache miss)
2698 http fetch GET 200 https://registry.npmjs.org/graphology-communities-louvain/-/graphology-communities-louvain-2.0.2.tgz 7834ms (cache miss)
2699 http fetch GET 200 https://registry.npmjs.org/get-nonce/-/get-nonce-1.0.1.tgz 7833ms (cache miss)
2700 http fetch GET 200 https://registry.npmjs.org/use-debounce/-/use-debounce-10.1.1.tgz 8292ms (cache miss)
2701 http fetch GET 200 https://registry.npmjs.org/graphology-layout-noverlap/-/graphology-layout-noverlap-0.4.2.tgz 7889ms (cache miss)
2702 http fetch GET 200 https://registry.npmjs.org/glob-parent/-/glob-parent-6.0.2.tgz 7885ms (cache miss)
2703 http fetch GET 200 https://registry.npmjs.org/get-east-asian-width/-/get-east-asian-width-1.6.0.tgz 7882ms (cache miss)
2704 http fetch GET 200 https://registry.npmjs.org/get-own-enumerable-keys/-/get-own-enumerable-keys-1.0.0.tgz 7932ms (cache miss)
2705 http fetch GET 200 https://registry.npmjs.org/graphology-layout-forceatlas2/-/graphology-layout-forceatlas2-0.10.1.tgz 7939ms (cache miss)
2706 http fetch GET 200 https://registry.npmjs.org/graphology-types/-/graphology-types-0.24.8.tgz 7941ms (cache miss)
2707 http fetch GET 200 https://registry.npmjs.org/get-proto/-/get-proto-1.0.1.tgz 7934ms (cache miss)
2708 http fetch GET 200 https://registry.npmjs.org/fuzzysort/-/fuzzysort-3.1.0.tgz 7931ms (cache miss)
2709 http fetch GET 200 https://registry.npmjs.org/flatted/-/flatted-3.4.2.tgz 7926ms (cache miss)
2710 http fetch GET 200 https://registry.npmjs.org/fresh/-/fresh-2.0.0.tgz 7930ms (cache miss)
2711 http fetch GET 200 https://registry.npmjs.org/foreground-child/-/foreground-child-3.3.1.tgz 7930ms (cache miss)
2712 http fetch GET 200 https://registry.npmjs.org/graphology-utils/-/graphology-utils-2.5.2.tgz 8016ms (cache miss)
2713 http fetch GET 200 https://registry.npmjs.org/gensync/-/gensync-1.0.0-beta.2.tgz 8006ms (cache miss)
2714 http fetch GET 200 https://registry.npmjs.org/get-intrinsic/-/get-intrinsic-1.3.0.tgz 8005ms (cache miss)
2715 http fetch GET 200 https://registry.npmjs.org/get-caller-file/-/get-caller-file-2.0.5.tgz 8007ms (cache miss)
2716 http fetch GET 200 https://registry.npmjs.org/formdata-polyfill/-/formdata-polyfill-4.0.10.tgz 8006ms (cache miss)
2717 http fetch GET 200 https://registry.npmjs.org/find-up/-/find-up-7.0.0.tgz 8007ms (cache miss)
2718 http fetch GET 200 https://registry.npmjs.org/fill-range/-/fill-range-7.1.1.tgz 8007ms (cache miss)
2719 http fetch GET 200 https://registry.npmjs.org/file-entry-cache/-/file-entry-cache-8.0.0.tgz 8006ms (cache miss)
2720 http fetch GET 200 https://registry.npmjs.org/format/-/format-0.2.2.tgz 8006ms (cache miss)
2721 http fetch GET 200 https://registry.npmjs.org/forwarded/-/forwarded-0.2.0.tgz 8079ms (cache miss)
2722 http fetch GET 200 https://registry.npmjs.org/flat-cache/-/flat-cache-4.0.1.tgz 8077ms (cache miss)
2723 http fetch GET 200 https://registry.npmjs.org/extend/-/extend-3.0.2.tgz 8067ms (cache miss)
2724 http fetch GET 200 https://registry.npmjs.org/fast-deep-equal/-/fast-deep-equal-3.1.3.tgz 8070ms (cache miss)
2725 http fetch GET 200 https://registry.npmjs.org/fast-levenshtein/-/fast-levenshtein-2.0.6.tgz 8073ms (cache miss)
2726 http fetch GET 200 https://registry.npmjs.org/fast-string-truncated-width/-/fast-string-truncated-width-3.0.3.tgz 8074ms (cache miss)
2727 http fetch GET 200 https://registry.npmjs.org/ws/-/ws-8.21.0.tgz 8582ms (cache miss)
2728 http fetch GET 200 https://registry.npmjs.org/tough-cookie/-/tough-cookie-6.0.1.tgz 8502ms (cache miss)
2729 http fetch GET 200 https://registry.npmjs.org/graphology-indices/-/graphology-indices-0.17.0.tgz 8157ms (cache miss)
2730 http fetch GET 200 https://registry.npmjs.org/fault/-/fault-1.0.4.tgz 8136ms (cache miss)
2731 http fetch GET 200 https://registry.npmjs.org/finalhandler/-/finalhandler-2.1.1.tgz 8141ms (cache miss)
2732 http fetch GET 200 https://registry.npmjs.org/figures/-/figures-6.1.0.tgz 8140ms (cache miss)
2733 http fetch GET 200 https://registry.npmjs.org/fetch-blob/-/fetch-blob-3.2.0.tgz 8140ms (cache miss)
2734 http fetch GET 200 https://registry.npmjs.org/etag/-/etag-1.8.1.tgz 8129ms (cache miss)
2735 http fetch GET 200 https://registry.npmjs.org/estree-util-is-identifier-name/-/estree-util-is-identifier-name-3.0.0.tgz 8128ms (cache miss)
2736 http fetch GET 200 https://registry.npmjs.org/esutils/-/esutils-2.0.3.tgz 8129ms (cache miss)
2737 http fetch GET 200 https://registry.npmjs.org/fast-wrap-ansi/-/fast-wrap-ansi-0.2.2.tgz 8188ms (cache miss)
2738 http fetch GET 200 https://registry.npmjs.org/estraverse/-/estraverse-5.3.0.tgz 8176ms (cache miss)
2739 http fetch GET 200 https://registry.npmjs.org/eslint-visitor-keys/-/eslint-visitor-keys-4.2.1.tgz 8174ms (cache miss)
2740 http fetch GET 200 https://registry.npmjs.org/esrecurse/-/esrecurse-4.3.0.tgz 8177ms (cache miss)
2741 http fetch GET 200 https://registry.npmjs.org/fast-json-stable-stringify/-/fast-json-stable-stringify-2.1.0.tgz 8189ms (cache miss)
2742 http fetch GET 200 https://registry.npmjs.org/eslint-plugin-react-refresh/-/eslint-plugin-react-refresh-0.4.26.tgz 8175ms (cache miss)
2743 http fetch GET 200 https://registry.npmjs.org/fdir/-/fdir-6.5.0.tgz 8248ms (cache miss)
2744 http fetch GET 200 https://registry.npmjs.org/estree-walker/-/estree-walker-2.0.2.tgz 8237ms (cache miss)
2745 http fetch GET 200 https://registry.npmjs.org/escape-string-regexp/-/escape-string-regexp-4.0.0.tgz 8228ms (cache miss)
2746 http fetch GET 200 https://registry.npmjs.org/escape-html/-/escape-html-1.0.3.tgz 8229ms (cache miss)
2747 http fetch GET 200 https://registry.npmjs.org/globals/-/globals-17.6.0.tgz 8327ms (cache miss)
2748 http fetch GET 200 https://registry.npmjs.org/fast-string-width/-/fast-string-width-3.0.2.tgz 8307ms (cache miss)
2749 http fetch GET 200 https://registry.npmjs.org/escalade/-/escalade-3.2.0.tgz 8285ms (cache miss)
2750 http fetch GET 200 https://registry.npmjs.org/es-errors/-/es-errors-1.3.0.tgz 8282ms (cache miss)
2751 http fetch GET 200 https://registry.npmjs.org/error-ex/-/error-ex-1.3.4.tgz 8279ms (cache miss)
2752 http fetch GET 200 https://registry.npmjs.org/react-virtualized-auto-sizer/-/react-virtualized-auto-sizer-1.0.26.tgz 8600ms (cache miss)
2753 silly packumentCache corgi:https://registry.npmjs.org/vite cache-miss
2754 http fetch GET 200 https://registry.npmjs.org/function-bind/-/function-bind-1.1.2.tgz 8376ms (cache miss)
2755 http fetch GET 200 https://registry.npmjs.org/es-object-atoms/-/es-object-atoms-1.1.2.tgz 8337ms (cache miss)
2756 http fetch GET 200 https://registry.npmjs.org/escape-carriage/-/escape-carriage-1.3.1.tgz 8343ms (cache miss)
2757 http fetch GET 200 https://registry.npmjs.org/encodeurl/-/encodeurl-2.0.0.tgz 8334ms (cache miss)
2758 http fetch GET 200 https://registry.npmjs.org/stringify-entities/-/stringify-entities-4.0.4.tgz 8765ms (cache miss)
2759 http fetch GET 200 https://registry.npmjs.org/micromark-extension-gfm-autolink-literal/-/micromark-extension-gfm-autolink-literal-2.1.0.tgz 8588ms (cache miss)
2760 http fetch GET 200 https://registry.npmjs.org/es-define-property/-/es-define-property-1.0.1.tgz 8415ms (cache miss)
2761 http fetch GET 200 https://registry.npmjs.org/eciesjs/-/eciesjs-0.4.18.tgz 8407ms (cache miss)
2762 http fetch GET 200 https://registry.npmjs.org/ee-first/-/ee-first-1.1.1.tgz 8407ms (cache miss)
2763 http fetch GET 200 https://registry.npmjs.org/dunder-proto/-/dunder-proto-1.0.1.tgz 8407ms (cache miss)
2764 http fetch GET 200 https://registry.npmjs.org/dot-prop/-/dot-prop-6.0.1.tgz 8407ms (cache miss)
2765 http fetch GET 200 https://registry.npmjs.org/eastasianwidth/-/eastasianwidth-0.2.0.tgz 8409ms (cache miss)
2766 http fetch GET 200 https://registry.npmjs.org/emoji-regex/-/emoji-regex-9.2.2.tgz 8461ms (cache miss)
2767 http fetch GET 200 https://registry.npmjs.org/embla-carousel-reactive-utils/-/embla-carousel-reactive-utils-8.6.0.tgz 8456ms (cache miss)
2768 http fetch GET 200 https://registry.npmjs.org/env-paths/-/env-paths-2.2.1.tgz 8465ms (cache miss)
2769 http fetch GET 200 https://registry.npmjs.org/detect-node-es/-/detect-node-es-1.1.0.tgz 8457ms (cache miss)
2770 http fetch GET 200 https://registry.npmjs.org/vfile/-/vfile-6.0.3.tgz 8980ms (cache miss)
2771 http fetch GET 200 https://registry.npmjs.org/micromark-util-symbol/-/micromark-util-symbol-2.0.1.tgz 8716ms (cache miss)
2772 http fetch GET 200 https://registry.npmjs.org/hast-util-sanitize/-/hast-util-sanitize-5.0.2.tgz 8589ms (cache miss)
2773 http fetch GET 200 https://registry.npmjs.org/has-symbols/-/has-symbols-1.1.0.tgz 8581ms (cache miss)
2774 http fetch GET 200 https://registry.npmjs.org/define-lazy-prop/-/define-lazy-prop-3.0.0.tgz 8529ms (cache miss)
2775 http fetch GET 200 https://registry.npmjs.org/default-browser/-/default-browser-5.5.0.tgz 8529ms (cache miss)
2776 http fetch GET 200 https://registry.npmjs.org/delaunator/-/delaunator-5.1.0.tgz 8531ms (cache miss)
2777 http fetch GET 200 https://registry.npmjs.org/default-browser-id/-/default-browser-id-5.0.1.tgz 8530ms (cache miss)
2778 http fetch GET 200 https://registry.npmjs.org/deepmerge/-/deepmerge-4.3.1.tgz 8530ms (cache miss)
2779 http fetch GET 200 https://registry.npmjs.org/dequal/-/dequal-2.0.3.tgz 8535ms (cache miss)
2780 http fetch GET 200 https://registry.npmjs.org/devlop/-/devlop-1.1.0.tgz 8594ms (cache miss)
2781 http fetch GET 200 https://registry.npmjs.org/deep-eql/-/deep-eql-5.0.2.tgz 8589ms (cache miss)
2782 http fetch GET 200 https://registry.npmjs.org/dedent/-/dedent-1.7.2.tgz 8591ms (cache miss)
2783 http fetch GET 200 https://registry.npmjs.org/debug/-/debug-4.4.3.tgz 8588ms (cache miss)
2784 http fetch GET 200 https://registry.npmjs.org/data-urls/-/data-urls-7.0.0.tgz 8588ms (cache miss)
2785 http fetch GET 200 https://registry.npmjs.org/micromark-extension-gfm-footnote/-/micromark-extension-gfm-footnote-2.1.0.tgz 8826ms (cache miss)
2786 http fetch GET 200 https://registry.npmjs.org/esbuild/-/esbuild-0.25.12.tgz 8659ms (cache miss)
2787 http fetch GET 200 https://registry.npmjs.org/detect-libc/-/detect-libc-2.1.2.tgz 8641ms (cache miss)
2788 http fetch GET 200 https://registry.npmjs.org/debounce-fn/-/debounce-fn-4.0.0.tgz 8633ms (cache miss)
2789 http fetch GET 200 https://registry.npmjs.org/data-uri-to-buffer/-/data-uri-to-buffer-4.0.1.tgz 8634ms (cache miss)
2790 http fetch GET 200 https://registry.npmjs.org/depd/-/depd-2.0.0.tgz 8645ms (cache miss)
2791 http fetch GET 200 https://registry.npmjs.org/https-proxy-agent/-/https-proxy-agent-7.0.6.tgz 8793ms (cache miss)
2792 http fetch GET 200 https://registry.npmjs.org/hast-util-from-html/-/hast-util-from-html-2.0.3.tgz 8776ms (cache miss)
2793 http fetch GET 200 https://registry.npmjs.org/decode-named-character-reference/-/decode-named-character-reference-1.3.0.tgz 8704ms (cache miss)
2794 http fetch GET 200 https://registry.npmjs.org/d3-sankey/-/d3-sankey-0.12.3.tgz 8699ms (cache miss)
2795 http fetch GET 200 https://registry.npmjs.org/deep-is/-/deep-is-0.1.4.tgz 8709ms (cache miss)
2796 http fetch GET 200 https://registry.npmjs.org/d3-timer/-/d3-timer-3.0.1.tgz 8777ms (cache miss)
2797 http fetch GET 200 https://registry.npmjs.org/d3-fetch/-/d3-fetch-3.0.1.tgz 8770ms (cache miss)
2798 http fetch GET 200 https://registry.npmjs.org/d3-polygon/-/d3-polygon-3.0.1.tgz 8779ms (cache miss)
2799 http fetch GET 200 https://registry.npmjs.org/robust-predicates/-/robust-predicates-3.0.3.tgz 9155ms (cache miss)
2800 http fetch GET 200 https://registry.npmjs.org/express/-/express-5.2.1.tgz 8877ms (cache miss)
2801 http fetch GET 200 https://registry.npmjs.org/fastq/-/fastq-1.20.1.tgz 8883ms (cache miss)
2802 http fetch GET 200 https://registry.npmjs.org/d3-drag/-/d3-drag-3.0.0.tgz 8821ms (cache miss)
2803 http fetch GET 200 https://registry.npmjs.org/d3-dsv/-/d3-dsv-3.0.1.tgz 8822ms (cache miss)
2804 http fetch GET 200 https://registry.npmjs.org/es-module-lexer/-/es-module-lexer-2.1.0.tgz 8935ms (cache miss)
2805 http fetch GET 200 https://registry.npmjs.org/d3-path/-/d3-path-3.1.0.tgz 8918ms (cache miss)
2806 http fetch GET 200 https://registry.npmjs.org/d3-chord/-/d3-chord-3.0.1.tgz 8915ms (cache miss)
2807 http fetch GET 200 https://registry.npmjs.org/d3-brush/-/d3-brush-3.0.0.tgz 8915ms (cache miss)
2808 http fetch GET 200 https://registry.npmjs.org/d3-axis/-/d3-axis-3.0.0.tgz 8915ms (cache miss)
2809 http fetch GET 200 https://registry.npmjs.org/d3-ease/-/d3-ease-3.0.1.tgz 9086ms (cache miss)
2810 http fetch GET 200 https://registry.npmjs.org/css.escape/-/css.escape-1.5.1.tgz 9084ms (cache miss)
2811 http fetch GET 200 https://registry.npmjs.org/cssesc/-/cssesc-3.0.0.tgz 9088ms (cache miss)
2812 http fetch GET 200 https://registry.npmjs.org/minimist/-/minimist-1.2.8.tgz 9400ms (cache miss)
2813 http fetch GET 200 https://registry.npmjs.org/express-rate-limit/-/express-rate-limit-8.5.2.tgz 9224ms (cache miss)
2814 http fetch GET 200 https://registry.npmjs.org/espree/-/espree-10.4.0.tgz 9214ms (cache miss)
2815 http fetch GET 200 https://registry.npmjs.org/content-type/-/content-type-1.0.5.tgz 9156ms (cache miss)
2816 http fetch GET 200 https://registry.npmjs.org/content-disposition/-/content-disposition-1.1.0.tgz 9156ms (cache miss)
2817 http fetch GET 200 https://registry.npmjs.org/qs/-/qs-6.15.2.tgz 9504ms (cache miss)
2818 http fetch GET 200 https://registry.npmjs.org/pandemonium/-/pandemonium-2.4.1.tgz 9476ms (cache miss)
2819 http fetch GET 200 https://registry.npmjs.org/esbuild-register/-/esbuild-register-3.6.0.tgz 9248ms (cache miss)
2820 http fetch GET 200 https://registry.npmjs.org/doctrine/-/doctrine-3.0.0.tgz 9231ms (cache miss)
2821 http fetch GET 200 https://registry.npmjs.org/d3-dispatch/-/d3-dispatch-3.0.1.tgz 9207ms (cache miss)
2822 http fetch GET 200 https://registry.npmjs.org/electron-to-chromium/-/electron-to-chromium-1.5.375.tgz 9240ms (cache miss)
2823 http fetch GET 200 https://registry.npmjs.org/cookie/-/cookie-0.7.2.tgz 9201ms (cache miss)
2824 http fetch GET 200 https://registry.npmjs.org/convert-source-map/-/convert-source-map-2.0.0.tgz 9202ms (cache miss)
2825 http fetch GET 200 https://registry.npmjs.org/concat-map/-/concat-map-0.0.1.tgz 9199ms (cache miss)
2826 http fetch GET 200 https://registry.npmjs.org/conf/-/conf-10.2.0.tgz 9200ms (cache miss)
2827 http fetch GET 200 https://registry.npmjs.org/color-convert/-/color-convert-2.0.1.tgz 9198ms (cache miss)
2828 http fetch GET 200 https://registry.npmjs.org/comma-separated-tokens/-/comma-separated-tokens-2.0.3.tgz 9200ms (cache miss)
2829 http fetch GET 200 https://registry.npmjs.org/code-block-writer/-/code-block-writer-13.0.3.tgz 9198ms (cache miss)
2830 http fetch GET 200 https://registry.npmjs.org/cross-spawn/-/cross-spawn-7.0.6.tgz 9208ms (cache miss)
2831 http fetch GET 200 https://registry.npmjs.org/color-name/-/color-name-1.1.4.tgz 9198ms (cache miss)
2832 http fetch GET 200 https://registry.npmjs.org/react-jsx-parser/-/react-jsx-parser-2.4.1.tgz 9553ms (cache miss)
2833 http fetch GET 200 https://registry.npmjs.org/cors/-/cors-2.8.6.tgz 9244ms (cache miss)
2834 http fetch GET 200 https://registry.npmjs.org/cookie-signature/-/cookie-signature-1.2.2.tgz 9244ms (cache miss)
2835 http fetch GET 200 https://registry.npmjs.org/client-only/-/client-only-0.0.1.tgz 9235ms (cache miss)
2836 http fetch GET 200 https://registry.npmjs.org/cliui/-/cliui-8.0.1.tgz 9238ms (cache miss)
2837 http fetch GET 200 https://registry.npmjs.org/esprima/-/esprima-4.0.1.tgz 9347ms (cache miss)
2838 http fetch GET 200 https://registry.npmjs.org/classcat/-/classcat-5.0.5.tgz 9273ms (cache miss)
2839 http fetch GET 200 https://registry.npmjs.org/check-error/-/check-error-2.1.3.tgz 9271ms (cache miss)
2840 http fetch GET 200 https://registry.npmjs.org/character-entities-legacy/-/character-entities-legacy-3.0.0.tgz 9271ms (cache miss)
2841 http fetch GET 200 https://registry.npmjs.org/cli-cursor/-/cli-cursor-5.0.0.tgz 9277ms (cache miss)
2842 http fetch GET 200 https://registry.npmjs.org/mdast-util-from-markdown/-/mdast-util-from-markdown-2.0.3.tgz 9532ms (cache miss)
2843 http fetch GET 200 https://registry.npmjs.org/clsx/-/clsx-2.1.1.tgz 9323ms (cache miss)
2844 http fetch GET 200 https://registry.npmjs.org/cli-spinners/-/cli-spinners-2.9.2.tgz 9320ms (cache miss)
2845 http fetch GET 200 https://registry.npmjs.org/character-reference-invalid/-/character-reference-invalid-2.0.1.tgz 9317ms (cache miss)
2846 http fetch GET 200 https://registry.npmjs.org/cli-width/-/cli-width-4.1.0.tgz 9325ms (cache miss)
2847 http fetch GET 200 https://registry.npmjs.org/character-entities/-/character-entities-2.0.2.tgz 9317ms (cache miss)
2848 http fetch GET 200 https://registry.npmjs.org/character-entities-html4/-/character-entities-html4-2.1.0.tgz 9318ms (cache miss)
2849 http fetch GET 200 https://registry.npmjs.org/ce-la-react/-/ce-la-react-0.3.2.tgz 9317ms (cache miss)
2850 http fetch GET 200 https://registry.npmjs.org/ccount/-/ccount-2.0.1.tgz 9315ms (cache miss)
2851 http fetch GET 200 https://registry.npmjs.org/class-variance-authority/-/class-variance-authority-0.7.1.tgz 9392ms (cache miss)
2852 http fetch GET 200 https://registry.npmjs.org/bundle-name/-/bundle-name-4.1.0.tgz 9371ms (cache miss)
2853 http fetch GET 200 https://registry.npmjs.org/call-bind-apply-helpers/-/call-bind-apply-helpers-1.0.2.tgz 9373ms (cache miss)
2854 http fetch GET 200 https://registry.npmjs.org/bytes/-/bytes-3.1.2.tgz 9371ms (cache miss)
2855 http fetch GET 200 https://registry.npmjs.org/braces/-/braces-3.0.3.tgz 9371ms (cache miss)
2856 http fetch GET 200 https://registry.npmjs.org/react/-/react-19.2.7.tgz 9779ms (cache miss)
2857 http fetch GET 200 https://registry.npmjs.org/brace-expansion/-/brace-expansion-1.1.15.tgz 9432ms (cache miss)
2858 http fetch GET 200 https://registry.npmjs.org/balanced-match/-/balanced-match-1.0.2.tgz 9430ms (cache miss)
2859 http fetch GET 200 https://registry.npmjs.org/magic-string/-/magic-string-0.30.21.tgz 9732ms (cache miss)
2860 http fetch GET 200 https://registry.npmjs.org/marked/-/marked-16.4.2.tgz 9735ms (cache miss)
2861 http fetch GET 200 https://registry.npmjs.org/callsites/-/callsites-3.1.0.tgz 9515ms (cache miss)
2862 http fetch GET 200 https://registry.npmjs.org/call-bound/-/call-bound-1.0.4.tgz 9505ms (cache miss)
2863 http fetch GET 200 https://registry.npmjs.org/assertion-error/-/assertion-error-2.0.1.tgz 9497ms (cache miss)
2864 http fetch GET 200 https://registry.npmjs.org/browserslist/-/browserslist-4.28.2.tgz 9565ms (cache miss)
2865 http fetch GET 200 https://registry.npmjs.org/chalk/-/chalk-4.1.2.tgz 9586ms (cache miss)
2866 http fetch GET 200 https://registry.npmjs.org/ansi-styles/-/ansi-styles-4.3.0.tgz 9558ms (cache miss)
2867 http fetch GET 200 https://registry.npmjs.org/ansi-to-react/-/ansi-to-react-6.2.6.tgz 9558ms (cache miss)
2868 http fetch GET 200 https://registry.npmjs.org/ansi-colors/-/ansi-colors-4.1.3.tgz 9558ms (cache miss)
2869 http fetch GET 200 https://registry.npmjs.org/ansis/-/ansis-4.3.1.tgz 9561ms (cache miss)
2870 http fetch GET 200 https://registry.npmjs.org/anser/-/anser-2.3.5.tgz 9559ms (cache miss)
2871 http fetch GET 200 https://registry.npmjs.org/ansi-regex/-/ansi-regex-5.0.1.tgz 9565ms (cache miss)
2872 http fetch GET 200 https://registry.npmjs.org/agent-base/-/agent-base-7.1.4.tgz 9616ms (cache miss)
2873 http fetch GET 200 https://registry.npmjs.org/accepts/-/accepts-2.0.0.tgz 9615ms (cache miss)
2874 http fetch GET 200 https://registry.npmjs.org/decimal.js/-/decimal.js-10.6.0.tgz 9735ms (cache miss)
2875 http fetch GET 200 https://registry.npmjs.org/@vitest/pretty-format/-/pretty-format-3.2.4.tgz 9648ms (cache miss)
2876 http fetch GET 200 https://registry.npmjs.org/@vitest/spy/-/spy-3.2.4.tgz 9651ms (cache miss)
2877 http fetch GET 200 https://registry.npmjs.org/acorn-jsx/-/acorn-jsx-5.3.2.tgz 9716ms (cache miss)
2878 http fetch GET 200 https://registry.npmjs.org/@ungap/structured-clone/-/structured-clone-1.3.1.tgz 9697ms (cache miss)
2879 http fetch GET 200 https://registry.npmjs.org/@typescript-eslint/tsconfig-utils/-/tsconfig-utils-8.61.1.tgz 9743ms (cache miss)
2880 http fetch GET 200 https://registry.npmjs.org/expect-type/-/expect-type-1.3.0.tgz 9959ms (cache miss)
2881 http fetch GET 200 https://registry.npmjs.org/eventsource/-/eventsource-3.0.7.tgz 9957ms (cache miss)
2882 http fetch GET 200 https://registry.npmjs.org/d3-zoom/-/d3-zoom-3.0.0.tgz 9913ms (cache miss)
2883 http fetch GET 200 https://registry.npmjs.org/@vitest/expect/-/expect-3.2.4.tgz 9828ms (cache miss)
2884 http fetch GET 200 https://registry.npmjs.org/@vitejs/plugin-react/-/plugin-react-5.2.0.tgz 9823ms (cache miss)
2885 http fetch GET 200 https://registry.npmjs.org/@types/trusted-types/-/trusted-types-2.0.7.tgz 9810ms (cache miss)
2886 http fetch GET 200 https://registry.npmjs.org/@typescript-eslint/parser/-/parser-8.61.1.tgz 9814ms (cache miss)
2887 http fetch GET 200 https://registry.npmjs.org/@types/validate-npm-package-name/-/validate-npm-package-name-4.0.2.tgz 9822ms (cache miss)
2888 http fetch GET 200 https://registry.npmjs.org/dotenv/-/dotenv-17.4.2.tgz 9972ms (cache miss)
2889 http fetch GET 200 https://registry.npmjs.org/@typescript-eslint/visitor-keys/-/visitor-keys-8.61.1.tgz 9861ms (cache miss)
2890 http fetch GET 200 https://registry.npmjs.org/@types/statuses/-/statuses-2.0.6.tgz 9853ms (cache miss)
2891 http fetch GET 200 https://registry.npmjs.org/@types/resolve/-/resolve-1.20.6.tgz 9852ms (cache miss)
2892 http fetch GET 200 https://registry.npmjs.org/@typescript-eslint/project-service/-/project-service-8.61.1.tgz 9857ms (cache miss)
2893 http fetch GET 200 https://registry.npmjs.org/@types/set-cookie-parser/-/set-cookie-parser-2.4.10.tgz 9854ms (cache miss)
2894 http fetch GET 200 https://registry.npmjs.org/@types/react-router-dom/-/react-router-dom-5.3.3.tgz 9849ms (cache miss)
2895 http fetch GET 200 https://registry.npmjs.org/d3-color/-/d3-color-3.1.0.tgz 9971ms (cache miss)
2896 http fetch GET 200 https://registry.npmjs.org/embla-carousel-react/-/embla-carousel-react-8.6.0.tgz 10015ms (cache miss)
2897 http fetch GET 200 https://registry.npmjs.org/d3-delaunay/-/d3-delaunay-6.0.4.tgz 9984ms (cache miss)
2898 http fetch GET 200 https://registry.npmjs.org/argparse/-/argparse-2.0.1.tgz 9927ms (cache miss)
2899 http fetch GET 200 https://registry.npmjs.org/@types/unist/-/unist-3.0.3.tgz 9894ms (cache miss)
2900 http fetch GET 200 https://registry.npmjs.org/@types/ms/-/ms-2.1.0.tgz 9883ms (cache miss)
2901 http fetch GET 200 https://registry.npmjs.org/@types/mdx/-/mdx-2.0.14.tgz 9882ms (cache miss)
2902 http fetch GET 200 https://registry.npmjs.org/@types/mdast/-/mdast-4.0.4.tgz 9882ms (cache miss)
2903 http fetch GET 200 https://registry.npmjs.org/lz-string/-/lz-string-1.5.0.tgz 10215ms (cache miss)
2904 http fetch GET 200 https://registry.npmjs.org/import-meta-resolve/-/import-meta-resolve-4.2.0.tgz 10146ms (cache miss)
2905 http fetch GET 200 https://registry.npmjs.org/cytoscape-cose-bilkent/-/cytoscape-cose-bilkent-4.1.0.tgz 10022ms (cache miss)
2906 http fetch GET 200 https://registry.npmjs.org/bail/-/bail-2.0.2.tgz 9931ms (cache miss)
2907 http fetch GET 200 https://registry.npmjs.org/@types/react-syntax-highlighter/-/react-syntax-highlighter-15.5.13.tgz 9930ms (cache miss)
2908 http fetch GET 200 https://registry.npmjs.org/@types/json-schema/-/json-schema-7.0.15.tgz 9916ms (cache miss)
2909 http fetch GET 200 https://registry.npmjs.org/@types/estree/-/estree-1.0.9.tgz 9919ms (cache miss)
2910 http fetch GET 200 https://registry.npmjs.org/@types/katex/-/katex-0.16.8.tgz 9923ms (cache miss)
2911 http fetch GET 200 https://registry.npmjs.org/@types/estree-jsx/-/estree-jsx-1.0.5.tgz 9922ms (cache miss)
2912 http fetch GET 200 https://registry.npmjs.org/@types/hast/-/hast-3.0.4.tgz 9949ms (cache miss)
2913 http fetch GET 200 https://registry.npmjs.org/@types/geojson/-/geojson-7946.0.16.tgz 9950ms (cache miss)
2914 http fetch GET 200 https://registry.npmjs.org/@types/d3-transition/-/d3-transition-3.0.9.tgz 9944ms (cache miss)
2915 http fetch GET 200 https://registry.npmjs.org/@types/dompurify/-/dompurify-3.2.0.tgz 9950ms (cache miss)
2916 warn deprecated @types/dompurify@3.2.0: This is a stub types definition. dompurify provides its own type definitions, so you do not need this installed.
2917 http fetch GET 200 https://registry.npmjs.org/@types/history/-/history-4.7.11.tgz 9959ms (cache miss)
2918 http fetch GET 200 https://registry.npmjs.org/@types/doctrine/-/doctrine-0.0.9.tgz 9955ms (cache miss)
2919 http fetch GET 200 https://registry.npmjs.org/@types/debug/-/debug-4.1.13.tgz 9956ms (cache miss)
2920 http fetch GET 200 https://registry.npmjs.org/cose-base/-/cose-base-1.0.3.tgz 10086ms (cache miss)
2921 http fetch GET 200 https://registry.npmjs.org/@types/react-router/-/react-router-5.1.20.tgz 9996ms (cache miss)
2922 http fetch GET 200 https://registry.npmjs.org/@types/deep-eql/-/deep-eql-4.0.2.tgz 9981ms (cache miss)
2923 http fetch GET 200 https://registry.npmjs.org/@types/d3-time-format/-/d3-time-format-2.3.4.tgz 9978ms (cache miss)
2924 http fetch GET 200 https://registry.npmjs.org/@types/d3-selection/-/d3-selection-3.0.11.tgz 9973ms (cache miss)
2925 http fetch GET 200 https://registry.npmjs.org/@types/d3-time/-/d3-time-1.1.4.tgz 9978ms (cache miss)
2926 http fetch GET 200 https://registry.npmjs.org/@types/d3-zoom/-/d3-zoom-3.0.8.tgz 9985ms (cache miss)
2927 http fetch GET 200 https://registry.npmjs.org/@types/d3-timer/-/d3-timer-3.0.2.tgz 9986ms (cache miss)
2928 http fetch GET 200 https://registry.npmjs.org/minipass/-/minipass-7.1.3.tgz 10392ms (cache miss)
2929 http fetch GET 200 https://registry.npmjs.org/@types/prop-types/-/prop-types-15.7.15.tgz 10062ms (cache miss)
2930 http fetch GET 200 https://registry.npmjs.org/@types/d3-interpolate/-/d3-interpolate-3.0.4.tgz 10011ms (cache miss)
2931 http fetch GET 200 https://registry.npmjs.org/@types/d3-scale/-/d3-scale-4.0.9.tgz 10029ms (cache miss)
2932 http fetch GET 200 https://registry.npmjs.org/@types/d3-polygon/-/d3-polygon-3.0.2.tgz 10019ms (cache miss)
2933 http fetch GET 200 https://registry.npmjs.org/@types/d3-geo/-/d3-geo-3.1.0.tgz 10009ms (cache miss)
2934 http fetch GET 200 https://registry.npmjs.org/@types/d3-path/-/d3-path-3.1.1.tgz 10019ms (cache miss)
2935 http fetch GET 200 https://registry.npmjs.org/@types/d3-quadtree/-/d3-quadtree-3.0.6.tgz 10025ms (cache miss)
2936 http fetch GET 200 https://registry.npmjs.org/@types/d3-hierarchy/-/d3-hierarchy-3.1.7.tgz 10017ms (cache miss)
2937 http fetch GET 200 https://registry.npmjs.org/lightningcss/-/lightningcss-1.32.0.tgz 10396ms (cache miss)
2938 http fetch GET 200 https://registry.npmjs.org/@types/react-dom/-/react-dom-19.2.3.tgz 10120ms (cache miss)
2939 http fetch GET 200 https://registry.npmjs.org/@types/d3-random/-/d3-random-3.0.3.tgz 10082ms (cache miss)
2940 http fetch GET 200 https://registry.npmjs.org/@types/d3-scale-chromatic/-/d3-scale-chromatic-3.1.0.tgz 10087ms (cache miss)
2941 http fetch GET 200 https://registry.npmjs.org/@types/d3-format/-/d3-format-1.4.5.tgz 10065ms (cache miss)
2942 http fetch GET 200 https://registry.npmjs.org/@types/d3-dsv/-/d3-dsv-3.0.7.tgz 10063ms (cache miss)
2943 http fetch GET 200 https://registry.npmjs.org/@types/d3-fetch/-/d3-fetch-3.0.7.tgz 10064ms (cache miss)
2944 http fetch GET 200 https://registry.npmjs.org/@types/d3-dispatch/-/d3-dispatch-3.0.7.tgz 10063ms (cache miss)
2945 http fetch GET 200 https://registry.npmjs.org/@types/d3-ease/-/d3-ease-3.0.2.tgz 10064ms (cache miss)
2946 http fetch GET 200 https://registry.npmjs.org/@types/d3-drag/-/d3-drag-3.0.7.tgz 10061ms (cache miss)
2947 http fetch GET 200 https://registry.npmjs.org/@types/d3-force/-/d3-force-3.0.10.tgz 10068ms (cache miss)
2948 http fetch GET 200 https://registry.npmjs.org/micromark-extension-math/-/micromark-extension-math-3.1.0.tgz 10496ms (cache miss)
2949 http fetch GET 200 https://registry.npmjs.org/@types/d3-shape/-/d3-shape-3.1.8.tgz 10162ms (cache miss)
2950 http fetch GET 200 https://registry.npmjs.org/@types/d3/-/d3-7.4.3.tgz 10121ms (cache miss)
2951 http fetch GET 200 https://registry.npmjs.org/@types/d3-axis/-/d3-axis-3.0.6.tgz 10121ms (cache miss)
2952 http fetch GET 200 https://registry.npmjs.org/@types/d3-contour/-/d3-contour-3.0.6.tgz 10125ms (cache miss)
2953 http fetch GET 200 https://registry.npmjs.org/@types/d3-brush/-/d3-brush-3.0.6.tgz 10123ms (cache miss)
2954 http fetch GET 200 https://registry.npmjs.org/@types/d3-chord/-/d3-chord-3.0.6.tgz 10124ms (cache miss)
2955 http fetch GET 200 https://registry.npmjs.org/path-scurry/-/path-scurry-1.11.1.tgz 10618ms (cache miss)
2956 http fetch GET 200 https://registry.npmjs.org/body-parser/-/body-parser-2.3.0.tgz 10284ms (cache miss)
2957 http fetch GET 200 https://registry.npmjs.org/@types/d3-delaunay/-/d3-delaunay-6.0.4.tgz 10182ms (cache miss)
2958 http fetch GET 200 https://registry.npmjs.org/@types/d3-array/-/d3-array-3.2.2.tgz 10176ms (cache miss)
2959 http fetch GET 200 https://registry.npmjs.org/@types/babel__generator/-/babel__generator-7.27.0.tgz 10178ms (cache miss)
2960 http fetch GET 200 https://registry.npmjs.org/@types/aria-query/-/aria-query-5.0.4.tgz 10176ms (cache miss)
2961 http fetch GET 200 https://registry.npmjs.org/@types/babel__core/-/babel__core-7.20.5.tgz 10193ms (cache miss)
2962 http fetch GET 200 https://registry.npmjs.org/eslint-scope/-/eslint-scope-8.4.0.tgz 10423ms (cache miss)
2963 http fetch GET 200 https://registry.npmjs.org/d3-contour/-/d3-contour-4.0.2.tgz 10377ms (cache miss)
2964 http fetch GET 200 https://registry.npmjs.org/@types/babel__template/-/babel__template-7.4.4.tgz 10211ms (cache miss)
2965 http fetch GET 200 https://registry.npmjs.org/@types/babel__traverse/-/babel__traverse-7.28.0.tgz 10212ms (cache miss)
2966 http fetch GET 200 https://registry.npmjs.org/@types/d3-color/-/d3-color-3.1.3.tgz 10217ms (cache miss)
2967 http fetch GET 200 https://registry.npmjs.org/styled-jsx/-/styled-jsx-5.1.6.tgz 10799ms (cache miss)
2968 http fetch GET 200 https://registry.npmjs.org/json5/-/json5-2.2.3.tgz 10566ms (cache miss)
2969 http fetch GET 200 https://registry.npmjs.org/commander/-/commander-8.3.0.tgz 10386ms (cache miss)
2970 http fetch GET 200 https://registry.npmjs.org/@tailwindcss/vite/-/vite-4.3.1.tgz 10223ms (cache miss)
2971 http fetch GET 200 https://registry.npmjs.org/hermes-estree/-/hermes-estree-0.25.1.tgz 10541ms (cache miss)
2972 http fetch GET 200 https://registry.npmjs.org/@tailwindcss/oxide/-/oxide-4.3.1.tgz 10252ms (cache miss)
2973 http fetch GET 200 https://registry.npmjs.org/@tokenlens/fetch/-/fetch-1.3.0.tgz 10261ms (cache miss)
2974 http fetch GET 200 https://registry.npmjs.org/aria-hidden/-/aria-hidden-1.2.6.tgz 10410ms (cache miss)
2975 http fetch GET 200 https://registry.npmjs.org/@types/chai/-/chai-5.2.3.tgz 10303ms (cache miss)
2976 http fetch GET 200 https://registry.npmjs.org/@streamdown/math/-/math-1.0.2.tgz 10291ms (cache miss)
2977 http fetch GET 200 https://registry.npmjs.org/@streamdown/code/-/code-1.1.1.tgz 10291ms (cache miss)
2978 http fetch GET 200 https://registry.npmjs.org/object-inspect/-/object-inspect-1.13.4.tgz 10775ms (cache miss)
2979 http fetch GET 200 https://registry.npmjs.org/baseline-browser-mapping/-/baseline-browser-mapping-2.10.38.tgz 10512ms (cache miss)
2980 http fetch GET 200 https://registry.npmjs.org/better-opn/-/better-opn-3.0.2.tgz 10516ms (cache miss)
2981 http fetch GET 200 https://registry.npmjs.org/@storybook/global/-/global-5.0.0.tgz 10380ms (cache miss)
2982 http fetch GET 200 https://registry.npmjs.org/@standard-schema/spec/-/spec-1.1.0.tgz 10377ms (cache miss)
2983 http fetch GET 200 https://registry.npmjs.org/@streamdown/cjk/-/cjk-1.0.3.tgz 10419ms (cache miss)
2984 http fetch GET 200 https://registry.npmjs.org/@storybook/react-vite/-/react-vite-9.1.19.tgz 10421ms (cache miss)
2985 http fetch GET 200 https://registry.npmjs.org/cmdk/-/cmdk-1.1.1.tgz 10619ms (cache miss)
2986 http fetch GET 200 https://registry.npmjs.org/@storybook/addon-links/-/addon-links-9.1.19.tgz 10466ms (cache miss)
2987 http fetch GET 200 https://registry.npmjs.org/@storybook/react-dom-shim/-/react-dom-shim-9.1.19.tgz 10473ms (cache miss)
2988 http fetch GET 200 https://registry.npmjs.org/@storybook/csf-plugin/-/csf-plugin-9.1.19.tgz 10492ms (cache miss)
2989 http fetch GET 200 https://registry.npmjs.org/@shikijs/types/-/types-4.2.0.tgz 10489ms (cache miss)
2990 http fetch GET 200 https://registry.npmjs.org/@vitest/snapshot/-/snapshot-4.1.9.tgz 10652ms (cache miss)
2991 http fetch GET 200 https://registry.npmjs.org/@streamdown/mermaid/-/mermaid-1.0.2.tgz 10555ms (cache miss)
2992 http fetch GET 200 https://registry.npmjs.org/eventsource-parser/-/eventsource-parser-3.1.0.tgz 10880ms (cache miss)
2993 http fetch GET 200 https://registry.npmjs.org/d3-force/-/d3-force-3.0.0.tgz 10826ms (cache miss)
2994 http fetch GET 200 https://registry.npmjs.org/@sindresorhus/merge-streams/-/merge-streams-4.0.0.tgz 10636ms (cache miss)
2995 http fetch GET 200 https://registry.npmjs.org/@shikijs/vscode-textmate/-/vscode-textmate-10.0.2.tgz 10652ms (cache miss)
2996 http fetch GET 200 https://registry.npmjs.org/@shikijs/engine-javascript/-/engine-javascript-4.2.0.tgz 10657ms (cache miss)
2997 http fetch GET 200 https://registry.npmjs.org/@sec-ant/readable-stream/-/readable-stream-0.4.1.tgz 10660ms (cache miss)
2998 http fetch GET 200 https://registry.npmjs.org/@sigma/edge-curve/-/edge-curve-3.1.0.tgz 10668ms (cache miss)
2999 http fetch GET 200 https://registry.npmjs.org/ajv-formats/-/ajv-formats-3.0.1.tgz 10832ms (cache miss)
3000 http fetch GET 200 https://registry.npmjs.org/@shikijs/primitive/-/primitive-4.2.0.tgz 10700ms (cache miss)
3001 http fetch GET 200 https://registry.npmjs.org/@rolldown/pluginutils/-/pluginutils-1.0.0-rc.3.tgz 10711ms (cache miss)
3002 http fetch GET 200 https://registry.npmjs.org/@react-spring/types/-/types-10.1.1.tgz 10714ms (cache miss)
3003 http fetch GET 200 https://registry.npmjs.org/source-map/-/source-map-0.6.1.tgz 11338ms (cache miss)
3004 http fetch GET 200 https://registry.npmjs.org/@rollup/pluginutils/-/pluginutils-5.4.0.tgz 10765ms (cache miss)
3005 http fetch GET 200 https://registry.npmjs.org/@radix-ui/react-use-size/-/react-use-size-1.1.2.tgz 10815ms (cache miss)
3006 http fetch GET 200 https://registry.npmjs.org/@radix-ui/react-use-layout-effect/-/react-use-layout-effect-1.1.2.tgz 10813ms (cache miss)
3007 http fetch GET 200 https://registry.npmjs.org/@radix-ui/react-use-previous/-/react-use-previous-1.1.2.tgz 10818ms (cache miss)
3008 http fetch GET 200 https://registry.npmjs.org/@radix-ui/react-visually-hidden/-/react-visually-hidden-1.2.6.tgz 10823ms (cache miss)
3009 http fetch GET 200 https://registry.npmjs.org/@tailwindcss/typography/-/typography-0.5.20.tgz 10862ms (cache miss)
3010 http fetch GET 200 https://registry.npmjs.org/@radix-ui/rect/-/rect-1.1.2.tgz 10836ms (cache miss)
3011 http fetch GET 200 https://registry.npmjs.org/@radix-ui/react-use-rect/-/react-use-rect-1.1.2.tgz 10862ms (cache miss)
3012 http fetch GET 200 https://registry.npmjs.org/@vitest/runner/-/runner-4.1.9.tgz 11013ms (cache miss)
3013 http fetch GET 200 https://registry.npmjs.org/@radix-ui/react-use-effect-event/-/react-use-effect-event-0.0.3.tgz 10875ms (cache miss)
3014 http fetch GET 200 https://registry.npmjs.org/d3-quadtree/-/d3-quadtree-3.0.1.tgz 11100ms (cache miss)
3015 http fetch GET 200 https://registry.npmjs.org/@rive-app/react-webgl2/-/react-webgl2-4.29.1.tgz 10975ms (cache miss)
3016 http fetch GET 200 https://registry.npmjs.org/@radix-ui/react-use-callback-ref/-/react-use-callback-ref-1.1.2.tgz 10964ms (cache miss)
3017 http fetch GET 200 https://registry.npmjs.org/@radix-ui/react-use-controllable-state/-/react-use-controllable-state-1.2.3.tgz 10963ms (cache miss)
3018 http fetch GET 200 https://registry.npmjs.org/@radix-ui/react-toolbar/-/react-toolbar-1.1.13.tgz 10964ms (cache miss)
3019 http fetch GET 200 https://registry.npmjs.org/@typescript-eslint/types/-/types-8.61.1.tgz 11128ms (cache miss)
3020 http fetch GET 200 https://registry.npmjs.org/@radix-ui/react-tabs/-/react-tabs-1.1.15.tgz 11000ms (cache miss)
3021 http fetch GET 200 https://registry.npmjs.org/@react-spring/rafz/-/rafz-10.1.1.tgz 11014ms (cache miss)
3022 http fetch GET 200 https://registry.npmjs.org/@radix-ui/react-toggle/-/react-toggle-1.1.12.tgz 11002ms (cache miss)
3023 http fetch GET 200 https://registry.npmjs.org/@radix-ui/react-toggle-group/-/react-toggle-group-1.1.13.tgz 11004ms (cache miss)
3024 http fetch GET 200 https://registry.npmjs.org/unplugin/-/unplugin-1.16.1.tgz 11737ms (cache miss)
3025 http fetch GET 200 https://registry.npmjs.org/@radix-ui/react-switch/-/react-switch-1.3.1.tgz 11031ms (cache miss)
3026 http fetch GET 200 https://registry.npmjs.org/d3-time/-/d3-time-1.1.0.tgz 11276ms (cache miss)
3027 http fetch GET 200 https://registry.npmjs.org/@radix-ui/react-radio-group/-/react-radio-group-1.4.1.tgz 11054ms (cache miss)
3028 http fetch GET 200 https://registry.npmjs.org/@radix-ui/react-use-escape-keydown/-/react-use-escape-keydown-1.1.2.tgz 11091ms (cache miss)
3029 http fetch GET 200 https://registry.npmjs.org/ts-morph/-/ts-morph-26.0.0.tgz 11797ms (cache miss)
3030 http fetch GET 200 https://registry.npmjs.org/@radix-ui/react-progress/-/react-progress-1.1.10.tgz 11150ms (cache miss)
3031 http fetch GET 200 https://registry.npmjs.org/@radix-ui/react-portal/-/react-portal-1.1.12.tgz 11150ms (cache miss)
3032 http fetch GET 200 https://registry.npmjs.org/@radix-ui/react-label/-/react-label-2.1.10.tgz 11146ms (cache miss)
3033 http fetch GET 200 https://registry.npmjs.org/@shikijs/core/-/core-4.2.0.tgz 11234ms (cache miss)
3034 http fetch GET 200 https://registry.npmjs.org/@radix-ui/react-separator/-/react-separator-1.1.10.tgz 11247ms (cache miss)
3035 http fetch GET 200 https://registry.npmjs.org/@radix-ui/react-primitive/-/react-primitive-2.1.6.tgz 11249ms (cache miss)
3036 http fetch GET 200 https://registry.npmjs.org/fzf/-/fzf-0.5.2.tgz 11576ms (cache miss)
3037 http fetch GET 200 https://registry.npmjs.org/cosmiconfig/-/cosmiconfig-9.0.2.tgz 11487ms (cache miss)
3038 http fetch GET 200 https://registry.npmjs.org/@tailwindcss/node/-/node-4.3.1.tgz 11324ms (cache miss)
3039 http fetch GET 200 https://registry.npmjs.org/@tokenlens/helpers/-/helpers-1.3.1.tgz 11334ms (cache miss)
3040 http fetch GET 200 https://registry.npmjs.org/@radix-ui/react-hover-card/-/react-hover-card-1.1.17.tgz 11282ms (cache miss)
3041 http fetch GET 200 https://registry.npmjs.org/@radix-ui/react-id/-/react-id-1.1.2.tgz 11283ms (cache miss)
3042 http fetch GET 200 https://registry.npmjs.org/@radix-ui/react-direction/-/react-direction-1.1.2.tgz 11278ms (cache miss)
3043 http fetch GET 200 https://registry.npmjs.org/@radix-ui/react-focus-scope/-/react-focus-scope-1.1.10.tgz 11286ms (cache miss)
3044 http fetch GET 200 https://registry.npmjs.org/@radix-ui/react-compose-refs/-/react-compose-refs-1.1.3.tgz 11325ms (cache miss)
3045 http fetch GET 200 https://registry.npmjs.org/@radix-ui/react-context/-/react-context-1.1.4.tgz 11327ms (cache miss)
3046 http fetch GET 200 https://registry.npmjs.org/@radix-ui/react-dialog/-/react-dialog-1.1.17.tgz 11328ms (cache miss)
3047 http fetch GET 200 https://registry.npmjs.org/@radix-ui/react-focus-guards/-/react-focus-guards-1.1.4.tgz 11330ms (cache miss)
3048 http fetch GET 200 https://registry.npmjs.org/@radix-ui/react-collapsible/-/react-collapsible-1.1.14.tgz 11364ms (cache miss)
3049 http fetch GET 200 https://registry.npmjs.org/@radix-ui/react-checkbox/-/react-checkbox-1.3.5.tgz 11365ms (cache miss)
3050 http fetch GET 200 https://registry.npmjs.org/@radix-ui/react-arrow/-/react-arrow-1.1.10.tgz 11364ms (cache miss)
3051 http fetch GET 200 https://registry.npmjs.org/@radix-ui/react-accordion/-/react-accordion-1.2.14.tgz 11363ms (cache miss)
3052 http fetch GET 200 https://registry.npmjs.org/@radix-ui/react-avatar/-/react-avatar-1.2.0.tgz 11365ms (cache miss)
3053 http fetch GET 200 https://registry.npmjs.org/d3-random/-/d3-random-3.0.1.tgz 11642ms (cache miss)
3054 http fetch GET 200 https://registry.npmjs.org/@radix-ui/primitive/-/primitive-1.1.4.tgz 11396ms (cache miss)
3055 http fetch GET 200 https://registry.npmjs.org/@upsetjs/venn.js/-/venn.js-2.0.0.tgz 11707ms (cache miss)
3056 http fetch GET 200 https://registry.npmjs.org/bidi-js/-/bidi-js-1.0.3.tgz 11783ms (cache miss)
3057 http fetch GET 200 https://registry.npmjs.org/@open-draft/logger/-/logger-0.3.0.tgz 11587ms (cache miss)
3058 http fetch GET 200 https://registry.npmjs.org/@radix-ui/number/-/number-1.1.2.tgz 11590ms (cache miss)
3059 http fetch GET 200 https://registry.npmjs.org/@radix-ui/react-accessible-icon/-/react-accessible-icon-1.1.10.tgz 11602ms (cache miss)
3060 http fetch GET 200 https://registry.npmjs.org/@open-draft/until/-/until-2.1.0.tgz 11614ms (cache miss)
3061 http fetch GET 200 https://registry.npmjs.org/@open-draft/deferred-promise/-/deferred-promise-3.0.0.tgz 11632ms (cache miss)
3062 http fetch GET 200 https://registry.npmjs.org/pretty-format/-/pretty-format-27.5.1.tgz 12192ms (cache miss)
3063 http fetch GET 200 https://registry.npmjs.org/@nodelib/fs.walk/-/fs.walk-1.2.8.tgz 11640ms (cache miss)
3064 http fetch GET 200 https://registry.npmjs.org/@nodelib/fs.stat/-/fs.stat-2.0.5.tgz 11641ms (cache miss)
3065 http fetch GET 200 https://registry.npmjs.org/@nodelib/fs.scandir/-/fs.scandir-2.1.5.tgz 11665ms (cache miss)
3066 http fetch GET 200 https://registry.npmjs.org/mdn-data/-/mdn-data-2.12.2.tgz 12169ms (cache miss)
3067 http fetch GET 200 https://registry.npmjs.org/micromark-extension-gfm-table/-/micromark-extension-gfm-table-2.1.1.tgz 12183ms (cache miss)
3068 http fetch GET 200 https://registry.npmjs.org/events/-/events-3.3.0.tgz 12018ms (cache miss)
3069 http fetch GET 200 https://registry.npmjs.org/acorn/-/acorn-8.17.0.tgz 11895ms (cache miss)
3070 http fetch GET 200 https://registry.npmjs.org/@types/react/-/react-19.2.17.tgz 11858ms (cache miss)
3071 http fetch GET 200 https://registry.npmjs.org/@radix-ui/react-use-is-hydrated/-/react-use-is-hydrated-0.1.1.tgz 11749ms (cache miss)
3072 http fetch GET 200 https://registry.npmjs.org/@nivo/canvas/-/canvas-0.99.0.tgz 11706ms (cache miss)
3073 http fetch GET 200 https://registry.npmjs.org/@vitest/utils/-/utils-3.2.4.tgz 11921ms (cache miss)
3074 http fetch GET 200 https://registry.npmjs.org/d3/-/d3-7.9.0.tgz 11988ms (cache miss)
3075 http fetch GET 200 https://registry.npmjs.org/@radix-ui/react-popper/-/react-popper-1.3.1.tgz 11788ms (cache miss)
3076 http fetch GET 200 https://registry.npmjs.org/zustand/-/zustand-5.0.14.tgz 12558ms (cache miss)
3077 http fetch GET 200 https://registry.npmjs.org/systeminformation/-/systeminformation-5.31.7.tgz 12437ms (cache miss)
3078 http fetch GET 200 https://registry.npmjs.org/signal-exit/-/signal-exit-4.1.0.tgz 12439ms (cache miss)
3079 warn deprecated node-domexception@1.0.0: Use your platform's native DOMException instead
3080 http fetch GET 200 https://registry.npmjs.org/@radix-ui/react-slot/-/react-slot-1.3.0.tgz 11876ms (cache miss)
3081 http fetch GET 200 https://registry.npmjs.org/@radix-ui/react-popover/-/react-popover-1.1.17.tgz 11868ms (cache miss)
3082 http fetch GET 200 https://registry.npmjs.org/@radix-ui/react-roving-focus/-/react-roving-focus-1.1.13.tgz 11873ms (cache miss)
3083 http fetch GET 200 https://registry.npmjs.org/sharp/-/sharp-0.34.5.tgz 12472ms (cache miss)
3084 http fetch GET 200 https://registry.npmjs.org/@radix-ui/react-tooltip/-/react-tooltip-1.2.10.tgz 11952ms (cache miss)
3085 http fetch GET 200 https://registry.npmjs.org/@radix-ui/react-scroll-area/-/react-scroll-area-1.2.12.tgz 12020ms (cache miss)
3086 http fetch GET 200 https://registry.npmjs.org/@radix-ui/react-presence/-/react-presence-1.1.6.tgz 12013ms (cache miss)
3087 http fetch GET 200 https://registry.npmjs.org/@nivo/text/-/text-0.99.0.tgz 11995ms (cache miss)
3088 http fetch GET 200 https://registry.npmjs.org/tailwindcss/-/tailwindcss-4.3.1.tgz 12706ms (cache miss)
3089 http fetch GET 200 https://registry.npmjs.org/@radix-ui/react-dismissable-layer/-/react-dismissable-layer-1.1.13.tgz 12051ms (cache miss)
3090 http fetch GET 200 https://registry.npmjs.org/@radix-ui/react-aspect-ratio/-/react-aspect-ratio-1.1.10.tgz 12045ms (cache miss)
3091 http fetch GET 200 https://registry.npmjs.org/@next/env/-/env-16.2.9.tgz 12028ms (cache miss)
3092 http fetch GET 200 https://registry.npmjs.org/@mdx-js/react/-/react-3.1.1.tgz 12027ms (cache miss)
3093 http fetch GET 200 https://registry.npmjs.org/@radix-ui/react-slider/-/react-slider-1.4.1.tgz 12141ms (cache miss)
3094 http fetch GET 200 https://registry.npmjs.org/@radix-ui/react-dropdown-menu/-/react-dropdown-menu-2.1.18.tgz 12165ms (cache miss)
3095 http fetch GET 200 https://registry.npmjs.org/@radix-ui/react-toast/-/react-toast-1.2.17.tgz 12215ms (cache miss)
3096 http fetch GET 200 https://registry.npmjs.org/@react-spring/web/-/web-10.1.1.tgz 12241ms (cache miss)
3097 http fetch GET 200 https://registry.npmjs.org/@radix-ui/react-context-menu/-/react-context-menu-2.3.1.tgz 12216ms (cache miss)
3098 http fetch GET 200 https://registry.npmjs.org/@inquirer/type/-/type-4.0.7.tgz 12269ms (cache miss)
3099 http fetch GET 200 https://registry.npmjs.org/@isaacs/cliui/-/cliui-8.0.2.tgz 12312ms (cache miss)
3100 http fetch GET 200 https://registry.npmjs.org/@storybook/builder-vite/-/builder-vite-9.1.19.tgz 12394ms (cache miss)
3101 http fetch GET 200 https://registry.npmjs.org/@radix-ui/react-menubar/-/react-menubar-1.1.18.tgz 12353ms (cache miss)
3102 http fetch GET 200 https://registry.npmjs.org/@inquirer/ansi/-/ansi-2.0.7.tgz 12321ms (cache miss)
3103 http fetch GET 200 https://registry.npmjs.org/@joshwooding/vite-plugin-react-docgen-typescript/-/vite-plugin-react-docgen-typescript-0.6.1.tgz 12393ms (cache miss)
3104 http fetch GET 200 https://registry.npmjs.org/jackspeak/-/jackspeak-3.4.3.tgz 12813ms (cache miss)
3105 http fetch GET 200 https://registry.npmjs.org/@radix-ui/react-collection/-/react-collection-1.1.10.tgz 12431ms (cache miss)
3106 http fetch GET 200 https://registry.npmjs.org/@inquirer/figures/-/figures-2.0.7.tgz 12403ms (cache miss)
3107 http fetch GET 200 https://registry.npmjs.org/@humanwhocodes/retry/-/retry-0.4.3.tgz 12384ms (cache miss)
3108 http fetch GET 200 https://registry.npmjs.org/@humanfs/types/-/types-0.15.0.tgz 12394ms (cache miss)
3109 http fetch GET 200 https://registry.npmjs.org/@radix-ui/react-navigation-menu/-/react-navigation-menu-1.2.16.tgz 12462ms (cache miss)
3110 http fetch GET 200 https://registry.npmjs.org/@humanfs/core/-/core-0.19.2.tgz 12426ms (cache miss)
3111 http fetch GET 200 https://registry.npmjs.org/@iconify/types/-/types-2.0.0.tgz 12430ms (cache miss)
3112 http fetch GET 200 https://registry.npmjs.org/@inquirer/confirm/-/confirm-6.1.1.tgz 12453ms (cache miss)
3113 http fetch GET 200 https://registry.npmjs.org/@radix-ui/react-password-toggle-field/-/react-password-toggle-field-0.1.5.tgz 12503ms (cache miss)
3114 http fetch GET 200 https://registry.npmjs.org/@radix-ui/react-form/-/react-form-0.1.10.tgz 12546ms (cache miss)
3115 http fetch GET 200 https://registry.npmjs.org/@img/colour/-/colour-1.1.0.tgz 12493ms (cache miss)
3116 http fetch GET 200 https://registry.npmjs.org/@radix-ui/react-alert-dialog/-/react-alert-dialog-1.1.17.tgz 12618ms (cache miss)
3117 http fetch GET 200 https://registry.npmjs.org/@vitest/mocker/-/mocker-3.2.4.tgz 12829ms (cache miss)
3118 http fetch GET 200 https://registry.npmjs.org/@eslint/object-schema/-/object-schema-2.1.7.tgz 12614ms (cache miss)
3119 http fetch GET 200 https://registry.npmjs.org/@eslint/js/-/js-9.39.4.tgz 12614ms (cache miss)
3120 http fetch GET 200 https://registry.npmjs.org/@eslint/config-helpers/-/config-helpers-0.4.2.tgz 12614ms (cache miss)
3121 http fetch GET 200 https://registry.npmjs.org/recast/-/recast-0.23.11.tgz 13249ms (cache miss)
3122 http fetch GET 200 https://registry.npmjs.org/@jridgewell/resolve-uri/-/resolve-uri-3.1.2.tgz 12698ms (cache miss)
3123 http fetch GET 200 https://registry.npmjs.org/@react-spring/animated/-/animated-10.1.1.tgz 12773ms (cache miss)
3124 http fetch GET 200 https://registry.npmjs.org/fast-uri/-/fast-uri-3.1.2.tgz 13049ms (cache miss)
3125 http fetch GET 200 https://registry.npmjs.org/@radix-ui/react-menu/-/react-menu-2.1.18.tgz 12769ms (cache miss)
3126 http fetch GET 200 https://registry.npmjs.org/@tokenlens/core/-/core-1.3.0.tgz 12837ms (cache miss)
3127 http fetch GET 200 https://registry.npmjs.org/@humanfs/node/-/node-0.16.8.tgz 12720ms (cache miss)
3128 http fetch GET 200 https://registry.npmjs.org/@csstools/css-parser-algorithms/-/css-parser-algorithms-4.0.0.tgz 12705ms (cache miss)
3129 http fetch GET 200 https://registry.npmjs.org/@csstools/css-tokenizer/-/css-tokenizer-4.0.0.tgz 12706ms (cache miss)
3130 http fetch GET 200 https://registry.npmjs.org/csstype/-/csstype-3.2.3.tgz 13010ms (cache miss)
3131 http fetch GET 200 https://registry.npmjs.org/d3-scale/-/d3-scale-4.0.2.tgz 13083ms (cache miss)
3132 http fetch GET 200 https://registry.npmjs.org/@nivo/core/-/core-0.99.0.tgz 12814ms (cache miss)
3133 http fetch GET 200 https://registry.npmjs.org/@csstools/css-calc/-/css-calc-3.2.1.tgz 12769ms (cache miss)
3134 http fetch GET 200 https://registry.npmjs.org/@csstools/css-color-parser/-/css-color-parser-4.1.7.tgz 12771ms (cache miss)
3135 http fetch GET 200 https://registry.npmjs.org/@ecies/ciphers/-/ciphers-0.2.6.tgz 12773ms (cache miss)
3136 http fetch GET 200 https://registry.npmjs.org/@csstools/color-helpers/-/color-helpers-6.0.2.tgz 12813ms (cache miss)
3137 http fetch GET 200 https://registry.npmjs.org/@chevrotain/types/-/types-11.1.2.tgz 12813ms (cache miss)
3138 http fetch GET 200 https://registry.npmjs.org/@braintree/sanitize-url/-/sanitize-url-7.1.2.tgz 12812ms (cache miss)
3139 http fetch GET 200 https://registry.npmjs.org/@radix-ui/react-select/-/react-select-2.3.1.tgz 12972ms (cache miss)
3140 http fetch GET 200 https://registry.npmjs.org/@eslint/core/-/core-0.17.0.tgz 12897ms (cache miss)
3141 http fetch GET 200 https://registry.npmjs.org/@babel/plugin-transform-react-jsx-source/-/plugin-transform-react-jsx-source-7.29.7.tgz 12884ms (cache miss)
3142 http fetch GET 200 https://registry.npmjs.org/@babel/plugin-transform-react-jsx-self/-/plugin-transform-react-jsx-self-7.29.7.tgz 12888ms (cache miss)
3143 http fetch GET 200 https://registry.npmjs.org/@radix-ui/react-one-time-password-field/-/react-one-time-password-field-0.1.10.tgz 12981ms (cache miss)
3144 http fetch GET 200 https://registry.npmjs.org/@babel/preset-typescript/-/preset-typescript-7.29.7.tgz 12895ms (cache miss)
3145 http fetch GET 200 https://registry.npmjs.org/@babel/plugin-syntax-jsx/-/plugin-syntax-jsx-7.29.7.tgz 12915ms (cache miss)
3146 http fetch GET 200 https://registry.npmjs.org/@babel/plugin-transform-modules-commonjs/-/plugin-transform-modules-commonjs-7.29.7.tgz 12916ms (cache miss)
3147 http fetch GET 200 https://registry.npmjs.org/d3-interpolate/-/d3-interpolate-3.0.1.tgz 13254ms (cache miss)
3148 http fetch GET 200 https://registry.npmjs.org/esquery/-/esquery-1.7.0.tgz 13345ms (cache miss)
3149 http fetch GET 200 https://registry.npmjs.org/@babel/helper-replace-supers/-/helper-replace-supers-7.29.7.tgz 12965ms (cache miss)
3150 http fetch GET 200 https://registry.npmjs.org/@babel/helper-skip-transparent-expression-wrappers/-/helper-skip-transparent-expression-wrappers-7.29.7.tgz 12968ms (cache miss)
3151 http fetch GET 200 https://registry.npmjs.org/@babel/helper-plugin-utils/-/helper-plugin-utils-7.29.7.tgz 12967ms (cache miss)
3152 http fetch GET 200 https://registry.npmjs.org/@babel/helper-validator-option/-/helper-validator-option-7.29.7.tgz 12972ms (cache miss)
3153 http fetch GET 200 https://registry.npmjs.org/@babel/helper-string-parser/-/helper-string-parser-7.29.7.tgz 12972ms (cache miss)
3154 http fetch GET 200 https://registry.npmjs.org/@pkgjs/parseargs/-/parseargs-0.11.0.tgz 13116ms (cache miss)
3155 http fetch GET 200 https://registry.npmjs.org/@humanwhocodes/module-importer/-/module-importer-1.0.1.tgz 13079ms (cache miss)
3156 http fetch GET 200 https://registry.npmjs.org/@babel/plugin-syntax-typescript/-/plugin-syntax-typescript-7.29.7.tgz 13068ms (cache miss)
3157 http fetch GET 200 https://registry.npmjs.org/@babel/helper-optimise-call-expression/-/helper-optimise-call-expression-7.29.7.tgz 13194ms (cache miss)
3158 http fetch GET 200 https://registry.npmjs.org/@babel/helper-member-expression-to-functions/-/helper-member-expression-to-functions-7.29.7.tgz 13181ms (cache miss)
3159 http fetch GET 200 https://registry.npmjs.org/@babel/helper-module-imports/-/helper-module-imports-7.29.7.tgz 13182ms (cache miss)
3160 http fetch GET 200 https://registry.npmjs.org/@babel/helper-compilation-targets/-/helper-compilation-targets-7.29.7.tgz 13178ms (cache miss)
3161 http fetch GET 200 https://registry.npmjs.org/@babel/helper-globals/-/helper-globals-7.29.7.tgz 13182ms (cache miss)
3162 http fetch GET 200 https://registry.npmjs.org/@react-spring/shared/-/shared-10.1.1.tgz 13323ms (cache miss)
3163 http fetch GET 200 https://registry.npmjs.org/@babel/helper-annotate-as-pure/-/helper-annotate-as-pure-7.29.7.tgz 13217ms (cache miss)
3164 http fetch GET 200 https://registry.npmjs.org/@babel/compat-data/-/compat-data-7.29.7.tgz 13243ms (cache miss)
3165 http fetch GET 200 https://registry.npmjs.org/@asamuzakjp/generational-cache/-/generational-cache-1.0.1.tgz 13243ms (cache miss)
3166 http fetch GET 200 https://registry.npmjs.org/@floating-ui/react-dom/-/react-dom-2.1.8.tgz 13306ms (cache miss)
3167 http fetch GET 200 https://registry.npmjs.org/ip-address/-/ip-address-10.2.0.tgz 13738ms (cache miss)
3168 http fetch GET 200 https://registry.npmjs.org/@babel/code-frame/-/code-frame-7.29.7.tgz 13289ms (cache miss)
3169 http fetch GET 200 https://registry.npmjs.org/@shikijs/engine-oniguruma/-/engine-oniguruma-4.2.0.tgz 13443ms (cache miss)
3170 http fetch GET 200 https://registry.npmjs.org/@asamuzakjp/nwsapi/-/nwsapi-2.3.9.tgz 13291ms (cache miss)
3171 http fetch GET 200 https://registry.npmjs.org/string-width/-/string-width-4.2.3.tgz 13296ms (cache miss)
3172 http fetch GET 200 https://registry.npmjs.org/string-width/-/string-width-4.2.3.tgz 13298ms (cache miss)
3173 http fetch GET 200 https://registry.npmjs.org/iconv-lite/-/iconv-lite-0.7.2.tgz 13782ms (cache miss)
3174 http fetch GET 200 https://registry.npmjs.org/strip-ansi/-/strip-ansi-6.0.1.tgz 13354ms (cache miss)
3175 http fetch GET 200 https://registry.npmjs.org/emoji-regex/-/emoji-regex-8.0.0.tgz 13354ms (cache miss)
3176 http fetch GET 200 https://registry.npmjs.org/strip-ansi/-/strip-ansi-6.0.1.tgz 13355ms (cache miss)
3177 http fetch GET 200 https://registry.npmjs.org/@antfu/install-pkg/-/install-pkg-1.1.0.tgz 13402ms (cache miss)
3178 http fetch GET 200 https://registry.npmjs.org/@babel/helper-validator-identifier/-/helper-validator-identifier-7.29.7.tgz 13440ms (cache miss)
3179 http fetch GET 200 https://registry.npmjs.org/@vitest/spy/-/spy-4.1.9.tgz 13408ms (cache miss)
3180 http fetch GET 200 https://registry.npmjs.org/estree-walker/-/estree-walker-3.0.3.tgz 13411ms (cache miss)
3181 http fetch GET 200 https://registry.npmjs.org/tinyrainbow/-/tinyrainbow-3.1.0.tgz 13438ms (cache miss)
3182 http fetch GET 200 https://registry.npmjs.org/motion/-/motion-12.40.0.tgz 14057ms (cache miss)
3183 http fetch GET 200 https://registry.npmjs.org/ansi-styles/-/ansi-styles-6.2.3.tgz 13452ms (cache miss)
3184 http fetch GET 200 https://registry.npmjs.org/content-type/-/content-type-2.0.0.tgz 13474ms (cache miss)
3185 http fetch GET 200 https://registry.npmjs.org/strip-ansi/-/strip-ansi-6.0.1.tgz 13471ms (cache miss)
3186 http fetch GET 200 https://registry.npmjs.org/ansi-regex/-/ansi-regex-6.2.2.tgz 13473ms (cache miss)
3187 http fetch GET 200 https://registry.npmjs.org/@vitest/pretty-format/-/pretty-format-4.1.9.tgz 13490ms (cache miss)
3188 http fetch GET 200 https://registry.npmjs.org/emoji-regex/-/emoji-regex-8.0.0.tgz 13517ms (cache miss)
3189 http fetch GET 200 https://registry.npmjs.org/emoji-regex/-/emoji-regex-8.0.0.tgz 13496ms (cache miss)
3190 http fetch GET 200 https://registry.npmjs.org/@vitest/expect/-/expect-4.1.9.tgz 13544ms (cache miss)
3191 http fetch GET 200 https://registry.npmjs.org/postcss-selector-parser/-/postcss-selector-parser-6.0.10.tgz 14273ms (cache miss)
3192 http fetch GET 200 https://registry.npmjs.org/is-obj/-/is-obj-3.0.0.tgz 13611ms (cache miss)
3193 http fetch GET 200 https://registry.npmjs.org/@storybook/addon-a11y/-/addon-a11y-9.1.19.tgz 13827ms (cache miss)
3194 http fetch GET 200 https://registry.npmjs.org/chai/-/chai-6.2.2.tgz 13696ms (cache miss)
3195 http fetch GET 200 https://registry.npmjs.org/onetime/-/onetime-7.0.0.tgz 13751ms (cache miss)
3196 http fetch GET 200 https://registry.npmjs.org/is-decimal/-/is-decimal-1.0.4.tgz 13748ms (cache miss)
3197 http fetch GET 200 https://registry.npmjs.org/parse-entities/-/parse-entities-2.0.0.tgz 13750ms (cache miss)
3198 http fetch GET 200 https://registry.npmjs.org/lowlight/-/lowlight-3.3.0.tgz 13753ms (cache miss)
3199 http fetch GET 200 https://registry.npmjs.org/is-alphabetical/-/is-alphabetical-1.0.4.tgz 13749ms (cache miss)
3200 http fetch GET 200 https://registry.npmjs.org/is-alphanumerical/-/is-alphanumerical-1.0.4.tgz 13751ms (cache miss)
3201 http fetch GET 200 https://registry.npmjs.org/nanoid/-/nanoid-3.3.13.tgz 13822ms (cache miss)
3202 http fetch GET 200 https://registry.npmjs.org/character-reference-invalid/-/character-reference-invalid-1.1.4.tgz 13855ms (cache miss)
3203 http fetch GET 200 https://registry.npmjs.org/@react-spring/core/-/core-10.1.1.tgz 14060ms (cache miss)
3204 http fetch GET 200 https://registry.npmjs.org/@img/sharp-linux-x64/-/sharp-linux-x64-0.34.5.tgz 13996ms (cache miss)
3205 http fetch GET 200 https://registry.npmjs.org/@floating-ui/dom/-/dom-1.7.6.tgz 13980ms (cache miss)
3206 http fetch GET 200 https://registry.npmjs.org/character-entities-legacy/-/character-entities-legacy-1.1.4.tgz 13896ms (cache miss)
3207 http fetch GET 200 https://registry.npmjs.org/character-entities/-/character-entities-1.2.4.tgz 13941ms (cache miss)
3208 http fetch GET 200 https://registry.npmjs.org/strip-indent/-/strip-indent-3.0.0.tgz 13947ms (cache miss)
3209 http fetch GET 200 https://registry.npmjs.org/kleur/-/kleur-3.0.3.tgz 13948ms (cache miss)
3210 http fetch GET 200 https://registry.npmjs.org/reselect/-/reselect-5.2.0.tgz 14724ms (cache miss)
3211 http fetch GET 200 https://registry.npmjs.org/esbuild/-/esbuild-0.28.1.tgz 14024ms (cache miss)
3212 http fetch GET 200 https://registry.npmjs.org/ansi-styles/-/ansi-styles-5.2.0.tgz 14059ms (cache miss)
3213 http fetch GET 200 https://registry.npmjs.org/@types/react-dom/-/react-dom-18.3.7.tgz 14125ms (cache miss)
3214 http fetch GET 200 https://registry.npmjs.org/p-locate/-/p-locate-3.0.0.tgz 14125ms (cache miss)
3215 http fetch GET 200 https://registry.npmjs.org/path-exists/-/path-exists-3.0.0.tgz 14126ms (cache miss)
3216 http fetch GET 200 https://registry.npmjs.org/p-limit/-/p-limit-2.3.0.tgz 14126ms (cache miss)
3217 http fetch GET 200 https://registry.npmjs.org/d3-time-format/-/d3-time-format-3.0.0.tgz 14560ms (cache miss)
3218 http fetch GET 200 https://registry.npmjs.org/esbuild/-/esbuild-0.27.7.tgz 14174ms (cache miss)
3219 http fetch GET 200 https://registry.npmjs.org/cookie/-/cookie-1.1.1.tgz 14147ms (cache miss)
3220 http fetch GET 200 https://registry.npmjs.org/nanoid/-/nanoid-3.3.13.tgz 14143ms (cache miss)
3221 http fetch GET 200 https://registry.npmjs.org/locate-path/-/locate-path-3.0.0.tgz 14173ms (cache miss)
3222 http fetch GET 200 https://registry.npmjs.org/find-up/-/find-up-3.0.0.tgz 14174ms (cache miss)
3223 http fetch GET 200 https://registry.npmjs.org/@types/unist/-/unist-2.0.11.tgz 14173ms (cache miss)
3224 http fetch GET 200 https://registry.npmjs.org/@eslint/plugin-kit/-/plugin-kit-0.4.1.tgz 14299ms (cache miss)
3225 http fetch GET 200 https://registry.npmjs.org/mimic-fn/-/mimic-fn-2.1.0.tgz 14203ms (cache miss)
3226 http fetch GET 200 https://registry.npmjs.org/string-width/-/string-width-7.2.0.tgz 14206ms (cache miss)
3227 http fetch GET 200 https://registry.npmjs.org/chalk/-/chalk-5.6.2.tgz 14205ms (cache miss)
3228 http fetch GET 200 https://registry.npmjs.org/emoji-regex/-/emoji-regex-10.6.0.tgz 14206ms (cache miss)
3229 http fetch GET 200 https://registry.npmjs.org/@floating-ui/core/-/core-1.7.5.tgz 14328ms (cache miss)
3230 http fetch GET 200 https://registry.npmjs.org/cookie/-/cookie-1.1.1.tgz 14216ms (cache miss)
3231 http fetch GET 200 https://registry.npmjs.org/is-hexadecimal/-/is-hexadecimal-1.0.4.tgz 14240ms (cache miss)
3232 http fetch GET 200 https://registry.npmjs.org/path-key/-/path-key-4.0.0.tgz 14240ms (cache miss)
3233 http fetch GET 200 https://registry.npmjs.org/unicorn-magic/-/unicorn-magic-0.3.0.tgz 14240ms (cache miss)
3234 http fetch GET 200 https://registry.npmjs.org/escape-string-regexp/-/escape-string-regexp-5.0.0.tgz 14238ms (cache miss)
3235 http fetch GET 200 https://registry.npmjs.org/@eslint-community/regexpp/-/regexpp-4.12.2.tgz 14359ms (cache miss)
3236 http fetch GET 200 https://registry.npmjs.org/parse5/-/parse5-8.0.1.tgz 14964ms (cache miss)
3237 http fetch GET 200 https://registry.npmjs.org/is-unicode-supported/-/is-unicode-supported-1.3.0.tgz 14296ms (cache miss)
3238 http fetch GET 200 https://registry.npmjs.org/@eslint-community/eslint-utils/-/eslint-utils-4.9.1.tgz 14427ms (cache miss)
3239 http fetch GET 200 https://registry.npmjs.org/@types/unist/-/unist-2.0.11.tgz 14419ms (cache miss)
3240 http fetch GET 200 https://registry.npmjs.org/space-separated-tokens/-/space-separated-tokens-1.1.5.tgz 14422ms (cache miss)
3241 http fetch GET 200 https://registry.npmjs.org/comma-separated-tokens/-/comma-separated-tokens-1.0.8.tgz 14422ms (cache miss)
3242 http fetch GET 200 https://registry.npmjs.org/chalk/-/chalk-5.6.2.tgz 14496ms (cache miss)
3243 http fetch GET 200 https://registry.npmjs.org/@csstools/css-syntax-patches-for-csstree/-/css-syntax-patches-for-csstree-1.1.5.tgz 14534ms (cache miss)
3244 http fetch GET 200 https://registry.npmjs.org/hastscript/-/hastscript-9.0.1.tgz 14602ms (cache miss)
3245 http fetch GET 200 https://registry.npmjs.org/hast-util-parse-selector/-/hast-util-parse-selector-4.0.0.tgz 14604ms (cache miss)
3246 http fetch GET 200 https://registry.npmjs.org/set-cookie-parser/-/set-cookie-parser-3.1.0.tgz 14610ms (cache miss)
3247 http fetch GET 200 https://registry.npmjs.org/fs-extra/-/fs-extra-11.3.5.tgz 15128ms (cache miss)
3248 http fetch GET 200 https://registry.npmjs.org/tailwind-merge/-/tailwind-merge-3.6.0.tgz 15462ms (cache miss)
3249 http fetch GET 200 https://registry.npmjs.org/@babel/plugin-transform-typescript/-/plugin-transform-typescript-7.29.7.tgz 14753ms (cache miss)
3250 http fetch GET 200 https://registry.npmjs.org/path-exists/-/path-exists-4.0.0.tgz 14651ms (cache miss)
3251 http fetch GET 200 https://registry.npmjs.org/yocto-queue/-/yocto-queue-0.1.0.tgz 14651ms (cache miss)
3252 http fetch GET 200 https://registry.npmjs.org/p-limit/-/p-limit-3.1.0.tgz 14649ms (cache miss)
3253 http fetch GET 200 https://registry.npmjs.org/locate-path/-/locate-path-6.0.0.tgz 14643ms (cache miss)
3254 http fetch GET 200 https://registry.npmjs.org/glob-parent/-/glob-parent-5.1.2.tgz 14655ms (cache miss)
3255 http fetch GET 200 https://registry.npmjs.org/p-locate/-/p-locate-5.0.0.tgz 14653ms (cache miss)
3256 http fetch GET 200 https://registry.npmjs.org/find-up/-/find-up-5.0.0.tgz 14643ms (cache miss)
3257 http fetch GET 200 https://registry.npmjs.org/@types/hast/-/hast-2.3.10.tgz 14676ms (cache miss)
3258 http fetch GET 200 https://registry.npmjs.org/strip-ansi/-/strip-ansi-6.0.1.tgz 14666ms (cache miss)
3259 http fetch GET 200 https://registry.npmjs.org/json-schema-traverse/-/json-schema-traverse-0.4.1.tgz 14677ms (cache miss)
3260 http fetch GET 200 https://registry.npmjs.org/brace-expansion/-/brace-expansion-2.1.1.tgz 14685ms (cache miss)
3261 http fetch GET 200 https://registry.npmjs.org/@floating-ui/utils/-/utils-0.2.11.tgz 14835ms (cache miss)
3262 http fetch GET 200 https://registry.npmjs.org/d3-time/-/d3-time-3.1.0.tgz 14698ms (cache miss)
3263 http fetch GET 200 https://registry.npmjs.org/d3-path/-/d3-path-1.0.9.tgz 14697ms (cache miss)
3264 http fetch GET 200 https://registry.npmjs.org/internmap/-/internmap-1.0.1.tgz 14698ms (cache miss)
3265 http fetch GET 200 https://registry.npmjs.org/hast-util-parse-selector/-/hast-util-parse-selector-4.0.0.tgz 14703ms (cache miss)
3266 http fetch GET 200 https://registry.npmjs.org/jiti/-/jiti-2.7.0.tgz 15322ms (cache miss)
3267 http fetch GET 200 https://registry.npmjs.org/d3-format/-/d3-format-3.1.2.tgz 14716ms (cache miss)
3268 http fetch GET 200 https://registry.npmjs.org/@vercel/oidc/-/oidc-3.2.0.tgz 15143ms (cache miss)
3269 http fetch GET 200 https://registry.npmjs.org/strip-ansi/-/strip-ansi-6.0.1.tgz 14762ms (cache miss)
3270 http fetch GET 200 https://registry.npmjs.org/content-type/-/content-type-2.0.0.tgz 14762ms (cache miss)
3271 http fetch GET 200 https://registry.npmjs.org/json-schema-typed/-/json-schema-typed-7.0.3.tgz 14781ms (cache miss)
3272 http fetch GET 200 https://registry.npmjs.org/string-width/-/string-width-4.2.3.tgz 14807ms (cache miss)
3273 http fetch GET 200 https://registry.npmjs.org/emoji-regex/-/emoji-regex-8.0.0.tgz 14832ms (cache miss)
3274 http fetch GET 200 https://registry.npmjs.org/open/-/open-8.4.2.tgz 14856ms (cache miss)
3275 http fetch GET 200 https://registry.npmjs.org/define-lazy-prop/-/define-lazy-prop-2.0.0.tgz 14854ms (cache miss)
3276 http fetch GET 200 https://registry.npmjs.org/tinyrainbow/-/tinyrainbow-3.1.0.tgz 14849ms (cache miss)
3277 http fetch GET 200 https://registry.npmjs.org/tinyrainbow/-/tinyrainbow-3.1.0.tgz 14859ms (cache miss)
3278 http fetch GET 200 https://registry.npmjs.org/is-docker/-/is-docker-2.2.1.tgz 14861ms (cache miss)
3279 http fetch GET 200 https://registry.npmjs.org/path-to-regexp/-/path-to-regexp-6.3.0.tgz 14920ms (cache miss)
3280 http fetch GET 200 https://registry.npmjs.org/oniguruma-to-es/-/oniguruma-to-es-4.3.6.tgz 15621ms (cache miss)
3281 http fetch GET 200 https://registry.npmjs.org/estree-walker/-/estree-walker-3.0.3.tgz 14889ms (cache miss)
3282 http fetch GET 200 https://registry.npmjs.org/eslint-visitor-keys/-/eslint-visitor-keys-5.0.1.tgz 14889ms (cache miss)
3283 http fetch GET 200 https://registry.npmjs.org/mnemonist/-/mnemonist-0.39.8.tgz 15647ms (cache miss)
3284 http fetch GET 200 https://registry.npmjs.org/@vitest/pretty-format/-/pretty-format-4.1.9.tgz 14928ms (cache miss)
3285 http fetch GET 200 https://registry.npmjs.org/@vitest/pretty-format/-/pretty-format-4.1.9.tgz 14935ms (cache miss)
3286 http fetch GET 200 https://registry.npmjs.org/brace-expansion/-/brace-expansion-5.0.6.tgz 14925ms (cache miss)
3287 http fetch GET 200 https://registry.npmjs.org/picomatch/-/picomatch-2.3.2.tgz 15002ms (cache miss)
3288 http fetch GET 200 https://registry.npmjs.org/balanced-match/-/balanced-match-4.0.4.tgz 14946ms (cache miss)
3289 http fetch GET 200 https://registry.npmjs.org/wrap-ansi/-/wrap-ansi-7.0.0.tgz 14948ms (cache miss)
3290 http fetch GET 200 https://registry.npmjs.org/postcss/-/postcss-8.4.31.tgz 15746ms (cache miss)
3291 http fetch GET 200 https://registry.npmjs.org/commander/-/commander-7.2.0.tgz 14994ms (cache miss)
3292 http fetch GET 200 https://registry.npmjs.org/is-wsl/-/is-wsl-2.2.0.tgz 14965ms (cache miss)
3293 http fetch GET 200 https://registry.npmjs.org/@shikijs/types/-/types-3.23.0.tgz 14957ms (cache miss)
3294 http fetch GET 200 https://registry.npmjs.org/ignore/-/ignore-7.0.5.tgz 14985ms (cache miss)
3295 http fetch GET 200 https://registry.npmjs.org/json-schema-traverse/-/json-schema-traverse-0.4.1.tgz 14986ms (cache miss)
3296 http fetch GET 200 https://registry.npmjs.org/@open-draft/deferred-promise/-/deferred-promise-2.2.0.tgz 14988ms (cache miss)
3297 http fetch GET 200 https://registry.npmjs.org/strip-final-newline/-/strip-final-newline-2.0.0.tgz 14985ms (cache miss)
3298 http fetch GET 200 https://registry.npmjs.org/which/-/which-4.0.0.tgz 14984ms (cache miss)
3299 http fetch GET 200 https://registry.npmjs.org/@types/d3-time-format/-/d3-time-format-3.0.4.tgz 14989ms (cache miss)
3300 http fetch GET 200 https://registry.npmjs.org/uuid/-/uuid-14.0.0.tgz 16010ms (cache miss)
3301 http fetch GET 200 https://registry.npmjs.org/layout-base/-/layout-base-1.0.2.tgz 15683ms (cache miss)
3302 http fetch GET 200 https://registry.npmjs.org/commander/-/commander-14.0.3.tgz 15111ms (cache miss)
3303 http fetch GET 200 https://registry.npmjs.org/balanced-match/-/balanced-match-4.0.4.tgz 15018ms (cache miss)
3304 http fetch GET 200 https://registry.npmjs.org/open/-/open-8.4.2.tgz 15003ms (cache miss)
3305 http fetch GET 200 https://registry.npmjs.org/globals/-/globals-14.0.0.tgz 15007ms (cache miss)
3306 http fetch GET 200 https://registry.npmjs.org/signal-exit/-/signal-exit-3.0.7.tgz 15004ms (cache miss)
3307 http fetch GET 200 https://registry.npmjs.org/npm-run-path/-/npm-run-path-4.0.1.tgz 15004ms (cache miss)
3308 http fetch GET 200 https://registry.npmjs.org/is-wsl/-/is-wsl-2.2.0.tgz 15068ms (cache miss)
3309 http fetch GET 200 https://registry.npmjs.org/eslint-visitor-keys/-/eslint-visitor-keys-3.4.3.tgz 15074ms (cache miss)
3310 http fetch GET 200 https://registry.npmjs.org/is-docker/-/is-docker-2.2.1.tgz 15066ms (cache miss)
3311 http fetch GET 200 https://registry.npmjs.org/get-stream/-/get-stream-6.0.1.tgz 15064ms (cache miss)
3312 http fetch GET 200 https://registry.npmjs.org/is-stream/-/is-stream-2.0.1.tgz 15070ms (cache miss)
3313 http fetch GET 200 https://registry.npmjs.org/isexe/-/isexe-3.1.5.tgz 15070ms (cache miss)
3314 http fetch GET 200 https://registry.npmjs.org/human-signals/-/human-signals-2.1.0.tgz 15066ms (cache miss)
3315 http fetch GET 200 https://registry.npmjs.org/define-lazy-prop/-/define-lazy-prop-2.0.0.tgz 15065ms (cache miss)
3316 http fetch GET 200 https://registry.npmjs.org/@fontsource-variable/geist/-/geist-5.2.9.tgz 15296ms (cache miss)
3317 http fetch GET 200 https://registry.npmjs.org/@babel/template/-/template-7.29.7.tgz 15315ms (cache miss)
3318 http fetch GET 200 https://registry.npmjs.org/@testing-library/react/-/react-16.3.2.tgz 15506ms (cache miss)
3319 http fetch GET 200 https://registry.npmjs.org/@hugeicons/react/-/react-1.1.7.tgz 15419ms (cache miss)
3320 http fetch GET 200 https://registry.npmjs.org/@storybook/icons/-/icons-1.6.0.tgz 15588ms (cache miss)
3321 http fetch GET 200 https://registry.npmjs.org/@babel/helper-module-transforms/-/helper-module-transforms-7.29.7.tgz 15437ms (cache miss)
3322 http fetch GET 200 https://registry.npmjs.org/@fontsource-variable/geist-mono/-/geist-mono-5.2.8.tgz 15484ms (cache miss)
3323 http fetch GET 200 https://registry.npmjs.org/shadcn/-/shadcn-3.8.5.tgz 16173ms (cache miss)
3324 http fetch GET 200 https://registry.npmjs.org/@jridgewell/sourcemap-codec/-/sourcemap-codec-1.5.5.tgz 15575ms (cache miss)
3325 http fetch GET 200 https://registry.npmjs.org/d3-transition/-/d3-transition-3.0.1.tgz 15858ms (cache miss)
3326 http fetch GET 200 https://registry.npmjs.org/nanoid/-/nanoid-3.3.13.tgz 15474ms (cache miss)
3327 http fetch GET 200 https://registry.npmjs.org/@shikijs/core/-/core-3.23.0.tgz 15363ms (cache miss)
3328 http fetch GET 200 https://registry.npmjs.org/tsx/-/tsx-4.22.4.tgz 16352ms (cache miss)
3329 http fetch GET 200 https://registry.npmjs.org/headers-polyfill/-/headers-polyfill-5.0.1.tgz 16076ms (cache miss)
3330 http fetch GET 200 https://registry.npmjs.org/marked/-/marked-17.0.6.tgz 15582ms (cache miss)
3331 http fetch GET 200 https://registry.npmjs.org/execa/-/execa-5.1.1.tgz 15455ms (cache miss)
3332 http fetch GET 200 https://registry.npmjs.org/property-information/-/property-information-7.2.0.tgz 16289ms (cache miss)
3333 http fetch GET 200 https://registry.npmjs.org/@shikijs/engine-javascript/-/engine-javascript-3.23.0.tgz 15494ms (cache miss)
3334 http fetch GET 200 https://registry.npmjs.org/loupe/-/loupe-3.2.1.tgz 16220ms (cache miss)
3335 http fetch GET 200 https://registry.npmjs.org/@types/react/-/react-18.3.31.tgz 15637ms (cache miss)
3336 http fetch GET 200 https://registry.npmjs.org/@asamuzakjp/dom-selector/-/dom-selector-7.1.1.tgz 15704ms (cache miss)
3337 http fetch GET 200 https://registry.npmjs.org/ajv-formats/-/ajv-formats-2.1.1.tgz 15603ms (cache miss)
3338 http fetch GET 200 https://registry.npmjs.org/@nivo/theming/-/theming-0.99.0.tgz 15872ms (cache miss)
3339 http fetch GET 200 https://registry.npmjs.org/d3-time/-/d3-time-3.1.0.tgz 15718ms (cache miss)
3340 http fetch GET 200 https://registry.npmjs.org/cose-base/-/cose-base-2.2.0.tgz 15737ms (cache miss)
3341 http fetch GET 200 https://registry.npmjs.org/@jridgewell/remapping/-/remapping-2.3.5.tgz 15940ms (cache miss)
3342 http fetch GET 200 https://registry.npmjs.org/@babel/helper-create-class-features-plugin/-/helper-create-class-features-plugin-7.29.7.tgz 15894ms (cache miss)
3343 http fetch GET 200 https://registry.npmjs.org/react-docgen-typescript/-/react-docgen-typescript-2.4.0.tgz 16580ms (cache miss)
3344 http fetch GET 200 https://registry.npmjs.org/hast-util-to-html/-/hast-util-to-html-9.0.5.tgz 16377ms (cache miss)
3345 http fetch GET 200 https://registry.npmjs.org/regex/-/regex-6.1.0.tgz 16707ms (cache miss)
3346 http fetch GET 200 https://registry.npmjs.org/d3-hierarchy/-/d3-hierarchy-3.1.2.tgz 16391ms (cache miss)
3347 http fetch GET 200 https://registry.npmjs.org/commander/-/commander-11.1.0.tgz 15841ms (cache miss)
3348 http fetch GET 200 https://registry.npmjs.org/js-yaml/-/js-yaml-4.2.0.tgz 16622ms (cache miss)
3349 http fetch GET 200 https://registry.npmjs.org/@eslint/config-array/-/config-array-0.21.2.tgz 16177ms (cache miss)
3350 http fetch GET 200 https://registry.npmjs.org/@jridgewell/gen-mapping/-/gen-mapping-0.3.13.tgz 16242ms (cache miss)
3351 http fetch GET 200 https://registry.npmjs.org/roughjs/-/roughjs-4.6.6.tgz 16900ms (cache miss)
3352 http fetch GET 200 https://registry.npmjs.org/@typescript-eslint/type-utils/-/type-utils-8.61.1.tgz 16497ms (cache miss)
3353 http fetch GET 200 https://registry.npmjs.org/@antfu/ni/-/ni-25.0.0.tgz 16231ms (cache miss)
3354 http fetch GET 200 https://registry.npmjs.org/atomically/-/atomically-1.7.0.tgz 16555ms (cache miss)
3355 http fetch GET 200 https://registry.npmjs.org/brace-expansion/-/brace-expansion-5.0.6.tgz 16136ms (cache miss)
3356 http fetch GET 200 https://registry.npmjs.org/@bramus/specificity/-/specificity-2.4.2.tgz 16318ms (cache miss)
3357 http fetch GET 200 https://registry.npmjs.org/hastscript/-/hastscript-9.0.1.tgz 16221ms (cache miss)
3358 http fetch GET 200 https://registry.npmjs.org/property-information/-/property-information-5.6.0.tgz 16232ms (cache miss)
3359 http fetch GET 200 https://registry.npmjs.org/@nivo/voronoi/-/voronoi-0.99.0.tgz 16418ms (cache miss)
3360 http fetch GET 200 https://registry.npmjs.org/dompurify/-/dompurify-3.4.11.tgz 16708ms (cache miss)
3361 http fetch GET 200 https://registry.npmjs.org/eslint-plugin-storybook/-/eslint-plugin-storybook-9.1.19.tgz 16825ms (cache miss)
3362 http fetch GET 200 https://registry.npmjs.org/enquirer/-/enquirer-2.4.1.tgz 16848ms (cache miss)
3363 http fetch GET 200 https://registry.npmjs.org/@shikijs/engine-oniguruma/-/engine-oniguruma-3.23.0.tgz 16314ms (cache miss)
3364 http fetch GET 200 https://registry.npmjs.org/@testing-library/jest-dom/-/jest-dom-6.9.1.tgz 16656ms (cache miss)
3365 http fetch GET 200 https://registry.npmjs.org/@nivo/scales/-/scales-0.99.0.tgz 16653ms (cache miss)
3366 http fetch GET 200 https://registry.npmjs.org/yargs/-/yargs-17.7.2.tgz 17447ms (cache miss)
3367 http fetch GET 200 https://registry.npmjs.org/@nivo/tooltip/-/tooltip-0.99.0.tgz 16670ms (cache miss)
3368 http fetch GET 200 https://registry.npmjs.org/node-fetch/-/node-fetch-3.3.2.tgz 16177ms (cache miss)
3369 http fetch GET 200 https://registry.npmjs.org/@rollup/rollup-linux-x64-gnu/-/rollup-linux-x64-gnu-4.62.0.tgz 16746ms (cache miss)
3370 http fetch GET 200 https://registry.npmjs.org/@vitest/utils/-/utils-4.1.9.tgz 16592ms (cache miss)
3371 http fetch GET 200 https://registry.npmjs.org/use-sidecar/-/use-sidecar-1.1.3.tgz 17509ms (cache miss)
3372 http fetch GET 200 https://registry.npmjs.org/enhanced-resolve/-/enhanced-resolve-5.21.6.tgz 17060ms (cache miss)
3373 http fetch GET 200 https://registry.npmjs.org/@vitest/mocker/-/mocker-4.1.9.tgz 16660ms (cache miss)
3374 http fetch GET 200 https://registry.npmjs.org/@adobe/css-tools/-/css-tools-4.5.0.tgz 16701ms (cache miss)
3375 http fetch GET 200 https://registry.npmjs.org/d3-array/-/d3-array-3.2.4.tgz 17160ms (cache miss)
3376 http fetch GET 200 https://registry.npmjs.org/uri-js/-/uri-js-4.4.1.tgz 17702ms (cache miss)
3377 http fetch GET 200 https://registry.npmjs.org/@nivo/annotations/-/annotations-0.99.0.tgz 17061ms (cache miss)
3378 http fetch GET 200 https://registry.npmjs.org/json-schema-to-typescript/-/json-schema-to-typescript-15.0.4.tgz 17482ms (cache miss)
3379 http fetch GET 200 https://registry.npmjs.org/@vitest/utils/-/utils-4.1.9.tgz 16939ms (cache miss)
3380 http fetch GET 200 https://registry.npmjs.org/@vitest/utils/-/utils-4.1.9.tgz 16994ms (cache miss)
3381 http fetch GET 200 https://registry.npmjs.org/mdn-data/-/mdn-data-2.27.1.tgz 17052ms (cache miss)
3382 http fetch GET 200 https://registry.npmjs.org/use-callback-ref/-/use-callback-ref-1.3.3.tgz 17978ms (cache miss)
3383 http fetch GET 200 https://registry.npmjs.org/d3-format/-/d3-format-1.4.5.tgz 17483ms (cache miss)
3384 http fetch GET 200 https://registry.npmjs.org/@jridgewell/trace-mapping/-/trace-mapping-0.3.31.tgz 17279ms (cache miss)
3385 http fetch GET 200 https://registry.npmjs.org/tsconfig-paths/-/tsconfig-paths-4.2.0.tgz 18032ms (cache miss)
3386 http fetch GET 200 https://registry.npmjs.org/lru-cache/-/lru-cache-10.4.3.tgz 17190ms (cache miss)
3387 http fetch GET 200 https://registry.npmjs.org/dom-accessibility-api/-/dom-accessibility-api-0.5.16.tgz 17648ms (cache miss)
3388 http fetch GET 200 https://registry.npmjs.org/@exodus/bytes/-/bytes-1.15.1.tgz 17325ms (cache miss)
3389 http fetch GET 200 https://registry.npmjs.org/@nivo/radar/-/radar-0.99.0.tgz 17373ms (cache miss)
3390 http fetch GET 200 https://registry.npmjs.org/@babel/parser/-/parser-7.29.7.tgz 17306ms (cache miss)
3391 http fetch GET 200 https://registry.npmjs.org/d3-scale-chromatic/-/d3-scale-chromatic-3.1.0.tgz 17690ms (cache miss)
3392 http fetch GET 200 https://registry.npmjs.org/entities/-/entities-8.0.0.tgz 17728ms (cache miss)
3393 http fetch GET 200 https://registry.npmjs.org/rollup/-/rollup-4.62.0.tgz 18058ms (cache miss)
3394 http fetch GET 200 https://registry.npmjs.org/mdn-data/-/mdn-data-2.27.1.tgz 17198ms (cache miss)
3395 http fetch GET 200 https://registry.npmjs.org/@nivo/axes/-/axes-0.99.0.tgz 17473ms (cache miss)
3396 http fetch GET 200 https://registry.npmjs.org/semver/-/semver-7.8.4.tgz 17364ms (cache miss)
3397 http fetch GET 200 https://registry.npmjs.org/d3-time-format/-/d3-time-format-4.1.0.tgz 17292ms (cache miss)
3398 http fetch GET 200 https://registry.npmjs.org/@eslint/eslintrc/-/eslintrc-3.3.5.tgz 17450ms (cache miss)
3399 http fetch GET 200 https://registry.npmjs.org/d3-selection/-/d3-selection-3.0.0.tgz 17795ms (cache miss)
3400 http fetch GET 200 https://registry.npmjs.org/semver/-/semver-7.8.4.tgz 17394ms (cache miss)
3401 http fetch GET 200 https://registry.npmjs.org/hermes-parser/-/hermes-parser-0.25.1.tgz 17917ms (cache miss)
3402 http fetch GET 200 https://registry.npmjs.org/@tailwindcss/oxide-linux-x64-gnu/-/oxide-linux-x64-gnu-4.3.1.tgz 17626ms (cache miss)
3403 http fetch GET 200 https://registry.npmjs.org/iconv-lite/-/iconv-lite-0.6.3.tgz 17359ms (cache miss)
3404 http fetch GET 200 https://registry.npmjs.org/@inquirer/core/-/core-11.2.1.tgz 17575ms (cache miss)
3405 http fetch GET 200 https://registry.npmjs.org/react-remove-scroll/-/react-remove-scroll-2.7.2.tgz 18241ms (cache miss)
3406 http fetch GET 200 https://registry.npmjs.org/chai/-/chai-5.3.3.tgz 17902ms (cache miss)
3407 http fetch GET 200 https://registry.npmjs.org/@jsdevtools/ono/-/ono-7.1.3.tgz 17681ms (cache miss)
3408 http fetch GET 200 https://registry.npmjs.org/vite/-/vite-7.3.5.tgz 18463ms (cache miss)
3409 http fetch GET 200 https://registry.npmjs.org/graphology/-/graphology-0.26.0.tgz 18057ms (cache miss)
3410 http fetch GET 200 https://registry.npmjs.org/postcss-selector-parser/-/postcss-selector-parser-7.1.4.tgz 17578ms (cache miss)
3411 http fetch GET 200 https://registry.npmjs.org/fast-glob/-/fast-glob-3.3.3.tgz 18061ms (cache miss)
3412 http fetch GET 200 https://registry.npmjs.org/semver/-/semver-7.8.4.tgz 17542ms (cache miss)
3413 http fetch GET 200 https://registry.npmjs.org/semver/-/semver-7.8.4.tgz 17540ms (cache miss)
3414 http fetch GET 200 https://registry.npmjs.org/tldts/-/tldts-7.4.3.tgz 18477ms (cache miss)
3415 http fetch GET 200 https://registry.npmjs.org/postcss/-/postcss-8.5.15.tgz 17674ms (cache miss)
3416 http fetch GET 200 https://registry.npmjs.org/d3-geo/-/d3-geo-3.1.1.tgz 18064ms (cache miss)
3417 http fetch GET 200 https://registry.npmjs.org/eslint-plugin-react-hooks/-/eslint-plugin-react-hooks-7.1.1.tgz 18120ms (cache miss)
3418 http fetch GET 200 https://registry.npmjs.org/prompts/-/prompts-2.4.2.tgz 18387ms (cache miss)
3419 http fetch GET 200 https://registry.npmjs.org/postcss/-/postcss-8.5.15.tgz 17714ms (cache miss)
3420 http fetch GET 200 https://registry.npmjs.org/@hono/node-server/-/node-server-1.19.14.tgz 17823ms (cache miss)
3421 http fetch GET 200 https://registry.npmjs.org/@nivo/line/-/line-0.99.0.tgz 17893ms (cache miss)
3422 http fetch GET 200 https://registry.npmjs.org/d3-shape/-/d3-shape-3.2.0.tgz 18203ms (cache miss)
3423 http fetch GET 200 https://registry.npmjs.org/@nivo/colors/-/colors-0.99.0.tgz 17968ms (cache miss)
3424 http fetch GET 200 https://registry.npmjs.org/micromark/-/micromark-4.0.2.tgz 18475ms (cache miss)
3425 http fetch GET 200 https://registry.npmjs.org/axe-core/-/axe-core-4.12.1.tgz 18226ms (cache miss)
3426 http fetch GET 200 https://registry.npmjs.org/vite 10007ms (cache miss)
3427 silly packumentCache corgi:https://registry.npmjs.org/vite set size:undefined disposed:false
3428 http fetch GET 200 https://registry.npmjs.org/layout-base/-/layout-base-2.0.1.tgz 18016ms (cache miss)
3429 silly packumentCache corgi:https://registry.npmjs.org/next cache-miss
3430 http fetch GET 200 https://registry.npmjs.org/d3-array/-/d3-array-2.12.1.tgz 18173ms (cache miss)
3431 http fetch GET 200 https://registry.npmjs.org/@ai-sdk/gateway/-/gateway-3.0.133.tgz 18283ms (cache miss)
3432 http fetch GET 200 https://registry.npmjs.org/@storybook/addon-docs/-/addon-docs-9.1.19.tgz 18500ms (cache miss)
3433 http fetch GET 200 https://registry.npmjs.org/@babel/generator/-/generator-7.29.7.tgz 18433ms (cache miss)
3434 http fetch GET 200 https://registry.npmjs.org/@nivo/bar/-/bar-0.99.0.tgz 18777ms (cache miss)
3435 http fetch GET 200 https://registry.npmjs.org/glob/-/glob-10.5.0.tgz 19497ms (cache miss)
3436 http fetch GET 200 https://registry.npmjs.org/@nivo/legends/-/legends-0.99.0.tgz 19158ms (cache miss)
3437 warn deprecated glob@10.5.0: Old versions of glob are not supported, and contain widely publicized security vulnerabilities, which have been fixed in the current version. Please update. Support for old versions may be purchased (at exorbitant rates) by contacting i@izs.me
3438 http fetch GET 200 https://registry.npmjs.org/motion-utils/-/motion-utils-12.39.0.tgz 19745ms (cache miss)
3439 http fetch GET 200 https://registry.npmjs.org/@storybook/react/-/react-9.1.19.tgz 19343ms (cache miss)
3440 http fetch GET 200 https://registry.npmjs.org/d3-shape/-/d3-shape-1.3.7.tgz 19109ms (cache miss)
3441 http fetch GET 200 https://registry.npmjs.org/@types/node/-/node-25.9.3.tgz 19588ms (cache miss)
3442 http fetch GET 200 https://registry.npmjs.org/@testing-library/dom/-/dom-10.4.1.tgz 19541ms (cache miss)
3443 http fetch GET 200 https://registry.npmjs.org/dom-accessibility-api/-/dom-accessibility-api-0.6.3.tgz 19242ms (cache miss)
3444 http fetch GET 200 https://registry.npmjs.org/mdast-util-to-hast/-/mdast-util-to-hast-13.2.1.tgz 20005ms (cache miss)
3445 http fetch GET 200 https://registry.npmjs.org/@typescript-eslint/typescript-estree/-/typescript-estree-8.61.1.tgz 19805ms (cache miss)
3446 http fetch GET 200 https://registry.npmjs.org/minimatch/-/minimatch-9.0.9.tgz 19605ms (cache miss)
3447 http fetch GET 200 https://registry.npmjs.org/minimatch/-/minimatch-10.2.5.tgz 19630ms (cache miss)
3448 http fetch GET 200 https://registry.npmjs.org/minimatch/-/minimatch-10.2.5.tgz 19676ms (cache miss)
3449 http fetch GET 200 https://registry.npmjs.org/@base-ui/utils/-/utils-0.3.1.tgz 19863ms (cache miss)
3450 http fetch GET 200 https://registry.npmjs.org/@noble/ciphers/-/ciphers-1.3.0.tgz 19926ms (cache miss)
3451 http fetch GET 200 https://registry.npmjs.org/@typescript-eslint/utils/-/utils-8.61.1.tgz 20521ms (cache miss)
3452 http fetch GET 200 https://registry.npmjs.org/tldts-core/-/tldts-core-7.4.3.tgz 21113ms (cache miss)
3453 http fetch GET 200 https://registry.npmjs.org/@babel/traverse/-/traverse-7.29.7.tgz 20364ms (cache miss)
3454 http fetch GET 200 https://registry.npmjs.org/resolve/-/resolve-1.22.12.tgz 21163ms (cache miss)
3455 http fetch GET 200 https://registry.npmjs.org/@asamuzakjp/css-color/-/css-color-5.1.11.tgz 20500ms (cache miss)
3456 http fetch GET 200 https://registry.npmjs.org/vitest/-/vitest-4.1.9.tgz 21554ms (cache miss)
3457 http fetch GET 200 https://registry.npmjs.org/@rive-app/webgl2/-/webgl2-2.38.1.tgz 20922ms (cache miss)
3458 http fetch GET 200 https://registry.npmjs.org/parse5/-/parse5-7.3.0.tgz 20929ms (cache miss)
3459 http fetch GET 200 https://registry.npmjs.org/parse5/-/parse5-7.3.0.tgz 20932ms (cache miss)
3460 http fetch GET 200 https://registry.npmjs.org/micromark-core-commonmark/-/micromark-core-commonmark-2.0.3.tgz 21605ms (cache miss)
3461 http fetch GET 200 https://registry.npmjs.org/react-dom/-/react-dom-19.2.7.tgz 21707ms (cache miss)
3462 http fetch GET 200 https://registry.npmjs.org/@apidevtools/json-schema-ref-parser/-/json-schema-ref-parser-11.9.3.tgz 21046ms (cache miss)
3463 http fetch GET 200 https://registry.npmjs.org/embla-carousel/-/embla-carousel-8.6.0.tgz 21475ms (cache miss)
3464 http fetch GET 200 https://registry.npmjs.org/ast-types/-/ast-types-0.16.1.tgz 21597ms (cache miss)
3465 http fetch GET 200 https://registry.npmjs.org/elkjs/-/elkjs-0.11.1.tgz 21761ms (cache miss)
3466 http fetch GET 200 https://registry.npmjs.org/@shikijs/themes/-/themes-4.2.0.tgz 21535ms (cache miss)
3467 http fetch GET 200 https://registry.npmjs.org/sigma/-/sigma-3.0.3.tgz 22252ms (cache miss)
3468 http fetch GET 200 https://registry.npmjs.org/entities/-/entities-6.0.1.tgz 21483ms (cache miss)
3469 http fetch GET 200 https://registry.npmjs.org/entities/-/entities-6.0.1.tgz 21512ms (cache miss)
3470 http fetch GET 200 https://registry.npmjs.org/ajv/-/ajv-6.15.0.tgz 21540ms (cache miss)
3471 http fetch GET 200 https://registry.npmjs.org/ajv/-/ajv-6.15.0.tgz 21526ms (cache miss)
3472 http fetch GET 200 https://registry.npmjs.org/jose/-/jose-6.2.3.tgz 22208ms (cache miss)
3473 http fetch GET 200 https://registry.npmjs.org/type-fest/-/type-fest-5.7.0.tgz 22786ms (cache miss)
3474 http fetch GET 200 https://registry.npmjs.org/@shikijs/themes/-/themes-3.23.0.tgz 21839ms (cache miss)
3475 http fetch GET 200 https://registry.npmjs.org/zustand/-/zustand-4.5.7.tgz 21878ms (cache miss)
3476 http fetch GET 200 https://registry.npmjs.org/diff/-/diff-8.0.4.tgz 22405ms (cache miss)
3477 http fetch GET 200 https://registry.npmjs.org/mdast-util-to-markdown/-/mdast-util-to-markdown-2.1.2.tgz 22690ms (cache miss)
3478 http fetch GET 200 https://registry.npmjs.org/web-streams-polyfill/-/web-streams-polyfill-3.3.3.tgz 23053ms (cache miss)
3479 http fetch GET 200 https://registry.npmjs.org/lodash-es/-/lodash-es-4.18.1.tgz 22751ms (cache miss)
3480 http fetch GET 200 https://registry.npmjs.org/execa/-/execa-9.6.1.tgz 22641ms (cache miss)
3481 http fetch GET 200 https://registry.npmjs.org/@noble/hashes/-/hashes-1.8.0.tgz 22438ms (cache miss)
3482 http fetch GET 200 https://registry.npmjs.org/prettier/-/prettier-3.8.4.tgz 23004ms (cache miss)
3483 http fetch GET 200 https://registry.npmjs.org/oniguruma-parser/-/oniguruma-parser-0.12.2.tgz 23011ms (cache miss)
3484 http fetch GET 200 https://registry.npmjs.org/lightningcss-linux-x64-gnu/-/lightningcss-linux-x64-gnu-1.32.0.tgz 22969ms (cache miss)
3485 http fetch GET 200 https://registry.npmjs.org/zod-to-json-schema/-/zod-to-json-schema-3.25.2.tgz 23430ms (cache miss)
3486 http fetch GET 200 https://registry.npmjs.org/react-docgen/-/react-docgen-8.0.3.tgz 23436ms (cache miss)
3487 http fetch GET 200 https://registry.npmjs.org/@ai-sdk/provider-utils/-/provider-utils-4.0.30.tgz 22912ms (cache miss)
3488 http fetch GET 200 https://registry.npmjs.org/@ts-morph/common/-/common-0.27.0.tgz 23179ms (cache miss)
3489 http fetch GET 200 https://registry.npmjs.org/@babel/core/-/core-7.29.7.tgz 23037ms (cache miss)
3490 http fetch GET 200 https://registry.npmjs.org/dagre-d3-es/-/dagre-d3-es-7.0.14.tgz 23527ms (cache miss)
3491 http fetch GET 200 https://registry.npmjs.org/lru-cache/-/lru-cache-11.5.1.tgz 23143ms (cache miss)
3492 http fetch GET 200 https://registry.npmjs.org/@esbuild/linux-x64/-/linux-x64-0.25.12.tgz 23352ms (cache miss)
3493 http fetch GET 200 https://registry.npmjs.org/khroma/-/khroma-2.1.0.tgz 23893ms (cache miss)
3494 http fetch GET 200 https://registry.npmjs.org/refractor/-/refractor-3.6.0.tgz 24050ms (cache miss)
3495 http fetch GET 200 https://registry.npmjs.org/@iconify/utils/-/utils-3.1.3.tgz 23437ms (cache miss)
3496 http fetch GET 200 https://registry.npmjs.org/cytoscape-fcose/-/cytoscape-fcose-2.2.0.tgz 23915ms (cache miss)
3497 http fetch GET 200 https://registry.npmjs.org/@esbuild/linux-x64/-/linux-x64-0.27.7.tgz 23731ms (cache miss)
3498 http fetch GET 200 https://registry.npmjs.org/@noble/curves/-/curves-1.9.7.tgz 23902ms (cache miss)
3499 http fetch GET 200 https://registry.npmjs.org/@esbuild/linux-x64/-/linux-x64-0.28.1.tgz 23812ms (cache miss)
3500 http fetch GET 200 https://registry.npmjs.org/@ai-sdk/provider/-/provider-3.0.10.tgz 23954ms (cache miss)
3501 http fetch GET 200 https://registry.npmjs.org/@babel/runtime/-/runtime-7.29.7.tgz 24681ms (cache miss)
3502 http fetch GET 200 https://registry.npmjs.org/react-router/-/react-router-7.18.0.tgz 25733ms (cache miss)
3503 http fetch GET 200 https://registry.npmjs.org/@babel/types/-/types-7.29.7.tgz 25214ms (cache miss)
3504 http fetch GET 200 https://registry.npmjs.org/undici/-/undici-7.28.0.tgz 26018ms (cache miss)
3505 http fetch GET 200 https://registry.npmjs.org/@dotenvx/dotenvx/-/dotenvx-1.73.1.tgz 25444ms (cache miss)
3506 http fetch GET 200 https://registry.npmjs.org/@tokenlens/models/-/models-1.3.0.tgz 25653ms (cache miss)
3507 http fetch GET 200 https://registry.npmjs.org/katex/-/katex-0.16.47.tgz 26084ms (cache miss)
3508 http fetch GET 200 https://registry.npmjs.org/@img/sharp-libvips-linux-x64/-/sharp-libvips-linux-x64-1.2.4.tgz 26346ms (cache miss)
3509 http fetch GET 200 https://registry.npmjs.org/geist/-/geist-1.7.2.tgz 26791ms (cache miss)
3510 http fetch GET 200 https://registry.npmjs.org/@xyflow/system/-/system-0.0.77.tgz 27116ms (cache miss)
3511 http fetch GET 200 https://registry.npmjs.org/aria-query/-/aria-query-5.3.0.tgz 27312ms (cache miss)
3512 http fetch GET 200 https://registry.npmjs.org/@babel/helpers/-/helpers-7.29.7.tgz 27772ms (cache miss)
3513 http fetch GET 200 https://registry.npmjs.org/@swc/helpers/-/helpers-0.5.15.tgz 28314ms (cache miss)
3514 http fetch GET 200 https://registry.npmjs.org/tokenlens/-/tokenlens-1.3.1.tgz 29673ms (cache miss)
3515 http fetch GET 200 https://registry.npmjs.org/graphql/-/graphql-16.14.2.tgz 29878ms (cache miss)
3516 http fetch GET 200 https://registry.npmjs.org/@types/lodash/-/lodash-4.17.24.tgz 29675ms (cache miss)
3517 http fetch GET 200 https://registry.npmjs.org/cytoscape/-/cytoscape-3.34.0.tgz 29893ms (cache miss)
3518 http fetch GET 200 https://registry.npmjs.org/@mswjs/interceptors/-/interceptors-0.41.9.tgz 29745ms (cache miss)
3519 http fetch GET 200 https://registry.npmjs.org/highlight.js/-/highlight.js-10.7.3.tgz 30352ms (cache miss)
3520 http fetch GET 200 https://registry.npmjs.org/@mermaid-js/parser/-/parser-1.1.1.tgz 30069ms (cache miss)
3521 http fetch GET 200 https://registry.npmjs.org/@tanstack/react-query/-/react-query-5.101.0.tgz 30249ms (cache miss)
3522 http fetch GET 200 https://registry.npmjs.org/@typescript-eslint/scope-manager/-/scope-manager-8.61.1.tgz 30353ms (cache miss)
3523 http fetch GET 200 https://registry.npmjs.org/@tanstack/query-core/-/query-core-5.101.0.tgz 30278ms (cache miss)
3524 http fetch GET 200 https://registry.npmjs.org/css-tree/-/css-tree-3.1.0.tgz 30514ms (cache miss)
3525 http fetch GET 200 https://registry.npmjs.org/css-tree/-/css-tree-3.2.1.tgz 30140ms (cache miss)
3526 http fetch GET 200 https://registry.npmjs.org/css-tree/-/css-tree-3.2.1.tgz 30240ms (cache miss)
3527 http fetch GET 200 https://registry.npmjs.org/dayjs/-/dayjs-1.11.21.tgz 30812ms (cache miss)
3528 http fetch GET 200 https://registry.npmjs.org/typescript/-/typescript-5.9.3.tgz 31272ms (cache miss)
3529 http fetch GET 200 https://registry.npmjs.org/lodash/-/lodash-4.18.1.tgz 31028ms (cache miss)
3530 http fetch GET 200 https://registry.npmjs.org/next 12266ms (cache miss)
3531 silly packumentCache corgi:https://registry.npmjs.org/next set size:undefined disposed:false
3532 silly packumentCache corgi:https://registry.npmjs.org/refractor cache-miss
3533 http fetch GET 200 https://registry.npmjs.org/refractor 71ms (cache miss)
3534 silly packumentCache corgi:https://registry.npmjs.org/refractor set size:undefined disposed:false
3535 silly packumentCache corgi:https://registry.npmjs.org/geist cache-miss
3536 http fetch GET 200 https://registry.npmjs.org/geist 100ms (cache miss)
3537 silly packumentCache corgi:https://registry.npmjs.org/geist set size:undefined disposed:false
3538 silly packumentCache corgi:https://registry.npmjs.org/react-syntax-highlighter cache-miss
3539 http fetch GET 200 https://registry.npmjs.org/react-syntax-highlighter 255ms (cache miss)
3540 silly packumentCache corgi:https://registry.npmjs.org/react-syntax-highlighter set size:undefined disposed:false
3541 http fetch GET 200 https://registry.npmjs.org/prismjs/-/prismjs-1.30.0.tgz 33865ms (cache miss)
3542 http fetch GET 200 https://registry.npmjs.org/prismjs/-/prismjs-1.27.0.tgz 33281ms (cache miss)
3543 http fetch GET 200 https://registry.npmjs.org/media-chrome/-/media-chrome-4.19.2.tgz 33899ms (cache miss)
3544 http fetch GET 200 https://registry.npmjs.org/@testing-library/user-event/-/user-event-14.6.1.tgz 33639ms (cache miss)
3545 http fetch GET 200 https://registry.npmjs.org/eslint/-/eslint-9.39.4.tgz 33874ms (cache miss)
3546 http fetch GET 200 https://registry.npmjs.org/@typescript-eslint/eslint-plugin/-/eslint-plugin-8.61.1.tgz 34149ms (cache miss)
3547 http fetch GET 200 https://registry.npmjs.org/@shikijs/langs/-/langs-4.2.0.tgz 34177ms (cache miss)
3548 http fetch GET 200 https://registry.npmjs.org/@shikijs/langs/-/langs-3.23.0.tgz 34206ms (cache miss)
3549 http fetch GET 200 https://registry.npmjs.org/ajv/-/ajv-8.20.0.tgz 35054ms (cache miss)
3550 http fetch GET 200 https://registry.npmjs.org/storybook/-/storybook-9.1.19.tgz 36311ms (cache miss)
3551 http fetch GET 200 https://registry.npmjs.org/ai/-/ai-6.0.208.tgz 35906ms (cache miss)
3552 http fetch GET 200 https://registry.npmjs.org/framer-motion/-/framer-motion-12.40.0.tgz 36182ms (cache miss)
3553 http fetch GET 200 https://registry.npmjs.org/zod/-/zod-3.25.76.tgz 37205ms (cache miss)
3554 http fetch GET 200 https://registry.npmjs.org/motion-dom/-/motion-dom-12.40.0.tgz 38165ms (cache miss)
3555 http fetch GET 200 https://registry.npmjs.org/shiki/-/shiki-4.2.0.tgz 38289ms (cache miss)
3556 http fetch GET 200 https://registry.npmjs.org/hono/-/hono-4.12.26.tgz 38036ms (cache miss)
3557 http fetch GET 200 https://registry.npmjs.org/@xyflow/react/-/react-12.11.0.tgz 37899ms (cache miss)
3558 http fetch GET 200 https://registry.npmjs.org/@opentelemetry/api/-/api-1.9.1.tgz 37745ms (cache miss)
3559 http fetch GET 200 https://registry.npmjs.org/shiki/-/shiki-3.23.0.tgz 37652ms (cache miss)
3560 http fetch GET 200 https://registry.npmjs.org/caniuse-lite/-/caniuse-lite-1.0.30001799.tgz 38205ms (cache miss)
3561 http fetch GET 200 https://registry.npmjs.org/zod/-/zod-4.4.3.tgz 38959ms (cache miss)
3562 http fetch GET 200 https://registry.npmjs.org/msw/-/msw-2.14.6.tgz 39205ms (cache miss)
3563 http fetch GET 200 https://registry.npmjs.org/jsdom/-/jsdom-29.1.1.tgz 39633ms (cache miss)
3564 http fetch GET 200 https://registry.npmjs.org/@modelcontextprotocol/sdk/-/sdk-1.29.0.tgz 39502ms (cache miss)
3565 http fetch GET 200 https://registry.npmjs.org/highlight.js/-/highlight.js-11.11.1.tgz 40768ms (cache miss)
3566 http fetch GET 200 https://registry.npmjs.org/@next/swc-linux-x64-gnu/-/swc-linux-x64-gnu-16.2.9.tgz 42750ms (cache miss)
3567 http fetch GET 200 https://registry.npmjs.org/mermaid/-/mermaid-11.15.0.tgz 44219ms (cache miss)
3568 http fetch GET 200 https://registry.npmjs.org/@base-ui/react/-/react-1.6.0.tgz 46102ms (cache miss)
3569 http fetch GET 200 https://registry.npmjs.org/react-syntax-highlighter/-/react-syntax-highlighter-15.6.6.tgz 47023ms (cache miss)
3570 http fetch GET 200 https://registry.npmjs.org/es-toolkit/-/es-toolkit-1.47.1.tgz 47708ms (cache miss)
3571 http fetch GET 200 https://registry.npmjs.org/lucide-react/-/lucide-react-1.21.0.tgz 52632ms (cache miss)
3572 http fetch GET 200 https://registry.npmjs.org/@hugeicons/core-free-icons/-/core-free-icons-3.3.0.tgz 59142ms (cache miss)
3573 http fetch GET 200 https://registry.npmjs.org/next/-/next-16.2.9.tgz 77826ms (cache miss)
3574 info run sharp@0.34.5 install node_modules/sharp node install/check.js || npm run build
3575 info run sharp@0.34.5 install { code: 0, signal: null }
3576 info run esbuild@0.25.12 postinstall node_modules/esbuild node install.js
3577 info run msw@2.14.6 postinstall node_modules/msw node -e "import('./config/scripts/postinstall.js').catch(() => void 0)"
3578 info run esbuild@0.28.1 postinstall node_modules/tsx/node_modules/esbuild node install.js
3579 info run esbuild@0.27.7 postinstall node_modules/vite/node_modules/esbuild node install.js
3580 info run esbuild@0.25.12 postinstall { code: 0, signal: null }
3581 info run msw@2.14.6 postinstall { code: 0, signal: null }
3582 info run esbuild@0.28.1 postinstall { code: 0, signal: null }
3583 info run esbuild@0.27.7 postinstall { code: 0, signal: null }
3584 silly ADD node_modules/zwitch
3585 silly ADD node_modules/zustand
3586 silly ADD node_modules/zod-validation-error
3587 silly ADD node_modules/zod-to-json-schema
3588 silly ADD node_modules/zod
3589 silly ADD node_modules/yoctocolors
3590 silly ADD node_modules/yocto-spinner
3591 silly ADD node_modules/yocto-queue
3592 silly ADD node_modules/yargs-parser
3593 silly ADD node_modules/yargs
3594 silly ADD node_modules/yargs/node_modules/strip-ansi
3595 silly ADD node_modules/yargs/node_modules/string-width
3596 silly ADD node_modules/yargs/node_modules/emoji-regex
3597 silly ADD node_modules/yallist
3598 silly ADD node_modules/y18n
3599 silly ADD node_modules/xtend
3600 silly ADD node_modules/xmlchars
3601 silly ADD node_modules/xml-name-validator
3602 silly ADD node_modules/wsl-utils
3603 silly ADD node_modules/ws
3604 silly ADD node_modules/wrappy
3605 silly ADD node_modules/wrap-ansi-cjs
3606 silly ADD node_modules/wrap-ansi-cjs/node_modules/strip-ansi
3607 silly ADD node_modules/wrap-ansi-cjs/node_modules/string-width
3608 silly ADD node_modules/wrap-ansi-cjs/node_modules/emoji-regex
3609 silly ADD node_modules/wrap-ansi
3610 silly ADD node_modules/wrap-ansi/node_modules/ansi-styles
3611 silly ADD node_modules/word-wrap
3612 silly ADD node_modules/why-is-node-running
3613 silly ADD node_modules/which
3614 silly ADD node_modules/whatwg-url
3615 silly ADD node_modules/whatwg-mimetype
3616 silly ADD node_modules/webpack-virtual-modules
3617 silly ADD node_modules/webidl-conversions
3618 silly ADD node_modules/web-streams-polyfill
3619 silly ADD node_modules/web-namespaces
3620 silly ADD node_modules/w3c-xmlserializer
3621 silly ADD node_modules/vitest
3622 silly ADD node_modules/vitest/node_modules/tinyrainbow
3623 silly ADD node_modules/vitest/node_modules/estree-walker
3624 silly ADD node_modules/vitest/node_modules/chai
3625 silly ADD node_modules/vitest/node_modules/@vitest/utils
3626 silly ADD node_modules/vitest/node_modules/@vitest/spy
3627 silly ADD node_modules/vitest/node_modules/@vitest/pretty-format
3628 silly ADD node_modules/vitest/node_modules/@vitest/mocker
3629 silly ADD node_modules/vitest/node_modules/@vitest/expect
3630 silly ADD node_modules/vite
3631 silly ADD node_modules/vite/node_modules/postcss
3632 silly ADD node_modules/vite/node_modules/nanoid
3633 silly ADD node_modules/vite/node_modules/esbuild
3634 silly ADD node_modules/vite/node_modules/@esbuild/linux-x64
3635 silly ADD node_modules/vfile-message
3636 silly ADD node_modules/vfile-location
3637 silly ADD node_modules/vfile
3638 silly ADD node_modules/vary
3639 silly ADD node_modules/validate-npm-package-name
3640 silly ADD node_modules/uuid
3641 silly ADD node_modules/util-deprecate
3642 silly ADD node_modules/use-sync-external-store
3643 silly ADD node_modules/use-stick-to-bottom
3644 silly ADD node_modules/use-sidecar
3645 silly ADD node_modules/use-debounce
3646 silly ADD node_modules/use-callback-ref
3647 silly ADD node_modules/uri-js
3648 silly ADD node_modules/update-browserslist-db
3649 silly ADD node_modules/until-async
3650 silly ADD node_modules/unplugin
3651 silly ADD node_modules/unpipe
3652 silly ADD node_modules/universalify
3653 silly ADD node_modules/unist-util-visit-parents
3654 silly ADD node_modules/unist-util-visit
3655 silly ADD node_modules/unist-util-stringify-position
3656 silly ADD node_modules/unist-util-remove-position
3657 silly ADD node_modules/unist-util-position
3658 silly ADD node_modules/unist-util-is
3659 silly ADD node_modules/unist-util-find-after
3660 silly ADD node_modules/unified
3661 silly ADD node_modules/unicorn-magic
3662 silly ADD node_modules/undici-types
3663 silly ADD node_modules/undici
3664 silly ADD node_modules/uc.micro
3665 silly ADD node_modules/typescript-eslint
3666 silly ADD node_modules/typescript
3667 silly ADD node_modules/type-is
3668 silly ADD node_modules/type-is/node_modules/content-type
3669 silly ADD node_modules/type-fest
3670 silly ADD node_modules/type-check
3671 silly ADD node_modules/tw-animate-css
3672 silly ADD node_modules/tsx
3673 silly ADD node_modules/tsx/node_modules/esbuild
3674 silly ADD node_modules/tsx/node_modules/@esbuild/linux-x64
3675 silly ADD node_modules/tslib
3676 silly ADD node_modules/tsconfig-paths
3677 silly ADD node_modules/ts-morph
3678 silly ADD node_modules/ts-dedent
3679 silly ADD node_modules/ts-api-utils
3680 silly ADD node_modules/trough
3681 silly ADD node_modules/trim-lines
3682 silly ADD node_modules/tr46
3683 silly ADD node_modules/tough-cookie
3684 silly ADD node_modules/tokenlens
3685 silly ADD node_modules/toidentifier
3686 silly ADD node_modules/to-regex-range
3687 silly ADD node_modules/tldts-core
3688 silly ADD node_modules/tldts
3689 silly ADD node_modules/tinyspy
3690 silly ADD node_modules/tinyrainbow
3691 silly ADD node_modules/tinyglobby
3692 silly ADD node_modules/tinyexec
3693 silly ADD node_modules/tinybench
3694 silly ADD node_modules/tiny-invariant
3695 silly ADD node_modules/tapable
3696 silly ADD node_modules/tailwindcss
3697 silly ADD node_modules/tailwind-merge
3698 silly ADD node_modules/tagged-tag
3699 silly ADD node_modules/systeminformation
3700 silly ADD node_modules/symbol-tree
3701 silly ADD node_modules/supports-preserve-symlinks-flag
3702 silly ADD node_modules/supports-color
3703 silly ADD node_modules/stylis
3704 silly ADD node_modules/styled-jsx
3705 silly ADD node_modules/style-to-object
3706 silly ADD node_modules/style-to-js
3707 silly ADD node_modules/strip-json-comments
3708 silly ADD node_modules/strip-indent
3709 silly ADD node_modules/strip-final-newline
3710 silly ADD node_modules/strip-bom
3711 silly ADD node_modules/strip-ansi-cjs
3712 silly ADD node_modules/strip-ansi
3713 silly ADD node_modules/strip-ansi/node_modules/ansi-regex
3714 silly ADD node_modules/stringify-object
3715 silly ADD node_modules/stringify-object/node_modules/is-obj
3716 silly ADD node_modules/stringify-entities
3717 silly ADD node_modules/string-width-cjs
3718 silly ADD node_modules/string-width-cjs/node_modules/strip-ansi
3719 silly ADD node_modules/string-width-cjs/node_modules/emoji-regex
3720 silly ADD node_modules/string-width
3721 silly ADD node_modules/strict-event-emitter
3722 silly ADD node_modules/streamdown
3723 silly ADD node_modules/streamdown/node_modules/marked
3724 silly ADD node_modules/storybook
3725 silly ADD node_modules/storybook/node_modules/semver
3726 silly ADD node_modules/stdin-discarder
3727 silly ADD node_modules/std-env
3728 silly ADD node_modules/statuses
3729 silly ADD node_modules/stackback
3730 silly ADD node_modules/space-separated-tokens
3731 silly ADD node_modules/source-map-js
3732 silly ADD node_modules/source-map
3733 silly ADD node_modules/sonner
3734 silly ADD node_modules/sisteransi
3735 silly ADD node_modules/signal-exit
3736 silly ADD node_modules/sigma
3737 silly ADD node_modules/siginfo
3738 silly ADD node_modules/side-channel-weakmap
3739 silly ADD node_modules/side-channel-map
3740 silly ADD node_modules/side-channel-list
3741 silly ADD node_modules/side-channel
3742 silly ADD node_modules/shiki
3743 silly ADD node_modules/shebang-regex
3744 silly ADD node_modules/shebang-command
3745 silly ADD node_modules/sharp
3746 silly ADD node_modules/sharp/node_modules/semver
3747 silly ADD node_modules/shadcn
3748 silly ADD node_modules/shadcn/node_modules/zod
3749 silly ADD node_modules/shadcn/node_modules/postcss-selector-parser
3750 silly ADD node_modules/shadcn/node_modules/postcss
3751 silly ADD node_modules/shadcn/node_modules/nanoid
3752 silly ADD node_modules/shadcn/node_modules/commander
3753 silly ADD node_modules/setprototypeof
3754 silly ADD node_modules/set-cookie-parser
3755 silly ADD node_modules/serve-static
3756 silly ADD node_modules/send
3757 silly ADD node_modules/semver
3758 silly ADD node_modules/scheduler
3759 silly ADD node_modules/saxes
3760 silly ADD node_modules/safer-buffer
3761 silly ADD node_modules/rw
3762 silly ADD node_modules/run-parallel
3763 silly ADD node_modules/run-applescript
3764 silly ADD node_modules/router
3765 silly ADD node_modules/roughjs
3766 silly ADD node_modules/rollup
3767 silly ADD node_modules/robust-predicates
3768 silly ADD node_modules/reusify
3769 silly ADD node_modules/rettime
3770 silly ADD node_modules/restore-cursor
3771 silly ADD node_modules/restore-cursor/node_modules/onetime
3772 silly ADD node_modules/resolve-from
3773 silly ADD node_modules/resolve
3774 silly ADD node_modules/reselect
3775 silly ADD node_modules/require-from-string
3776 silly ADD node_modules/require-directory
3777 silly ADD node_modules/remend
3778 silly ADD node_modules/remark-stringify
3779 silly ADD node_modules/remark-rehype
3780 silly ADD node_modules/remark-parse
3781 silly ADD node_modules/remark-math
3782 silly ADD node_modules/remark-gfm
3783 silly ADD node_modules/remark-cjk-friendly-gfm-strikethrough
3784 silly ADD node_modules/remark-cjk-friendly
3785 silly ADD node_modules/rehype-sanitize
3786 silly ADD node_modules/rehype-raw
3787 silly ADD node_modules/rehype-katex
3788 silly ADD node_modules/rehype-highlight
3789 silly ADD node_modules/rehype-highlight/node_modules/lowlight
3790 silly ADD node_modules/rehype-highlight/node_modules/highlight.js
3791 silly ADD node_modules/rehype-harden
3792 silly ADD node_modules/regex-utilities
3793 silly ADD node_modules/regex-recursion
3794 silly ADD node_modules/regex
3795 silly ADD node_modules/refractor
3796 silly ADD node_modules/refractor/node_modules/prismjs
3797 silly ADD node_modules/refractor/node_modules/parse-entities
3798 silly ADD node_modules/refractor/node_modules/is-hexadecimal
3799 silly ADD node_modules/refractor/node_modules/is-decimal
3800 silly ADD node_modules/refractor/node_modules/is-alphanumerical
3801 silly ADD node_modules/refractor/node_modules/is-alphabetical
3802 silly ADD node_modules/refractor/node_modules/character-reference-invalid
3803 silly ADD node_modules/refractor/node_modules/character-entities-legacy
3804 silly ADD node_modules/refractor/node_modules/character-entities
3805 silly ADD node_modules/redent
3806 silly ADD node_modules/redent/node_modules/strip-indent
3807 silly ADD node_modules/recast
3808 silly ADD node_modules/react-virtualized-auto-sizer
3809 silly ADD node_modules/react-syntax-highlighter
3810 silly ADD node_modules/react-style-singleton
3811 silly ADD node_modules/react-router-dom
3812 silly ADD node_modules/react-router
3813 silly ADD node_modules/react-router/node_modules/cookie
3814 silly ADD node_modules/react-remove-scroll-bar
3815 silly ADD node_modules/react-remove-scroll
3816 silly ADD node_modules/react-refresh
3817 silly ADD node_modules/react-markdown
3818 silly ADD node_modules/react-jsx-parser
3819 silly ADD node_modules/react-jsx-parser/node_modules/@types/react-dom
3820 silly ADD node_modules/react-jsx-parser/node_modules/@types/react
3821 silly ADD node_modules/react-is
3822 silly ADD node_modules/react-dom
3823 silly ADD node_modules/react-docgen-typescript
3824 silly ADD node_modules/react-docgen
3825 silly ADD node_modules/react
3826 silly ADD node_modules/raw-body
3827 silly ADD node_modules/range-parser
3828 silly ADD node_modules/radix-ui
3829 silly ADD node_modules/queue-microtask
3830 silly ADD node_modules/qs
3831 silly ADD node_modules/punycode
3832 silly ADD node_modules/proxy-addr
3833 silly ADD node_modules/property-information
3834 silly ADD node_modules/prompts
3835 silly ADD node_modules/prompts/node_modules/kleur
3836 silly ADD node_modules/prismjs
3837 silly ADD node_modules/pretty-ms
3838 silly ADD node_modules/pretty-format
3839 silly ADD node_modules/pretty-format/node_modules/ansi-styles
3840 silly ADD node_modules/prettier
3841 silly ADD node_modules/prelude-ls
3842 silly ADD node_modules/powershell-utils
3843 silly ADD node_modules/postcss-selector-parser
3844 silly ADD node_modules/postcss
3845 silly ADD node_modules/postcss/node_modules/nanoid
3846 silly ADD node_modules/points-on-path
3847 silly ADD node_modules/points-on-curve
3848 silly ADD node_modules/pkg-up
3849 silly ADD node_modules/pkg-up/node_modules/path-exists
3850 silly ADD node_modules/pkg-up/node_modules/p-locate
3851 silly ADD node_modules/pkg-up/node_modules/p-limit
3852 silly ADD node_modules/pkg-up/node_modules/locate-path
3853 silly ADD node_modules/pkg-up/node_modules/find-up
3854 silly ADD node_modules/pkce-challenge
3855 silly ADD node_modules/picomatch
3856 silly ADD node_modules/picocolors
3857 silly ADD node_modules/pathval
3858 silly ADD node_modules/pathe
3859 silly ADD node_modules/path-to-regexp
3860 silly ADD node_modules/path-scurry
3861 silly ADD node_modules/path-scurry/node_modules/lru-cache
3862 silly ADD node_modules/path-parse
3863 silly ADD node_modules/path-key
3864 silly ADD node_modules/path-exists
3865 silly ADD node_modules/path-data-parser
3866 silly ADD node_modules/path-browserify
3867 silly ADD node_modules/parseurl
3868 silly ADD node_modules/parse5
3869 silly ADD node_modules/parse-ms
3870 silly ADD node_modules/parse-json
3871 silly ADD node_modules/parse-entities
3872 silly ADD node_modules/parse-entities/node_modules/@types/unist
3873 silly ADD node_modules/parent-module
3874 silly ADD node_modules/pandemonium
3875 silly ADD node_modules/package-manager-detector
3876 silly ADD node_modules/package-json-from-dist
3877 silly ADD node_modules/p-try
3878 silly ADD node_modules/p-locate
3879 silly ADD node_modules/p-limit
3880 silly ADD node_modules/outvariant
3881 silly ADD node_modules/ora
3882 silly ADD node_modules/ora/node_modules/string-width
3883 silly ADD node_modules/ora/node_modules/emoji-regex
3884 silly ADD node_modules/ora/node_modules/chalk
3885 silly ADD node_modules/optionator
3886 silly ADD node_modules/open
3887 silly ADD node_modules/oniguruma-to-es
3888 silly ADD node_modules/oniguruma-parser
3889 silly ADD node_modules/onetime
3890 silly ADD node_modules/onetime/node_modules/mimic-fn
3891 silly ADD node_modules/once
3892 silly ADD node_modules/on-finished
3893 silly ADD node_modules/obug
3894 silly ADD node_modules/obliterator
3895 silly ADD node_modules/object-treeify
3896 silly ADD node_modules/object-inspect
3897 silly ADD node_modules/object-assign
3898 silly ADD node_modules/npm-run-path
3899 silly ADD node_modules/npm-run-path/node_modules/unicorn-magic
3900 silly ADD node_modules/npm-run-path/node_modules/path-key
3901 silly ADD node_modules/node-releases
3902 silly ADD node_modules/node-fetch
3903 silly ADD node_modules/node-domexception
3904 silly ADD node_modules/next
3905 silly ADD node_modules/negotiator
3906 silly ADD node_modules/natural-compare
3907 silly ADD node_modules/nanoid
3908 silly ADD node_modules/mute-stream
3909 silly ADD node_modules/msw
3910 silly ADD node_modules/msw/node_modules/path-to-regexp
3911 silly ADD node_modules/msw/node_modules/cookie
3912 silly ADD node_modules/ms
3913 silly ADD node_modules/motion-utils
3914 silly ADD node_modules/motion-dom
3915 silly ADD node_modules/motion
3916 silly ADD node_modules/mnemonist
3917 silly ADD node_modules/minipass
3918 silly ADD node_modules/minimist
3919 silly ADD node_modules/minimatch
3920 silly ADD node_modules/min-indent
3921 silly ADD node_modules/mimic-function
3922 silly ADD node_modules/mimic-fn
3923 silly ADD node_modules/mime-types
3924 silly ADD node_modules/mime-db
3925 silly ADD node_modules/micromatch
3926 silly ADD node_modules/micromatch/node_modules/picomatch
3927 silly ADD node_modules/micromark-util-types
3928 silly ADD node_modules/micromark-util-symbol
3929 silly ADD node_modules/micromark-util-subtokenize
3930 silly ADD node_modules/micromark-util-sanitize-uri
3931 silly ADD node_modules/micromark-util-resolve-all
3932 silly ADD node_modules/micromark-util-normalize-identifier
3933 silly ADD node_modules/micromark-util-html-tag-name
3934 silly ADD node_modules/micromark-util-encode
3935 silly ADD node_modules/micromark-util-decode-string
3936 silly ADD node_modules/micromark-util-decode-numeric-character-reference
3937 silly ADD node_modules/micromark-util-combine-extensions
3938 silly ADD node_modules/micromark-util-classify-character
3939 silly ADD node_modules/micromark-util-chunked
3940 silly ADD node_modules/micromark-util-character
3941 silly ADD node_modules/micromark-factory-whitespace
3942 silly ADD node_modules/micromark-factory-title
3943 silly ADD node_modules/micromark-factory-space
3944 silly ADD node_modules/micromark-factory-label
3945 silly ADD node_modules/micromark-factory-destination
3946 silly ADD node_modules/micromark-extension-math
3947 silly ADD node_modules/micromark-extension-gfm-task-list-item
3948 silly ADD node_modules/micromark-extension-gfm-tagfilter
3949 silly ADD node_modules/micromark-extension-gfm-table
3950 silly ADD node_modules/micromark-extension-gfm-strikethrough
3951 silly ADD node_modules/micromark-extension-gfm-footnote
3952 silly ADD node_modules/micromark-extension-gfm-autolink-literal
3953 silly ADD node_modules/micromark-extension-gfm
3954 silly ADD node_modules/micromark-extension-cjk-friendly-util
3955 silly ADD node_modules/micromark-extension-cjk-friendly-gfm-strikethrough
3956 silly ADD node_modules/micromark-extension-cjk-friendly
3957 silly ADD node_modules/micromark-core-commonmark
3958 silly ADD node_modules/micromark
3959 silly ADD node_modules/mermaid
3960 silly ADD node_modules/merge2
3961 silly ADD node_modules/merge-stream
3962 silly ADD node_modules/merge-descriptors
3963 silly ADD node_modules/media-typer
3964 silly ADD node_modules/media-chrome
3965 silly ADD node_modules/mdn-data
3966 silly ADD node_modules/mdast-util-to-string
3967 silly ADD node_modules/mdast-util-to-markdown-cjk-friendly-gfm-strikethrough
3968 silly ADD node_modules/mdast-util-to-markdown-cjk-friendly
3969 silly ADD node_modules/mdast-util-to-markdown
3970 silly ADD node_modules/mdast-util-to-hast
3971 silly ADD node_modules/mdast-util-phrasing
3972 silly ADD node_modules/mdast-util-mdxjs-esm
3973 silly ADD node_modules/mdast-util-mdx-jsx
3974 silly ADD node_modules/mdast-util-mdx-expression
3975 silly ADD node_modules/mdast-util-math
3976 silly ADD node_modules/mdast-util-gfm-task-list-item
3977 silly ADD node_modules/mdast-util-gfm-table
3978 silly ADD node_modules/mdast-util-gfm-strikethrough
3979 silly ADD node_modules/mdast-util-gfm-footnote
3980 silly ADD node_modules/mdast-util-gfm-autolink-literal
3981 silly ADD node_modules/mdast-util-gfm
3982 silly ADD node_modules/mdast-util-from-markdown
3983 silly ADD node_modules/mdast-util-find-and-replace
3984 silly ADD node_modules/mdast-util-find-and-replace/node_modules/escape-string-regexp
3985 silly ADD node_modules/math-intrinsics
3986 silly ADD node_modules/marked
3987 silly ADD node_modules/markdown-table
3988 silly ADD node_modules/magic-string
3989 silly ADD node_modules/lz-string
3990 silly ADD node_modules/lucide-react
3991 silly ADD node_modules/lru-cache
3992 silly ADD node_modules/lowlight
3993 silly ADD node_modules/loupe
3994 silly ADD node_modules/longest-streak
3995 silly ADD node_modules/log-symbols
3996 silly ADD node_modules/log-symbols/node_modules/is-unicode-supported
3997 silly ADD node_modules/log-symbols/node_modules/chalk
3998 silly ADD node_modules/lodash.merge
3999 silly ADD node_modules/lodash-es
4000 silly ADD node_modules/lodash
4001 silly ADD node_modules/locate-path
4002 silly ADD node_modules/linkify-it
4003 silly ADD node_modules/lines-and-columns
4004 silly ADD node_modules/lightningcss-linux-x64-gnu
4005 silly ADD node_modules/lightningcss
4006 silly ADD node_modules/levn
4007 silly ADD node_modules/layout-base
4008 silly ADD node_modules/kleur
4009 silly ADD node_modules/khroma
4010 silly ADD node_modules/keyv
4011 silly ADD node_modules/katex
4012 silly ADD node_modules/jsonfile
4013 silly ADD node_modules/json5
4014 silly ADD node_modules/json-stable-stringify-without-jsonify
4015 silly ADD node_modules/json-schema-typed
4016 silly ADD node_modules/json-schema-traverse
4017 silly ADD node_modules/json-schema-to-typescript
4018 silly ADD node_modules/json-schema
4019 silly ADD node_modules/json-parse-even-better-errors
4020 silly ADD node_modules/json-buffer
4021 silly ADD node_modules/jsesc
4022 silly ADD node_modules/jsdom
4023 silly ADD node_modules/jsdom/node_modules/mdn-data
4024 silly ADD node_modules/jsdom/node_modules/lru-cache
4025 silly ADD node_modules/jsdom/node_modules/css-tree
4026 silly ADD node_modules/jsdom/node_modules/@csstools/css-syntax-patches-for-csstree
4027 silly ADD node_modules/js-yaml
4028 silly ADD node_modules/js-tokens
4029 silly ADD node_modules/jose
4030 silly ADD node_modules/jiti
4031 silly ADD node_modules/jackspeak
4032 silly ADD node_modules/isexe
4033 silly ADD node_modules/is-wsl
4034 silly ADD node_modules/is-unicode-supported
4035 silly ADD node_modules/is-stream
4036 silly ADD node_modules/is-regexp
4037 silly ADD node_modules/is-promise
4038 silly ADD node_modules/is-potential-custom-element-name
4039 silly ADD node_modules/is-plain-obj
4040 silly ADD node_modules/is-obj
4041 silly ADD node_modules/is-number
4042 silly ADD node_modules/is-node-process
4043 silly ADD node_modules/is-interactive
4044 silly ADD node_modules/is-inside-container
4045 silly ADD node_modules/is-in-ssh
4046 silly ADD node_modules/is-hexadecimal
4047 silly ADD node_modules/is-glob
4048 silly ADD node_modules/is-fullwidth-code-point
4049 silly ADD node_modules/is-extglob
4050 silly ADD node_modules/is-docker
4051 silly ADD node_modules/is-decimal
4052 silly ADD node_modules/is-core-module
4053 silly ADD node_modules/is-arrayish
4054 silly ADD node_modules/is-alphanumerical
4055 silly ADD node_modules/is-alphabetical
4056 silly ADD node_modules/ipaddr.js
4057 silly ADD node_modules/ip-address
4058 silly ADD node_modules/internmap
4059 silly ADD node_modules/inline-style-parser
4060 silly ADD node_modules/inherits
4061 silly ADD node_modules/indent-string
4062 silly ADD node_modules/imurmurhash
4063 silly ADD node_modules/import-meta-resolve
4064 silly ADD node_modules/import-fresh
4065 silly ADD node_modules/ignore
4066 silly ADD node_modules/iconv-lite
4067 silly ADD node_modules/human-signals
4068 silly ADD node_modules/https-proxy-agent
4069 silly ADD node_modules/http-errors
4070 silly ADD node_modules/html-void-elements
4071 silly ADD node_modules/html-url-attributes
4072 silly ADD node_modules/html-encoding-sniffer
4073 silly ADD node_modules/hono
4074 silly ADD node_modules/highlightjs-vue
4075 silly ADD node_modules/highlight.js
4076 silly ADD node_modules/hermes-parser
4077 silly ADD node_modules/hermes-estree
4078 silly ADD node_modules/headers-polyfill
4079 silly ADD node_modules/headers-polyfill/node_modules/set-cookie-parser
4080 silly ADD node_modules/hastscript
4081 silly ADD node_modules/hastscript/node_modules/space-separated-tokens
4082 silly ADD node_modules/hastscript/node_modules/property-information
4083 silly ADD node_modules/hastscript/node_modules/comma-separated-tokens
4084 silly ADD node_modules/hastscript/node_modules/@types/unist
4085 silly ADD node_modules/hastscript/node_modules/@types/hast
4086 silly ADD node_modules/hast-util-whitespace
4087 silly ADD node_modules/hast-util-to-text
4088 silly ADD node_modules/hast-util-to-parse5
4089 silly ADD node_modules/hast-util-to-jsx-runtime
4090 silly ADD node_modules/hast-util-to-html
4091 silly ADD node_modules/hast-util-sanitize
4092 silly ADD node_modules/hast-util-raw
4093 silly ADD node_modules/hast-util-raw/node_modules/parse5
4094 silly ADD node_modules/hast-util-raw/node_modules/entities
4095 silly ADD node_modules/hast-util-parse-selector
4096 silly ADD node_modules/hast-util-is-element
4097 silly ADD node_modules/hast-util-from-parse5
4098 silly ADD node_modules/hast-util-from-parse5/node_modules/hastscript
4099 silly ADD node_modules/hast-util-from-parse5/node_modules/hast-util-parse-selector
4100 silly ADD node_modules/hast-util-from-html-isomorphic
4101 silly ADD node_modules/hast-util-from-html
4102 silly ADD node_modules/hast-util-from-html/node_modules/parse5
4103 silly ADD node_modules/hast-util-from-html/node_modules/entities
4104 silly ADD node_modules/hast-util-from-dom
4105 silly ADD node_modules/hast-util-from-dom/node_modules/hastscript
4106 silly ADD node_modules/hast-util-from-dom/node_modules/hast-util-parse-selector
4107 silly ADD node_modules/hasown
4108 silly ADD node_modules/has-symbols
4109 silly ADD node_modules/has-flag
4110 silly ADD node_modules/hachure-fill
4111 silly ADD node_modules/graphql
4112 silly ADD node_modules/graphology-utils
4113 silly ADD node_modules/graphology-types
4114 silly ADD node_modules/graphology-layout-noverlap
4115 silly ADD node_modules/graphology-layout-forceatlas2
4116 silly ADD node_modules/graphology-indices
4117 silly ADD node_modules/graphology-communities-louvain
4118 silly ADD node_modules/graphology
4119 silly ADD node_modules/graceful-fs
4120 silly ADD node_modules/gopd
4121 silly ADD node_modules/globals
4122 silly ADD node_modules/glob-parent
4123 silly ADD node_modules/glob
4124 silly ADD node_modules/glob/node_modules/minimatch
4125 silly ADD node_modules/glob/node_modules/brace-expansion
4126 silly ADD node_modules/get-stream
4127 silly ADD node_modules/get-proto
4128 silly ADD node_modules/get-own-enumerable-keys
4129 silly ADD node_modules/get-nonce
4130 silly ADD node_modules/get-intrinsic
4131 silly ADD node_modules/get-east-asian-width
4132 silly ADD node_modules/get-caller-file
4133 silly ADD node_modules/gensync
4134 silly ADD node_modules/geist
4135 silly ADD node_modules/fzf
4136 silly ADD node_modules/fuzzysort
4137 silly ADD node_modules/function-bind
4138 silly ADD node_modules/fs-extra
4139 silly ADD node_modules/fresh
4140 silly ADD node_modules/framer-motion
4141 silly ADD node_modules/forwarded
4142 silly ADD node_modules/formdata-polyfill
4143 silly ADD node_modules/format
4144 silly ADD node_modules/foreground-child
4145 silly ADD node_modules/flatted
4146 silly ADD node_modules/flat-cache
4147 silly ADD node_modules/find-up
4148 silly ADD node_modules/finalhandler
4149 silly ADD node_modules/fill-range
4150 silly ADD node_modules/file-entry-cache
4151 silly ADD node_modules/figures
4152 silly ADD node_modules/fetch-blob
4153 silly ADD node_modules/fdir
4154 silly ADD node_modules/fault
4155 silly ADD node_modules/fastq
4156 silly ADD node_modules/fast-wrap-ansi
4157 silly ADD node_modules/fast-uri
4158 silly ADD node_modules/fast-string-width
4159 silly ADD node_modules/fast-string-truncated-width
4160 silly ADD node_modules/fast-levenshtein
4161 silly ADD node_modules/fast-json-stable-stringify
4162 silly ADD node_modules/fast-glob
4163 silly ADD node_modules/fast-glob/node_modules/glob-parent
4164 silly ADD node_modules/fast-deep-equal
4165 silly ADD node_modules/extend
4166 silly ADD node_modules/express-rate-limit
4167 silly ADD node_modules/express
4168 silly ADD node_modules/expect-type
4169 silly ADD node_modules/execa
4170 silly ADD node_modules/eventsource-parser
4171 silly ADD node_modules/eventsource
4172 silly ADD node_modules/events
4173 silly ADD node_modules/etag
4174 silly ADD node_modules/esutils
4175 silly ADD node_modules/estree-walker
4176 silly ADD node_modules/estree-util-is-identifier-name
4177 silly ADD node_modules/estraverse
4178 silly ADD node_modules/esrecurse
4179 silly ADD node_modules/esquery
4180 silly ADD node_modules/esprima
4181 silly ADD node_modules/espree
4182 silly ADD node_modules/eslint-visitor-keys
4183 silly ADD node_modules/eslint-scope
4184 silly ADD node_modules/eslint-plugin-storybook
4185 silly ADD node_modules/eslint-plugin-react-refresh
4186 silly ADD node_modules/eslint-plugin-react-hooks
4187 silly ADD node_modules/eslint
4188 silly ADD node_modules/eslint/node_modules/yocto-queue
4189 silly ADD node_modules/eslint/node_modules/path-exists
4190 silly ADD node_modules/eslint/node_modules/p-locate
4191 silly ADD node_modules/eslint/node_modules/p-limit
4192 silly ADD node_modules/eslint/node_modules/locate-path
4193 silly ADD node_modules/eslint/node_modules/json-schema-traverse
4194 silly ADD node_modules/eslint/node_modules/find-up
4195 silly ADD node_modules/eslint/node_modules/ajv
4196 silly ADD node_modules/escape-string-regexp
4197 silly ADD node_modules/escape-html
4198 silly ADD node_modules/escape-carriage
4199 silly ADD node_modules/escalade
4200 silly ADD node_modules/esbuild-register
4201 silly ADD node_modules/esbuild
4202 silly ADD node_modules/es-toolkit
4203 silly ADD node_modules/es-object-atoms
4204 silly ADD node_modules/es-module-lexer
4205 silly ADD node_modules/es-errors
4206 silly ADD node_modules/es-define-property
4207 silly ADD node_modules/error-ex
4208 silly ADD node_modules/env-paths
4209 silly ADD node_modules/entities
4210 silly ADD node_modules/enquirer
4211 silly ADD node_modules/enquirer/node_modules/strip-ansi
4212 silly ADD node_modules/enhanced-resolve
4213 silly ADD node_modules/encodeurl
4214 silly ADD node_modules/emoji-regex
4215 silly ADD node_modules/embla-carousel-reactive-utils
4216 silly ADD node_modules/embla-carousel-react
4217 silly ADD node_modules/embla-carousel
4218 silly ADD node_modules/elkjs
4219 silly ADD node_modules/electron-to-chromium
4220 silly ADD node_modules/ee-first
4221 silly ADD node_modules/eciesjs
4222 silly ADD node_modules/eastasianwidth
4223 silly ADD node_modules/dunder-proto
4224 silly ADD node_modules/dotenv
4225 silly ADD node_modules/dot-prop
4226 silly ADD node_modules/dompurify
4227 silly ADD node_modules/dom-accessibility-api
4228 silly ADD node_modules/doctrine
4229 silly ADD node_modules/diff
4230 silly ADD node_modules/devlop
4231 silly ADD node_modules/detect-node-es
4232 silly ADD node_modules/detect-libc
4233 silly ADD node_modules/dequal
4234 silly ADD node_modules/depd
4235 silly ADD node_modules/delaunator
4236 silly ADD node_modules/define-lazy-prop
4237 silly ADD node_modules/default-browser-id
4238 silly ADD node_modules/default-browser
4239 silly ADD node_modules/deepmerge
4240 silly ADD node_modules/deep-is
4241 silly ADD node_modules/deep-eql
4242 silly ADD node_modules/dedent
4243 silly ADD node_modules/decode-named-character-reference
4244 silly ADD node_modules/decimal.js
4245 silly ADD node_modules/debug
4246 silly ADD node_modules/debounce-fn
4247 silly ADD node_modules/dayjs
4248 silly ADD node_modules/data-urls
4249 silly ADD node_modules/data-uri-to-buffer
4250 silly ADD node_modules/dagre-d3-es
4251 silly ADD node_modules/d3-zoom
4252 silly ADD node_modules/d3-transition
4253 silly ADD node_modules/d3-timer
4254 silly ADD node_modules/d3-time-format
4255 silly ADD node_modules/d3-time
4256 silly ADD node_modules/d3-shape
4257 silly ADD node_modules/d3-selection
4258 silly ADD node_modules/d3-scale-chromatic
4259 silly ADD node_modules/d3-scale
4260 silly ADD node_modules/d3-scale/node_modules/d3-time
4261 silly ADD node_modules/d3-sankey
4262 silly ADD node_modules/d3-sankey/node_modules/internmap
4263 silly ADD node_modules/d3-sankey/node_modules/d3-shape
4264 silly ADD node_modules/d3-sankey/node_modules/d3-path
4265 silly ADD node_modules/d3-sankey/node_modules/d3-array
4266 silly ADD node_modules/d3-random
4267 silly ADD node_modules/d3-quadtree
4268 silly ADD node_modules/d3-polygon
4269 silly ADD node_modules/d3-path
4270 silly ADD node_modules/d3-interpolate
4271 silly ADD node_modules/d3-hierarchy
4272 silly ADD node_modules/d3-geo
4273 silly ADD node_modules/d3-format
4274 silly ADD node_modules/d3-force
4275 silly ADD node_modules/d3-fetch
4276 silly ADD node_modules/d3-ease
4277 silly ADD node_modules/d3-dsv
4278 silly ADD node_modules/d3-dsv/node_modules/iconv-lite
4279 silly ADD node_modules/d3-dsv/node_modules/commander
4280 silly ADD node_modules/d3-drag
4281 silly ADD node_modules/d3-dispatch
4282 silly ADD node_modules/d3-delaunay
4283 silly ADD node_modules/d3-contour
4284 silly ADD node_modules/d3-color
4285 silly ADD node_modules/d3-chord
4286 silly ADD node_modules/d3-brush
4287 silly ADD node_modules/d3-axis
4288 silly ADD node_modules/d3-array
4289 silly ADD node_modules/d3
4290 silly ADD node_modules/d3/node_modules/d3-time-format
4291 silly ADD node_modules/d3/node_modules/d3-time
4292 silly ADD node_modules/d3/node_modules/d3-format
4293 silly ADD node_modules/cytoscape-fcose
4294 silly ADD node_modules/cytoscape-fcose/node_modules/layout-base
4295 silly ADD node_modules/cytoscape-fcose/node_modules/cose-base
4296 silly ADD node_modules/cytoscape-cose-bilkent
4297 silly ADD node_modules/cytoscape
4298 silly ADD node_modules/csstype
4299 silly ADD node_modules/cssesc
4300 silly ADD node_modules/css.escape
4301 silly ADD node_modules/css-tree
4302 silly ADD node_modules/cross-spawn
4303 silly ADD node_modules/cosmiconfig
4304 silly ADD node_modules/cose-base
4305 silly ADD node_modules/cors
4306 silly ADD node_modules/cookie-signature
4307 silly ADD node_modules/cookie
4308 silly ADD node_modules/convert-source-map
4309 silly ADD node_modules/content-type
4310 silly ADD node_modules/content-disposition
4311 silly ADD node_modules/conf
4312 silly ADD node_modules/conf/node_modules/semver
4313 silly ADD node_modules/conf/node_modules/json-schema-typed
4314 silly ADD node_modules/conf/node_modules/ajv-formats
4315 silly ADD node_modules/concat-map
4316 silly ADD node_modules/commander
4317 silly ADD node_modules/comma-separated-tokens
4318 silly ADD node_modules/color-name
4319 silly ADD node_modules/color-convert
4320 silly ADD node_modules/code-block-writer
4321 silly ADD node_modules/cmdk
4322 silly ADD node_modules/clsx
4323 silly ADD node_modules/cliui
4324 silly ADD node_modules/cliui/node_modules/wrap-ansi
4325 silly ADD node_modules/cliui/node_modules/strip-ansi
4326 silly ADD node_modules/cliui/node_modules/string-width
4327 silly ADD node_modules/cliui/node_modules/emoji-regex
4328 silly ADD node_modules/client-only
4329 silly ADD node_modules/cli-width
4330 silly ADD node_modules/cli-spinners
4331 silly ADD node_modules/cli-cursor
4332 silly ADD node_modules/classcat
4333 silly ADD node_modules/class-variance-authority
4334 silly ADD node_modules/check-error
4335 silly ADD node_modules/character-reference-invalid
4336 silly ADD node_modules/character-entities-legacy
4337 silly ADD node_modules/character-entities-html4
4338 silly ADD node_modules/character-entities
4339 silly ADD node_modules/chalk
4340 silly ADD node_modules/chai
4341 silly ADD node_modules/ce-la-react
4342 silly ADD node_modules/ccount
4343 silly ADD node_modules/caniuse-lite
4344 silly ADD node_modules/callsites
4345 silly ADD node_modules/call-bound
4346 silly ADD node_modules/call-bind-apply-helpers
4347 silly ADD node_modules/bytes
4348 silly ADD node_modules/bundle-name
4349 silly ADD node_modules/browserslist
4350 silly ADD node_modules/braces
4351 silly ADD node_modules/brace-expansion
4352 silly ADD node_modules/body-parser
4353 silly ADD node_modules/body-parser/node_modules/content-type
4354 silly ADD node_modules/bidi-js
4355 silly ADD node_modules/better-opn
4356 silly ADD node_modules/better-opn/node_modules/open
4357 silly ADD node_modules/better-opn/node_modules/is-wsl
4358 silly ADD node_modules/better-opn/node_modules/is-docker
4359 silly ADD node_modules/better-opn/node_modules/define-lazy-prop
4360 silly ADD node_modules/baseline-browser-mapping
4361 silly ADD node_modules/balanced-match
4362 silly ADD node_modules/bail
4363 silly ADD node_modules/axe-core
4364 silly ADD node_modules/atomically
4365 silly ADD node_modules/ast-types
4366 silly ADD node_modules/assertion-error
4367 silly ADD node_modules/aria-query
4368 silly ADD node_modules/aria-hidden
4369 silly ADD node_modules/argparse
4370 silly ADD node_modules/ansis
4371 silly ADD node_modules/ansi-to-react
4372 silly ADD node_modules/ansi-styles
4373 silly ADD node_modules/ansi-regex
4374 silly ADD node_modules/ansi-colors
4375 silly ADD node_modules/anser
4376 silly ADD node_modules/ajv-formats
4377 silly ADD node_modules/ajv
4378 silly ADD node_modules/ai
4379 silly ADD node_modules/agent-base
4380 silly ADD node_modules/acorn-jsx
4381 silly ADD node_modules/acorn
4382 silly ADD node_modules/accepts
4383 silly ADD node_modules/@xyflow/system
4384 silly ADD node_modules/@xyflow/react
4385 silly ADD node_modules/@xyflow/react/node_modules/zustand
4386 silly ADD node_modules/@vitest/utils
4387 silly ADD node_modules/@vitest/spy
4388 silly ADD node_modules/@vitest/snapshot
4389 silly ADD node_modules/@vitest/snapshot/node_modules/tinyrainbow
4390 silly ADD node_modules/@vitest/snapshot/node_modules/@vitest/utils
4391 silly ADD node_modules/@vitest/snapshot/node_modules/@vitest/pretty-format
4392 silly ADD node_modules/@vitest/runner
4393 silly ADD node_modules/@vitest/runner/node_modules/tinyrainbow
4394 silly ADD node_modules/@vitest/runner/node_modules/@vitest/utils
4395 silly ADD node_modules/@vitest/runner/node_modules/@vitest/pretty-format
4396 silly ADD node_modules/@vitest/pretty-format
4397 silly ADD node_modules/@vitest/mocker
4398 silly ADD node_modules/@vitest/mocker/node_modules/estree-walker
4399 silly ADD node_modules/@vitest/expect
4400 silly ADD node_modules/@vitejs/plugin-react
4401 silly ADD node_modules/@vercel/oidc
4402 silly ADD node_modules/@upsetjs/venn.js
4403 silly ADD node_modules/@ungap/structured-clone
4404 silly ADD node_modules/@typescript-eslint/visitor-keys
4405 silly ADD node_modules/@typescript-eslint/visitor-keys/node_modules/eslint-visitor-keys
4406 silly ADD node_modules/@typescript-eslint/utils
4407 silly ADD node_modules/@typescript-eslint/typescript-estree
4408 silly ADD node_modules/@typescript-eslint/typescript-estree/node_modules/semver
4409 silly ADD node_modules/@typescript-eslint/typescript-estree/node_modules/minimatch
4410 silly ADD node_modules/@typescript-eslint/typescript-estree/node_modules/brace-expansion
4411 silly ADD node_modules/@typescript-eslint/typescript-estree/node_modules/balanced-match
4412 silly ADD node_modules/@typescript-eslint/types
4413 silly ADD node_modules/@typescript-eslint/type-utils
4414 silly ADD node_modules/@typescript-eslint/tsconfig-utils
4415 silly ADD node_modules/@typescript-eslint/scope-manager
4416 silly ADD node_modules/@typescript-eslint/project-service
4417 silly ADD node_modules/@typescript-eslint/parser
4418 silly ADD node_modules/@typescript-eslint/eslint-plugin
4419 silly ADD node_modules/@typescript-eslint/eslint-plugin/node_modules/ignore
4420 silly ADD node_modules/@types/validate-npm-package-name
4421 silly ADD node_modules/@types/unist
4422 silly ADD node_modules/@types/trusted-types
4423 silly ADD node_modules/@types/statuses
4424 silly ADD node_modules/@types/set-cookie-parser
4425 silly ADD node_modules/@types/resolve
4426 silly ADD node_modules/@types/react-syntax-highlighter
4427 silly ADD node_modules/@types/react-router-dom
4428 silly ADD node_modules/@types/react-router
4429 silly ADD node_modules/@types/react-dom
4430 silly ADD node_modules/@types/react
4431 silly ADD node_modules/@types/prop-types
4432 silly ADD node_modules/@types/node
4433 silly ADD node_modules/@types/ms
4434 silly ADD node_modules/@types/mdx
4435 silly ADD node_modules/@types/mdast
4436 silly ADD node_modules/@types/lodash
4437 silly ADD node_modules/@types/katex
4438 silly ADD node_modules/@types/json-schema
4439 silly ADD node_modules/@types/history
4440 silly ADD node_modules/@types/hast
4441 silly ADD node_modules/@types/geojson
4442 silly ADD node_modules/@types/estree-jsx
4443 silly ADD node_modules/@types/estree
4444 silly ADD node_modules/@types/dompurify
4445 silly ADD node_modules/@types/doctrine
4446 silly ADD node_modules/@types/deep-eql
4447 silly ADD node_modules/@types/debug
4448 silly ADD node_modules/@types/d3-zoom
4449 silly ADD node_modules/@types/d3-transition
4450 silly ADD node_modules/@types/d3-timer
4451 silly ADD node_modules/@types/d3-time-format
4452 silly ADD node_modules/@types/d3-time
4453 silly ADD node_modules/@types/d3-shape
4454 silly ADD node_modules/@types/d3-selection
4455 silly ADD node_modules/@types/d3-scale-chromatic
4456 silly ADD node_modules/@types/d3-scale
4457 silly ADD node_modules/@types/d3-random
4458 silly ADD node_modules/@types/d3-quadtree
4459 silly ADD node_modules/@types/d3-polygon
4460 silly ADD node_modules/@types/d3-path
4461 silly ADD node_modules/@types/d3-interpolate
4462 silly ADD node_modules/@types/d3-hierarchy
4463 silly ADD node_modules/@types/d3-geo
4464 silly ADD node_modules/@types/d3-format
4465 silly ADD node_modules/@types/d3-force
4466 silly ADD node_modules/@types/d3-fetch
4467 silly ADD node_modules/@types/d3-ease
4468 silly ADD node_modules/@types/d3-dsv
4469 silly ADD node_modules/@types/d3-drag
4470 silly ADD node_modules/@types/d3-dispatch
4471 silly ADD node_modules/@types/d3-delaunay
4472 silly ADD node_modules/@types/d3-contour
4473 silly ADD node_modules/@types/d3-color
4474 silly ADD node_modules/@types/d3-chord
4475 silly ADD node_modules/@types/d3-brush
4476 silly ADD node_modules/@types/d3-axis
4477 silly ADD node_modules/@types/d3-array
4478 silly ADD node_modules/@types/d3
4479 silly ADD node_modules/@types/chai
4480 silly ADD node_modules/@types/babel__traverse
4481 silly ADD node_modules/@types/babel__template
4482 silly ADD node_modules/@types/babel__generator
4483 silly ADD node_modules/@types/babel__core
4484 silly ADD node_modules/@types/aria-query
4485 silly ADD node_modules/@ts-morph/common
4486 silly ADD node_modules/@ts-morph/common/node_modules/minimatch
4487 silly ADD node_modules/@ts-morph/common/node_modules/brace-expansion
4488 silly ADD node_modules/@ts-morph/common/node_modules/balanced-match
4489 silly ADD node_modules/@tokenlens/models
4490 silly ADD node_modules/@tokenlens/helpers
4491 silly ADD node_modules/@tokenlens/fetch
4492 silly ADD node_modules/@tokenlens/core
4493 silly ADD node_modules/@testing-library/user-event
4494 silly ADD node_modules/@testing-library/react
4495 silly ADD node_modules/@testing-library/jest-dom
4496 silly ADD node_modules/@testing-library/jest-dom/node_modules/dom-accessibility-api
4497 silly ADD node_modules/@testing-library/dom
4498 silly ADD node_modules/@tanstack/react-query
4499 silly ADD node_modules/@tanstack/query-core
4500 silly ADD node_modules/@tailwindcss/vite
4501 silly ADD node_modules/@tailwindcss/typography
4502 silly ADD node_modules/@tailwindcss/oxide-linux-x64-gnu
4503 silly ADD node_modules/@tailwindcss/oxide
4504 silly ADD node_modules/@tailwindcss/node
4505 silly ADD node_modules/@swc/helpers
4506 silly ADD node_modules/@streamdown/mermaid
4507 silly ADD node_modules/@streamdown/math
4508 silly ADD node_modules/@streamdown/code
4509 silly ADD node_modules/@streamdown/code/node_modules/shiki
4510 silly ADD node_modules/@streamdown/code/node_modules/@shikijs/types
4511 silly ADD node_modules/@streamdown/code/node_modules/@shikijs/themes
4512 silly ADD node_modules/@streamdown/code/node_modules/@shikijs/langs
4513 silly ADD node_modules/@streamdown/code/node_modules/@shikijs/engine-oniguruma
4514 silly ADD node_modules/@streamdown/code/node_modules/@shikijs/engine-javascript
4515 silly ADD node_modules/@streamdown/code/node_modules/@shikijs/core
4516 silly ADD node_modules/@streamdown/cjk
4517 silly ADD node_modules/@storybook/react-vite
4518 silly ADD node_modules/@storybook/react-dom-shim
4519 silly ADD node_modules/@storybook/react
4520 silly ADD node_modules/@storybook/icons
4521 silly ADD node_modules/@storybook/global
4522 silly ADD node_modules/@storybook/csf-plugin
4523 silly ADD node_modules/@storybook/builder-vite
4524 silly ADD node_modules/@storybook/addon-links
4525 silly ADD node_modules/@storybook/addon-docs
4526 silly ADD node_modules/@storybook/addon-a11y
4527 silly ADD node_modules/@standard-schema/spec
4528 silly ADD node_modules/@sindresorhus/merge-streams
4529 silly ADD node_modules/@sigma/edge-curve
4530 silly ADD node_modules/@shikijs/vscode-textmate
4531 silly ADD node_modules/@shikijs/types
4532 silly ADD node_modules/@shikijs/themes
4533 silly ADD node_modules/@shikijs/primitive
4534 silly ADD node_modules/@shikijs/langs
4535 silly ADD node_modules/@shikijs/engine-oniguruma
4536 silly ADD node_modules/@shikijs/engine-javascript
4537 silly ADD node_modules/@shikijs/core
4538 silly ADD node_modules/@sec-ant/readable-stream
4539 silly ADD node_modules/@rollup/rollup-linux-x64-gnu
4540 silly ADD node_modules/@rollup/pluginutils
4541 silly ADD node_modules/@rolldown/pluginutils
4542 silly ADD node_modules/@rive-app/webgl2
4543 silly ADD node_modules/@rive-app/react-webgl2
4544 silly ADD node_modules/@react-spring/web
4545 silly ADD node_modules/@react-spring/types
4546 silly ADD node_modules/@react-spring/shared
4547 silly ADD node_modules/@react-spring/rafz
4548 silly ADD node_modules/@react-spring/core
4549 silly ADD node_modules/@react-spring/animated
4550 silly ADD node_modules/@radix-ui/rect
4551 silly ADD node_modules/@radix-ui/react-visually-hidden
4552 silly ADD node_modules/@radix-ui/react-use-size
4553 silly ADD node_modules/@radix-ui/react-use-rect
4554 silly ADD node_modules/@radix-ui/react-use-previous
4555 silly ADD node_modules/@radix-ui/react-use-layout-effect
4556 silly ADD node_modules/@radix-ui/react-use-is-hydrated
4557 silly ADD node_modules/@radix-ui/react-use-escape-keydown
4558 silly ADD node_modules/@radix-ui/react-use-effect-event
4559 silly ADD node_modules/@radix-ui/react-use-controllable-state
4560 silly ADD node_modules/@radix-ui/react-use-callback-ref
4561 silly ADD node_modules/@radix-ui/react-tooltip
4562 silly ADD node_modules/@radix-ui/react-toolbar
4563 silly ADD node_modules/@radix-ui/react-toggle-group
4564 silly ADD node_modules/@radix-ui/react-toggle
4565 silly ADD node_modules/@radix-ui/react-toast
4566 silly ADD node_modules/@radix-ui/react-tabs
4567 silly ADD node_modules/@radix-ui/react-switch
4568 silly ADD node_modules/@radix-ui/react-slot
4569 silly ADD node_modules/@radix-ui/react-slider
4570 silly ADD node_modules/@radix-ui/react-separator
4571 silly ADD node_modules/@radix-ui/react-select
4572 silly ADD node_modules/@radix-ui/react-scroll-area
4573 silly ADD node_modules/@radix-ui/react-roving-focus
4574 silly ADD node_modules/@radix-ui/react-radio-group
4575 silly ADD node_modules/@radix-ui/react-progress
4576 silly ADD node_modules/@radix-ui/react-primitive
4577 silly ADD node_modules/@radix-ui/react-presence
4578 silly ADD node_modules/@radix-ui/react-portal
4579 silly ADD node_modules/@radix-ui/react-popper
4580 silly ADD node_modules/@radix-ui/react-popover
4581 silly ADD node_modules/@radix-ui/react-password-toggle-field
4582 silly ADD node_modules/@radix-ui/react-one-time-password-field
4583 silly ADD node_modules/@radix-ui/react-navigation-menu
4584 silly ADD node_modules/@radix-ui/react-menubar
4585 silly ADD node_modules/@radix-ui/react-menu
4586 silly ADD node_modules/@radix-ui/react-label
4587 silly ADD node_modules/@radix-ui/react-id
4588 silly ADD node_modules/@radix-ui/react-hover-card
4589 silly ADD node_modules/@radix-ui/react-form
4590 silly ADD node_modules/@radix-ui/react-focus-scope
4591 silly ADD node_modules/@radix-ui/react-focus-guards
4592 silly ADD node_modules/@radix-ui/react-dropdown-menu
4593 silly ADD node_modules/@radix-ui/react-dismissable-layer
4594 silly ADD node_modules/@radix-ui/react-direction
4595 silly ADD node_modules/@radix-ui/react-dialog
4596 silly ADD node_modules/@radix-ui/react-context-menu
4597 silly ADD node_modules/@radix-ui/react-context
4598 silly ADD node_modules/@radix-ui/react-compose-refs
4599 silly ADD node_modules/@radix-ui/react-collection
4600 silly ADD node_modules/@radix-ui/react-collapsible
4601 silly ADD node_modules/@radix-ui/react-checkbox
4602 silly ADD node_modules/@radix-ui/react-avatar
4603 silly ADD node_modules/@radix-ui/react-aspect-ratio
4604 silly ADD node_modules/@radix-ui/react-arrow
4605 silly ADD node_modules/@radix-ui/react-alert-dialog
4606 silly ADD node_modules/@radix-ui/react-accordion
4607 silly ADD node_modules/@radix-ui/react-accessible-icon
4608 silly ADD node_modules/@radix-ui/primitive
4609 silly ADD node_modules/@radix-ui/number
4610 silly ADD node_modules/@pkgjs/parseargs
4611 silly ADD node_modules/@opentelemetry/api
4612 silly ADD node_modules/@open-draft/until
4613 silly ADD node_modules/@open-draft/logger
4614 silly ADD node_modules/@open-draft/deferred-promise
4615 silly ADD node_modules/@nodelib/fs.walk
4616 silly ADD node_modules/@nodelib/fs.stat
4617 silly ADD node_modules/@nodelib/fs.scandir
4618 silly ADD node_modules/@noble/hashes
4619 silly ADD node_modules/@noble/curves
4620 silly ADD node_modules/@noble/ciphers
4621 silly ADD node_modules/@nivo/voronoi
4622 silly ADD node_modules/@nivo/tooltip
4623 silly ADD node_modules/@nivo/theming
4624 silly ADD node_modules/@nivo/text
4625 silly ADD node_modules/@nivo/scales
4626 silly ADD node_modules/@nivo/scales/node_modules/@types/d3-time-format
4627 silly ADD node_modules/@nivo/radar
4628 silly ADD node_modules/@nivo/line
4629 silly ADD node_modules/@nivo/legends
4630 silly ADD node_modules/@nivo/core
4631 silly ADD node_modules/@nivo/colors
4632 silly ADD node_modules/@nivo/canvas
4633 silly ADD node_modules/@nivo/bar
4634 silly ADD node_modules/@nivo/axes
4635 silly ADD node_modules/@nivo/annotations
4636 silly ADD node_modules/@next/swc-linux-x64-gnu
4637 silly ADD node_modules/@next/env
4638 silly ADD node_modules/@mswjs/interceptors
4639 silly ADD node_modules/@mswjs/interceptors/node_modules/@open-draft/deferred-promise
4640 silly ADD node_modules/@modelcontextprotocol/sdk
4641 silly ADD node_modules/@mermaid-js/parser
4642 silly ADD node_modules/@mdx-js/react
4643 silly ADD node_modules/@jsdevtools/ono
4644 silly ADD node_modules/@jridgewell/trace-mapping
4645 silly ADD node_modules/@jridgewell/sourcemap-codec
4646 silly ADD node_modules/@jridgewell/resolve-uri
4647 silly ADD node_modules/@jridgewell/remapping
4648 silly ADD node_modules/@jridgewell/gen-mapping
4649 silly ADD node_modules/@joshwooding/vite-plugin-react-docgen-typescript
4650 silly ADD node_modules/@isaacs/cliui
4651 silly ADD node_modules/@inquirer/type
4652 silly ADD node_modules/@inquirer/figures
4653 silly ADD node_modules/@inquirer/core
4654 silly ADD node_modules/@inquirer/confirm
4655 silly ADD node_modules/@inquirer/ansi
4656 silly ADD node_modules/@img/sharp-linux-x64
4657 silly ADD node_modules/@img/sharp-libvips-linux-x64
4658 silly ADD node_modules/@img/colour
4659 silly ADD node_modules/@iconify/utils
4660 silly ADD node_modules/@iconify/types
4661 silly ADD node_modules/@humanwhocodes/retry
4662 silly ADD node_modules/@humanwhocodes/module-importer
4663 silly ADD node_modules/@humanfs/types
4664 silly ADD node_modules/@humanfs/node
4665 silly ADD node_modules/@humanfs/core
4666 silly ADD node_modules/@hugeicons/react
4667 silly ADD node_modules/@hugeicons/core-free-icons
4668 silly ADD node_modules/@hono/node-server
4669 silly ADD node_modules/@fontsource-variable/geist-mono
4670 silly ADD node_modules/@fontsource-variable/geist
4671 silly ADD node_modules/@floating-ui/utils
4672 silly ADD node_modules/@floating-ui/react-dom
4673 silly ADD node_modules/@floating-ui/dom
4674 silly ADD node_modules/@floating-ui/core
4675 silly ADD node_modules/@exodus/bytes
4676 silly ADD node_modules/@eslint/plugin-kit
4677 silly ADD node_modules/@eslint/object-schema
4678 silly ADD node_modules/@eslint/js
4679 silly ADD node_modules/@eslint/eslintrc
4680 silly ADD node_modules/@eslint/eslintrc/node_modules/json-schema-traverse
4681 silly ADD node_modules/@eslint/eslintrc/node_modules/globals
4682 silly ADD node_modules/@eslint/eslintrc/node_modules/ajv
4683 silly ADD node_modules/@eslint/core
4684 silly ADD node_modules/@eslint/config-helpers
4685 silly ADD node_modules/@eslint/config-array
4686 silly ADD node_modules/@eslint-community/regexpp
4687 silly ADD node_modules/@eslint-community/eslint-utils
4688 silly ADD node_modules/@eslint-community/eslint-utils/node_modules/eslint-visitor-keys
4689 silly ADD node_modules/@esbuild/linux-x64
4690 silly ADD node_modules/@ecies/ciphers
4691 silly ADD node_modules/@dotenvx/dotenvx
4692 silly ADD node_modules/@dotenvx/dotenvx/node_modules/which
4693 silly ADD node_modules/@dotenvx/dotenvx/node_modules/strip-final-newline
4694 silly ADD node_modules/@dotenvx/dotenvx/node_modules/signal-exit
4695 silly ADD node_modules/@dotenvx/dotenvx/node_modules/open
4696 silly ADD node_modules/@dotenvx/dotenvx/node_modules/npm-run-path
4697 silly ADD node_modules/@dotenvx/dotenvx/node_modules/isexe
4698 silly ADD node_modules/@dotenvx/dotenvx/node_modules/is-wsl
4699 silly ADD node_modules/@dotenvx/dotenvx/node_modules/is-stream
4700 silly ADD node_modules/@dotenvx/dotenvx/node_modules/is-docker
4701 silly ADD node_modules/@dotenvx/dotenvx/node_modules/human-signals
4702 silly ADD node_modules/@dotenvx/dotenvx/node_modules/get-stream
4703 silly ADD node_modules/@dotenvx/dotenvx/node_modules/execa
4704 silly ADD node_modules/@dotenvx/dotenvx/node_modules/define-lazy-prop
4705 silly ADD node_modules/@dotenvx/dotenvx/node_modules/commander
4706 silly ADD node_modules/@csstools/css-tokenizer
4707 silly ADD node_modules/@csstools/css-parser-algorithms
4708 silly ADD node_modules/@csstools/css-color-parser
4709 silly ADD node_modules/@csstools/css-calc
4710 silly ADD node_modules/@csstools/color-helpers
4711 silly ADD node_modules/@chevrotain/types
4712 silly ADD node_modules/@bramus/specificity
4713 silly ADD node_modules/@braintree/sanitize-url
4714 silly ADD node_modules/@base-ui/utils
4715 silly ADD node_modules/@base-ui/react
4716 silly ADD node_modules/@babel/types
4717 silly ADD node_modules/@babel/traverse
4718 silly ADD node_modules/@babel/template
4719 silly ADD node_modules/@babel/runtime
4720 silly ADD node_modules/@babel/preset-typescript
4721 silly ADD node_modules/@babel/plugin-transform-typescript
4722 silly ADD node_modules/@babel/plugin-transform-react-jsx-source
4723 silly ADD node_modules/@babel/plugin-transform-react-jsx-self
4724 silly ADD node_modules/@babel/plugin-transform-modules-commonjs
4725 silly ADD node_modules/@babel/plugin-syntax-typescript
4726 silly ADD node_modules/@babel/plugin-syntax-jsx
4727 silly ADD node_modules/@babel/parser
4728 silly ADD node_modules/@babel/helpers
4729 silly ADD node_modules/@babel/helper-validator-option
4730 silly ADD node_modules/@babel/helper-validator-identifier
4731 silly ADD node_modules/@babel/helper-string-parser
4732 silly ADD node_modules/@babel/helper-skip-transparent-expression-wrappers
4733 silly ADD node_modules/@babel/helper-replace-supers
4734 silly ADD node_modules/@babel/helper-plugin-utils
4735 silly ADD node_modules/@babel/helper-optimise-call-expression
4736 silly ADD node_modules/@babel/helper-module-transforms
4737 silly ADD node_modules/@babel/helper-module-imports
4738 silly ADD node_modules/@babel/helper-member-expression-to-functions
4739 silly ADD node_modules/@babel/helper-globals
4740 silly ADD node_modules/@babel/helper-create-class-features-plugin
4741 silly ADD node_modules/@babel/helper-compilation-targets
4742 silly ADD node_modules/@babel/helper-annotate-as-pure
4743 silly ADD node_modules/@babel/generator
4744 silly ADD node_modules/@babel/core
4745 silly ADD node_modules/@babel/compat-data
4746 silly ADD node_modules/@babel/code-frame
4747 silly ADD node_modules/@asamuzakjp/nwsapi
4748 silly ADD node_modules/@asamuzakjp/generational-cache
4749 silly ADD node_modules/@asamuzakjp/dom-selector
4750 silly ADD node_modules/@asamuzakjp/dom-selector/node_modules/mdn-data
4751 silly ADD node_modules/@asamuzakjp/dom-selector/node_modules/css-tree
4752 silly ADD node_modules/@asamuzakjp/css-color
4753 silly ADD node_modules/@apidevtools/json-schema-ref-parser
4754 silly ADD node_modules/@antfu/ni
4755 silly ADD node_modules/@antfu/install-pkg
4756 silly ADD node_modules/@ai-sdk/provider-utils
4757 silly ADD node_modules/@ai-sdk/provider
4758 silly ADD node_modules/@ai-sdk/gateway
4759 silly ADD node_modules/@adobe/css-tools
4760 warn allow-scripts 5 packages have install scripts not yet covered by allowScripts:
4760 warn allow-scripts   esbuild@0.25.12 (postinstall: node install.js)
4760 warn allow-scripts   msw@2.14.6 (postinstall: node -e "import('./config/scripts/postinstall.js').catch(() => void 0)")
4760 warn allow-scripts   sharp@0.34.5 (install: node install/check.js || npm run build)
4760 warn allow-scripts   esbuild@0.28.1 (postinstall: node install.js)
4760 warn allow-scripts   esbuild@0.27.7 (postinstall: node install.js)
4760 warn allow-scripts
4760 warn allow-scripts Run `npm approve-scripts --allow-scripts-pending` to review, or `npm approve-scripts <pkg>` to allow.
4761 verbose cwd /workspace/.tmp0kFeCW/ui
4762 verbose os Linux 6.8.0-124-generic
4763 verbose node v26.3.1
4764 verbose npm  v11.16.0
4765 notice
4765 notice New minor version of npm available! 11.16.0 -> 11.17.0
4765 notice Changelog: https://github.com/npm/cli/releases/tag/v11.17.0
4765 notice To update run: npm install -g npm@11.17.0
4765 notice  { force: true, Symbol(proc-log.meta): true }
4766 verbose exit 0
4767 info ok
